episode,reward,steps,epsilon,success,policy_loss,value_loss,entropy,total_loss,mean_advantage,approx_kl_mean,clip_frac_mean,ratio_mean,ratio_std,v_mean,v_std,raw_adv_mean,raw_adv_std,raw_adv_min,raw_adv_max,returns_mean,returns_std,values_old_mean,values_old_std,explained_variance
1,5.549999999999886,450,0.0,False,0.13734333217144012,0.0629662573337555,1.165757417678833,0.16824358701705933,-0.5736925005912781,0.00696260342374444,0.015625,0.9941446259617805,0.03974533220753074,4.01730215549469,0.7744142189621925,-0.5736925005912781,0.5350380539894104,-2.543242931365967,2.3475699424743652,3.765989303588867,0.9238268136978149,4.339682102203369,0.7670300602912903,0.6645805835723877
2,21.868000000000006,132,0.0,True,-0.5674828290939331,0.9610103964805603,1.2807707786560059,-0.08761801570653915,1.7339234352111816,-0.0038540152211984,0.0,1.0039212902386982,0.009679300555338463,3.826865832010905,0.5776645864049593,1.7339234352111816,2.7484419345855713,-0.6236581802368164,9.539589881896973,5.644191265106201,3.0376343727111816,3.9102678298950195,0.8053075671195984,0.18134278059005737
3,9.549999999999876,450,0.0,False,0.43363597989082336,0.06894899159669876,1.210740327835083,0.4675050973892212,-0.18454839289188385,-0.008871245896443725,0.146484375,1.014685496687889,0.09420933434739709,3.2270937860012054,0.685909740626812,-0.18454839289188385,0.9953295588493347,-2.4105279445648193,5.048962116241455,3.2532732486724854,1.1604102849960327,3.437821626663208,0.7853147983551025,0.2642832398414612
4,-0.45000000000000034,450,0.0,False,0.9056004285812378,0.05400203913450241,1.0242698192596436,0.9320893287658691,-0.9006935358047485,0.0006979620084166527,0.001953125,0.9996980428695679,0.024799076141789556,5.009461224079132,0.1714414432644844,-0.9006935358047485,0.20993952453136444,-1.7884635925292969,-0.05459165573120117,4.511752605438232,0.13131308555603027,5.412446022033691,0.1950494945049286,-1.5560669898986816
5,5.549999999999985,450,0.0,False,0.7295153141021729,0.0009325399296358228,1.1628108024597168,0.7294002175331116,-0.4750193953514099,-0.008027601055800915,0.1171875,1.013578400015831,0.09940818417817354,3.358235239982605,0.3813111372292042,-0.4750193953514099,0.5190411806106567,-1.4821581840515137,2.6461799144744873,3.382260322570801,0.6880099773406982,3.8572797775268555,0.5030096173286438,0.43086665868759155
6,21.783999999999992,216,0.0,True,-0.541774570941925,1.193360686302185,1.1714850664138794,0.05432002991437912,0.9210277795791626,0.000884133085492067,0.0,0.999242752790451,0.015036234632134438,3.2030075788497925,1.06788669526577,0.9210277795791626,1.6253306865692139,-0.8507816195487976,6.438683032989502,4.105553150177002,2.1502022743225098,3.1845247745513916,1.1142696142196655,0.42862021923065186
7,5.549999999999869,450,0.0,False,0.45182085037231445,0.014547501690685749,1.1385152339935303,0.4585253596305847,-0.247568741440773,-0.0014400024665519595,0.0,1.0017281621694565,0.02200214483309537,2.4494608640670776,0.6588255167007446,-0.247568741440773,0.5751070976257324,-2.554656744003296,3.0486128330230713,2.375843048095703,0.9740997552871704,2.6234118938446045,0.7051257491111755,0.6514295339584351
8,21.590999999999987,409,0.0,True,-0.08491463214159012,0.4081698954105377,1.1329476833343506,0.11860384047031403,0.1525183618068695,0.0025243969368083136,0.007946428443704332,0.9986585548945835,0.047028527462056706,3.599595614842006,1.2830310549054826,0.1525183618068695,1.1719845533370972,-1.7831101417541504,5.73737907409668,3.7338171005249023,1.8703513145446777,3.581298351287842,1.2841942310333252,0.607357382774353
9,21.87100000000002,129,0.0,True,0.5766462683677673,0.25495877861976624,0.8593990802764893,0.7036959528923035,1.6613260507583618,0.0005429678906997045,0.0,0.9994816581408182,0.005513869846860568,3.930701812108358,0.39039884010950726,1.6613260507583618,1.754616141319275,-0.716801106929779,7.644282341003418,5.27935266494751,1.8930503129959106,3.6180267333984375,0.5793399810791016,0.14090752601623535
10,5.549999999999909,450,0.0,False,0.2299794852733612,0.013985320925712585,1.2469196319580078,0.2363486886024475,-0.1646137237548828,0.00785138935316354,0.01953125,0.9943086206912994,0.06323182675987482,1.8872571289539337,0.9115235358476639,-0.1646137237548828,0.4209137260913849,-1.7943503856658936,2.401444673538208,1.9078861474990845,1.048769474029541,2.072499990463257,0.94752436876297,0.8389257192611694
11,21.85100000000003,149,0.0,True,-1.4468715190887451,1.9356577396392822,1.0866587162017822,-0.4795859754085541,1.3753031492233276,-0.0005592378244424859,0.0,1.0005924701690674,0.007990436938901743,3.8136630853017173,0.5971043705940247,1.3753031492233276,1.694602131843567,-1.0808237791061401,7.933045387268066,5.150249004364014,1.8551380634307861,3.7749452590942383,0.5931859016418457,0.16558325290679932
12,21.849000000000018,151,0.0,True,-1.907778263092041,2.924177885055542,1.0426568984985352,-0.446210652589798,1.3744524717330933,-0.0008362454051772753,0.0,1.0009502569834392,0.014403487866123518,4.006115198135376,0.733725368976593,1.3744524717330933,1.4611598253250122,-0.6730532646179199,6.2874603271484375,5.279918670654297,1.745909333229065,3.905466318130493,0.720632016658783,0.29959040880203247
13,5.5499999999999305,450,0.0,False,0.3954952359199524,0.012349162250757217,1.3459241390228271,0.4009968638420105,-0.3036058843135834,-0.0005225858185440302,0.0,1.0011516585946083,0.03134076134301722,2.682332366704941,0.6877104118466377,-0.3036058843135834,0.530968427658081,-1.5032747983932495,3.092512607574463,2.5954091548919678,0.8860893845558167,2.899015188217163,0.7960366606712341,0.6409273147583008
14,21.825999999999986,174,0.0,True,-0.7964777946472168,1.6555938720703125,1.0199185609817505,0.030809182673692703,0.9501878619194031,-0.0016607958047340314,0.0,1.0017283360163372,0.010958146303892136,4.233808199564616,1.0469082991282146,0.9501878619194031,1.8196097612380981,-1.8894308805465698,7.224761009216309,5.192228317260742,2.1341841220855713,4.242040157318115,1.0519425868988037,0.27306973934173584
15,21.78099999999996,219,0.0,True,-0.3748144209384918,1.433486819267273,1.0969685316085815,0.3413805067539215,0.8556796908378601,-0.0008505857549607754,0.0,1.001194104552269,0.024712366983294487,3.1837453842163086,0.9700109362602234,0.8556796908378601,2.0715949535369873,-1.7749137878417969,9.377603530883789,3.932692766189575,2.389190196990967,3.0770132541656494,0.9777158498764038,0.24818968772888184
16,21.916000000000007,84,0.0,True,-2.8083226680755615,7.184764862060547,0.9730345010757446,0.7835732698440552,2.8156614303588867,-0.005954915191978216,0.0,1.006162166595459,0.01832140376791358,4.8403565883636475,0.5490847826004028,2.8156614303588867,2.4588687419891357,-0.15826138854026794,9.593650817871094,7.503428936004639,2.6957178115844727,4.687767505645752,0.5440841317176819,0.16800284385681152
17,21.838000000000008,162,0.0,True,-1.033312439918518,1.4020159244537354,1.1405171155929565,-0.33287474513053894,1.4839340448379517,0.002352023003671396,0.0,0.9979502161343893,0.023511289308468502,3.2582741578420005,1.1111105680465698,1.4839340448379517,1.7752556800842285,-0.9906899333000183,6.578549385070801,4.621510028839111,2.140988349914551,3.13757586479187,1.100813865661621,0.3124675154685974
18,5.549999999999873,450,0.0,False,0.8025317788124084,0.2390478551387787,0.8280802965164185,0.9216417074203491,-0.29802295565605164,0.0008226924110203981,0.0,0.9996328875422478,0.026280986610800028,2.5524072349071503,0.5707388371229172,-0.29802295565605164,0.45867887139320374,-2.0800981521606445,2.1435797214508057,2.362499952316284,0.8433082699775696,2.6605231761932373,0.6100864410400391,0.7041683197021484
19,21.92000000000001,80,0.0,True,-3.4545822143554688,8.446803092956543,0.9692939519882202,0.768334686756134,2.8543262481689453,0.0006122272461652756,0.0,0.999398410320282,0.004346096888184547,4.956984996795654,0.7912951707839966,2.8543262481689453,2.499429941177368,-0.07507093250751495,8.50422191619873,7.754438877105713,2.716370105743408,4.900113105773926,0.7184734344482422,0.15334975719451904
20,21.668999999999993,331,0.0,True,-0.3134732246398926,0.2969692349433899,1.1084444522857666,-0.1655428260564804,0.28833261132240295,-0.004852053709328175,0.0026041666666666665,1.0062408248583476,0.04735929984599352,3.6802719036738076,1.053052584330241,0.28833261132240295,1.3458054065704346,-1.9781887531280518,5.443452835083008,3.861692428588867,1.8978053331375122,3.5733602046966553,1.0632658004760742,0.497123658657074
21,5.5499999999999865,450,0.0,False,0.5168007016181946,0.0397612564265728,1.2365992069244385,0.5360630750656128,-0.2846021354198456,-0.00028610555455088615,0.0,1.0012888386845589,0.04240997601300478,2.6241194009780884,0.4738115631043911,-0.2846021354198456,0.4064105451107025,-1.7647936344146729,1.5751020908355713,2.560490846633911,0.6141583919525146,2.8450927734375,0.5653826594352722,0.5621057748794556
22,21.826000000000043,174,0.0,True,-0.7255308628082275,1.3867764472961426,0.9707014560699463,-0.03262798860669136,0.9363909363746643,-0.0007490747860477617,0.0,1.0008395910263062,0.012400701797256867,4.830513000488281,0.8029539585113525,0.9363909363746643,1.5974377393722534,-1.31541109085083,4.90273904800415,5.757136344909668,1.7953914403915405,4.820744514465332,0.8101060390472412,0.20835667848587036
23,21.59499999999993,405,0.0,True,0.2887435555458069,1.3545159101486206,1.1707381010055542,0.9654161334037781,0.23155194520950317,0.001922579515459282,0.006802721215145928,0.9987948877470834,0.03271255615566458,3.390221289225987,1.5228314910616194,0.23155194520950317,1.3585859537124634,-2.2078499794006348,6.93033504486084,3.4298999309539795,2.1613447666168213,3.198347806930542,1.5083256959915161,0.6048827171325684
24,21.655999999999953,344,0.0,True,-0.32743772864341736,0.8975278735160828,1.1954212188720703,0.120728500187397,0.3282880187034607,0.0007824241959800323,0.0,1.0000370840231578,0.03631282659868399,3.415434161822001,1.3018627961476643,0.3282880187034607,1.2990280389785767,-1.49863862991333,5.321314811706543,3.5275559425354004,2.13478422164917,3.199268341064453,1.2657016515731812,0.62972092628479
25,21.78699999999997,213,0.0,True,-0.8503137230873108,2.267423629760742,1.1347979307174683,0.28283068537712097,0.8330907225608826,0.003882596851326525,0.0,0.9967811107635498,0.03507727989926934,3.632020056247711,1.8259648382663727,0.8330907225608826,1.78997802734375,-1.8610281944274902,7.664993762969971,4.20231294631958,2.7033016681671143,3.3692221641540527,1.7895216941833496,0.5615638494491577
26,9.550000000000175,450,0.0,False,-1.7502212524414062,4.4877543449401855,1.023390531539917,0.4931442141532898,-0.5566263794898987,0.0012195936869829893,0.0,0.999052494764328,0.021026704809628427,5.901031255722046,0.7775893658399582,-0.5566263794898987,1.0954753160476685,-1.6791694164276123,4.426324367523193,5.5005998611450195,0.6898797154426575,6.057225704193115,0.8867877721786499,-1.5214965343475342
27,21.55200000000005,448,0.0,True,0.2650023102760315,0.8411434888839722,1.0493619441986084,0.6850493550300598,-0.22343803942203522,0.004048380468572889,0.08482142857142858,1.0023898312023707,0.11350795094455991,4.924180848257882,0.8843036890029907,-0.22343803942203522,1.3937901258468628,-2.186446189880371,5.3015031814575195,4.9922027587890625,1.7172197103500366,5.215640544891357,0.8553117513656616,0.3412160277366638
28,21.680999999999983,319,0.0,True,-0.08314172178506851,1.1137641668319702,1.0505988597869873,0.4732150733470917,-0.03693508356809616,7.611047476530075e-05,0.0,1.000358510017395,0.0292972132563591,5.473196029663086,0.9825509548187256,-0.03693508356809616,1.3304710388183594,-2.9316420555114746,4.735642433166504,5.479611873626709,1.675866723060608,5.516546249389648,0.9995172619819641,0.3697221875190735
29,0.5499999999999996,450,0.0,False,0.19142264127731323,0.20565636456012726,1.2462735176086426,0.29362767934799194,-0.5819396376609802,0.008395670913159847,0.095703125,1.00477334856987,0.16968960035592318,3.3527929484844208,0.3384324721992016,-0.5819396376609802,0.36499151587486267,-1.5525202751159668,0.8976795673370361,3.2058682441711426,0.3768976926803589,3.7878077030181885,0.3919934630393982,0.062182068824768066
30,-0.45000000000000034,450,0.0,False,0.380982369184494,0.03130931779742241,1.4168002605438232,0.39592862129211426,-0.3956473171710968,-0.001075327629223466,0.01171875,1.0041861236095428,0.07409079885110259,1.8889287263154984,0.18861438520252705,-0.3956473171710968,0.21146990358829498,-1.0382498502731323,0.06390330940485,1.9645609855651855,0.11270447075366974,2.36020827293396,0.21589991450309753,-2.5205814838409424
31,9.55000000000001,450,0.0,False,-0.2926762104034424,0.17950904369354248,1.181901216506958,-0.20351263880729675,0.006800164468586445,0.013967372011393309,0.076171875,0.9906954243779182,0.07801005570217967,2.334107607603073,0.45479295402765274,0.006800164468586445,0.7590866684913635,-1.180930256843567,4.346853256225586,2.294516086578369,0.7923343181610107,2.2877159118652344,0.5328532457351685,0.08216255903244019
32,21.824999999999978,175,0.0,True,-1.2464205026626587,2.174083709716797,1.1278239488601685,-0.15994255244731903,1.187925100326538,0.0011233151114235322,0.005208333333333333,1.000795304775238,0.059949097534020744,3.4077370961507163,0.9567892948786417,1.187925100326538,1.8249696493148804,-0.6727805137634277,7.6462249755859375,4.486396312713623,2.483935832977295,3.298471212387085,0.9621724486351013,0.46020275354385376
33,5.5499999999998995,450,0.0,False,-0.6225086450576782,1.1447772979736328,0.8347134590148926,-0.0505373515188694,-0.2554166316986084,0.005428603966720402,0.04296875,0.9987598583102226,0.08099079690873623,2.651674121618271,0.5229676961898804,-0.2554166316986084,0.5754743218421936,-1.726542353630066,3.2134501934051514,2.4701688289642334,0.8425847291946411,2.725585460662842,0.5304701328277588,0.5335289239883423
34,21.867000000000004,133,0.0,True,-1.3601168394088745,3.6162545680999756,1.204140543937683,0.44740837812423706,1.3891973495483398,0.005480863464375337,0.0,0.9948507944742838,0.02426023098329703,4.51769224802653,0.8703231612841288,1.3891973495483398,1.9192825555801392,-1.0221168994903564,6.365969657897949,5.900813579559326,1.929088830947876,4.511616230010986,0.9008943438529968,0.010140776634216309
35,21.705000000000062,295,0.0,True,-0.4542263150215149,1.0169216394424438,1.074206829071045,0.05369739979505539,0.5944855809211731,0.0022377181914635,0.0,0.9983299493789672,0.03325763754546642,3.4493831157684327,0.8268089890480042,0.5944855809211731,1.5103728771209717,-1.4393715858459473,6.989719867706299,3.768110990524292,1.687074899673462,3.1736257076263428,0.7782817482948303,0.19850724935531616
36,5.5499999999998595,450,0.0,False,0.43478941917419434,0.04051452875137329,1.1025066375732422,0.4544954299926758,-0.188715860247612,0.009022178477607667,0.0078125,0.9928972721099854,0.05621567880734801,1.801218569278717,0.4025334157049656,-0.188715860247612,0.6553395390510559,-1.8674845695495605,3.0711333751678467,1.7105737924575806,0.8146453499794006,1.899289608001709,0.43334051966667175,0.3528640866279602
37,21.714000000000013,286,0.0,True,-0.9268356561660767,1.4846906661987305,1.1995420455932617,-0.1850900948047638,0.7705296874046326,-0.00043031675741076467,0.0,1.0004973888397217,0.011116082035005092,2.3647817611694335,0.9402615308761597,0.7705296874046326,1.523997187614441,-1.333491563796997,6.721920490264893,3.1204800605773926,1.9873462915420532,2.3499505519866943,0.9323824644088745,0.4119405150413513
38,5.549999999999868,450,0.0,False,0.3792484402656555,0.013372677378356457,1.2808774709701538,0.3852943181991577,-0.2610187232494354,0.003871134133078158,0.013671875,0.99747034907341,0.04489886714145541,2.4044133722782135,0.5617251023650169,-0.2610187232494354,0.5346027612686157,-1.6118495464324951,2.438807964324951,2.362211227416992,0.9609997272491455,2.623229742050171,0.6344813108444214,0.690531849861145
39,21.584999999999965,415,0.0,True,-0.48523300886154175,1.2614991664886475,1.3088300228118896,0.14486216008663177,0.4305901527404785,-0.0019626256211527754,0.0,1.002176514693669,0.01860312611929008,2.30056061063494,0.785642785685403,0.4305901527404785,1.5304605960845947,-0.6981468200683594,8.337066650390625,2.6138288974761963,1.883256435394287,2.1832387447357178,0.7912852168083191,0.3395722508430481
40,21.760000000000005,240,0.0,True,-0.49506983160972595,0.7842670679092407,1.1540181636810303,-0.10351330786943436,0.6449872851371765,0.0013121211377438158,0.0,0.9987828433513641,0.013508240692317486,3.8566293716430664,1.4888326823711395,0.6449872851371765,1.462986946105957,-1.9542289972305298,6.029611110687256,4.351721286773682,2.142904043197632,3.7067341804504395,1.4713250398635864,0.5339038968086243
41,21.590999999999966,409,0.0,True,0.2921382188796997,0.35606664419174194,1.031712532043457,0.46965569257736206,-0.04701731353998184,0.0027641703241637777,0.027053571173122952,0.9995025992393494,0.062067504440035136,4.575081893375942,1.389185837336949,-0.04701731353998184,1.0626999139785767,-2.669152021408081,4.290766716003418,4.504337310791016,1.9057400226593018,4.55135440826416,1.337548851966858,0.6890475749969482
42,21.766999999999996,233,0.0,True,-0.4212551414966583,2.411831855773926,1.124259352684021,0.7840986847877502,0.21759463846683502,0.011278818361461163,0.00390625,0.9905796349048615,0.058521317318081856,5.902301907539368,0.44747763872146606,0.21759463846683502,1.8980761766433716,-1.6974155902862549,8.410521507263184,6.150353908538818,1.7785887718200684,5.9327592849731445,0.46898218989372253,-0.13887548446655273
43,21.709000000000024,291,0.0,True,0.12084018439054489,0.632494330406189,1.086836576461792,0.43654394149780273,0.252591073513031,0.0008563786745071411,0.015625,1.0012907981872559,0.06516455337405205,4.918756103515625,1.0335621118545533,0.252591073513031,1.3013575077056885,-1.2549525499343872,5.439357280731201,5.057928085327148,1.8210667371749878,4.805336952209473,1.0102249383926392,0.4893285632133484
44,21.636999999999947,363,0.0,True,-0.18901453912258148,0.5182574987411499,1.2019973993301392,0.06951320916414261,0.12170004844665527,-0.003375989074508349,0.0,1.0043739179770153,0.04260909495254358,4.318962574005127,1.3572353323300679,0.12170004844665527,1.3216869831085205,-2.71466064453125,5.931314468383789,4.289440155029297,1.9946973323822021,4.167740345001221,1.3263376951217651,0.5609608888626099
45,21.75900000000002,241,0.0,True,-0.7491887211799622,1.057529091835022,1.0112274885177612,-0.22092978656291962,0.5733026266098022,0.0057005914859473705,0.005102040711790323,0.9960595965385437,0.054238880053162575,4.327121376991272,0.8957235515117645,0.5733026266098022,1.451107144355774,-1.1405826807022095,5.12168025970459,4.736960411071777,1.8099830150604248,4.1636576652526855,0.8646588921546936,0.3572383522987366
46,21.865000000000002,135,0.0,True,-0.37826424837112427,1.0857973098754883,1.0000630617141724,0.16413436830043793,0.8837676644325256,-0.006162635982036591,0.0,1.0078040758768718,0.05352145433425903,6.646064281463623,0.7893810470898946,0.8837676644325256,1.9562013149261475,-1.3211536407470703,7.237943649291992,7.378570079803467,1.7807480096817017,6.494802474975586,0.837986171245575,-0.20676350593566895
47,21.693999999999964,306,0.0,True,-0.4363223910331726,0.8842459917068481,1.1167662143707275,0.005242221523076296,0.41741952300071716,0.0034966479986906053,0.0338749997317791,0.9993959665298462,0.0688671238720417,3.4662349224090576,1.6057543754577637,0.41741952300071716,1.398054599761963,-2.560004711151123,5.848775863647461,3.5687296390533447,2.3156864643096924,3.151310443878174,1.5309443473815918,0.6355074048042297
48,21.780000000000037,220,0.0,True,0.07248667627573013,0.644006609916687,0.7744117975234985,0.3941027820110321,0.20808468759059906,-0.0012353763449937105,0.0,1.0017375946044922,0.030535667669028044,6.485228776931763,1.4782798290252686,0.20808468759059906,1.2554399967193604,-1.6195287704467773,3.9322781562805176,6.418912410736084,1.7861298322677612,6.210827350616455,1.5181457996368408,0.5059558153152466
49,21.844000000000047,156,0.0,True,-0.506581723690033,1.184923529624939,0.8315190076828003,0.08546428382396698,0.41780248284339905,0.00014675858741005263,0.0,1.0000329812367756,0.017755269072949886,7.235733191172282,0.9595341285069784,0.41780248284339905,1.386259913444519,-1.6978133916854858,4.250363349914551,7.598804950714111,1.4442331790924072,7.181002140045166,0.9622268676757812,0.07867109775543213
50,9.550000000000033,450,0.0,False,-0.799701452255249,1.872819185256958,1.0225330591201782,0.13619686663150787,-0.4663950502872467,0.0006740933749824762,0.0,1.0001230463385582,0.0389312740880996,5.221347451210022,1.5959852486848831,-0.4663950502872467,1.0663350820541382,-4.000511646270752,4.732484817504883,5.024421215057373,1.5467615127563477,5.490816116333008,1.695283055305481,0.5247297286987305
51,21.622000000000014,378,0.0,True,0.156063050031662,0.4098377525806427,0.9978185296058655,0.3604830205440521,-0.09687893837690353,0.0024160982963318625,0.0026041666666666665,0.9986064732074738,0.04486901188890139,5.2118152777353925,1.7907013495763142,-0.09687893837690353,1.2580631971359253,-1.7168596982955933,6.395923137664795,5.32977294921875,2.091395139694214,5.426651954650879,1.8920793533325195,0.6381465196609497
52,5.549999999999888,450,0.0,False,0.5353845953941345,0.007860039360821247,0.8811600804328918,0.5388740301132202,-0.6027697920799255,0.0009428863413631916,0.05078125,1.004375845193863,0.1024422817863524,4.057143658399582,0.6746979579329491,-0.6027697920799255,0.5814957618713379,-2.6451151371002197,2.0170187950134277,3.981013059616089,0.9310097098350525,4.583783149719238,0.7868576645851135,0.6098921298980713
53,9.549999999999946,450,0.0,False,1.419561505317688,0.3368018865585327,1.0722311735153198,1.5874263048171997,-0.36578938364982605,-0.004865135997533798,0.029296875,1.008505940437317,0.08398045040667057,4.395879626274109,0.6799512058496475,-0.36578938364982605,0.9853553771972656,-2.1327641010284424,4.318816184997559,4.348143100738525,1.0444965362548828,4.713932514190674,0.7858008146286011,0.11003732681274414
54,21.624999999999922,375,0.0,True,-0.07476158440113068,0.5322032570838928,1.1149142980575562,0.1907825917005539,0.23472297191619873,0.005850140005350113,0.0,0.9948841532071432,0.03547864158948263,3.486396630605062,1.1369087000687916,0.23472297191619873,1.3265618085861206,-1.3713570833206177,6.7186737060546875,3.6240434646606445,2.0637106895446777,3.3893203735351562,1.1506178379058838,0.5868027806282043
55,21.860999999999983,139,0.0,True,-0.7939637303352356,1.3235282897949219,1.00640070438385,-0.1327027827501297,1.2971913814544678,-0.001835541178782781,0.0,1.0019606351852417,0.014943165083726248,4.732896486918132,0.8490126530329386,1.2971913814544678,2.0483360290527344,-0.7719094753265381,9.144769668579102,5.994443893432617,2.329747438430786,4.6972527503967285,0.9754961729049683,0.22699087858200073
56,21.935000000000016,65,0.0,True,-0.27699577808380127,0.011233712546527386,0.8916442394256592,-0.27182474732398987,2.905708074569702,-0.005396483466029167,0.0,1.0054629445075989,0.006290629971772432,6.901341915130615,0.5750288367271423,2.905708074569702,1.8431860208511353,0.061064720153808594,7.383269309997559,9.558727264404297,1.8799388408660889,6.653018951416016,1.1399922370910645,0.03871786594390869
57,21.921000000000017,79,0.0,True,-2.332230806350708,4.0083208084106445,0.8213975429534912,-0.32848110795021057,2.4684770107269287,-0.0030194134451448917,0.0,1.0032222867012024,0.01961529813706875,6.172701835632324,0.8782458603382111,2.4684770107269287,1.7644983530044556,0.2649957239627838,6.515010833740234,8.413264274597168,1.8576112985610962,5.944787979125977,0.8685526251792908,0.09773761034011841
58,9.549999999999903,450,0.0,False,0.9949953556060791,0.14095383882522583,0.9029864072799683,1.0650207996368408,-0.3698330521583557,-0.001748017966747284,0.001953125,1.0028392150998116,0.04299310687929392,4.536188900470734,0.9658076539635658,-0.3698330521583557,1.0545554161071777,-2.5356831550598145,4.751084804534912,4.23304557800293,1.2989121675491333,4.602878093719482,0.9631694555282593,0.3408575654029846
59,5.549999999999928,450,0.0,False,0.8204125165939331,0.04399372637271881,0.9956058263778687,0.8419115543365479,-0.6524949073791504,0.005926750833168626,0.0234375,0.9965550228953362,0.06751415878534317,4.467252463102341,0.6839039549231529,-0.6524949073791504,0.5920706987380981,-2.4257564544677734,2.6700944900512695,4.405455112457275,0.9440121650695801,5.057950496673584,0.7540768980979919,0.6066383719444275
60,21.627999999999986,372,0.0,True,-0.09351145476102829,0.890216588973999,0.9805829524993896,0.35110655426979065,0.014332165941596031,0.0010580736367652814,0.0,0.9991887807846069,0.021955631983776886,4.725442091623942,1.5598383943239849,0.014332165941596031,1.1898040771484375,-1.6992216110229492,5.135282516479492,4.827661514282227,2.000631809234619,4.813329219818115,1.6222155094146729,0.6463149785995483
61,5.549999999999914,450,0.0,False,0.9426650404930115,0.14603231847286224,1.0504746437072754,1.0151559114456177,-0.39743930101394653,0.0020949922036379576,0.015625,1.0007234960794449,0.06872400501742959,3.2804033756256104,0.6294317319989204,-0.39743930101394653,0.5117923617362976,-2.0541372299194336,2.3733887672424316,3.112133026123047,0.8418949246406555,3.5095722675323486,0.6456922292709351,0.6304512023925781
62,21.745999999999995,254,0.0,True,-1.0708014965057373,1.8998901844024658,1.1208784580230713,-0.1214168444275856,0.8266719579696655,0.00012607349708559923,0.0,1.000058263540268,0.019237515050917864,2.817635238170624,1.080611988902092,0.8266719579696655,1.5349290370941162,-2.0187106132507324,6.305656909942627,3.6420369148254395,2.146557569503784,2.8153653144836426,1.1019413471221924,0.48868149518966675
63,21.804000000000038,196,0.0,True,-0.42629849910736084,0.6561201810836792,0.8991216421127319,-0.09868796914815903,0.5938589572906494,0.0043861279264092445,0.0,0.9961645305156708,0.029557213187217712,5.509148478507996,1.0674113184213638,0.5938589572906494,1.402940273284912,-1.438879370689392,4.665971755981445,5.928776741027832,1.60172700881958,5.334918022155762,1.0117318630218506,0.2328128218650818
64,21.76100000000006,239,0.0,True,0.22872741520404816,0.6095813512802124,0.9319324493408203,0.5330520868301392,-0.00364191853441298,0.003451437223702669,0.0,0.9970708042383194,0.03027921821922064,6.817676424980164,0.9980115592479706,-0.00364191853441298,1.3895490169525146,-1.558880090713501,4.489083290100098,6.70762300491333,1.325176477432251,6.711264610290527,1.074590802192688,-0.09951293468475342
65,5.549999999999862,450,0.0,False,0.3928726315498352,0.006408920977264643,1.2334818840026855,0.3954603672027588,-0.27390798926353455,0.004691662034019828,0.001953125,0.9956781268119812,0.023499878589063883,2.1020818650722504,0.5854291059076786,-0.27390798926353455,0.6708570122718811,-2.453181266784668,3.000683307647705,2.115628242492676,0.9393298625946045,2.389536142349243,0.6578134298324585,0.4899371266365051
66,5.549999999999924,450,0.0,False,0.41946256160736084,0.00843896809965372,1.1213436126708984,0.4231213629245758,-0.3990890383720398,0.005569061147980392,0.001953125,0.9951634928584099,0.033245704136788845,3.024538367986679,0.6722389236092567,-0.3990890383720398,0.5313407778739929,-2.237412691116333,2.1211934089660645,2.950169324874878,0.9290336966514587,3.3492581844329834,0.7715601325035095,0.6728979349136353
67,21.846000000000036,154,0.0,True,-0.9122644066810608,1.5457384586334229,0.9962165951728821,-0.1398932784795761,1.3155088424682617,-0.0012660298962146044,0.0,1.0012869834899902,0.006104744194696347,4.525776704152425,1.4995603164037068,1.3155088424682617,1.6277915239334106,-1.2972722053527832,5.297023773193359,5.9053754806518555,1.8819522857666016,4.589867115020752,1.512751817703247,0.25186437368392944
68,-0.45000000000000034,450,0.0,False,0.5479462742805481,0.0004042542423121631,1.1146674156188965,0.5475910305976868,-0.6138091683387756,0.015585278626531363,0.017578125,0.9878436550498009,0.07353595411404967,3.288513422012329,0.11409597937017679,-0.6138091683387756,0.13688650727272034,-1.083245038986206,-0.03751039505004883,3.074662685394287,0.08231593668460846,3.688471794128418,0.11989066004753113,-1.7653677463531494
69,5.5499999999999,450,0.0,False,0.377021849155426,0.0044786701910197735,1.0666142702102661,0.37872788310050964,-0.2195901870727539,0.006971338763833046,0.025390625,0.9964375793933868,0.08049652725458145,1.8933594971895218,0.4895540587604046,-0.2195901870727539,0.5538807511329651,-2.1715097427368164,2.0617029666900635,1.9865636825561523,0.6789759993553162,2.2061541080474854,0.6342108249664307,0.3345373868942261
70,21.575999999999937,424,0.0,True,-0.21278810501098633,0.5560653805732727,1.1900854110717773,0.0646495446562767,0.40231022238731384,-0.007570666660155568,0.016071428677865436,1.0102353010858809,0.07126767028655324,1.8509426627840315,1.0688130344663347,0.40231022238731384,1.4265737533569336,-2.51560640335083,7.535754203796387,2.061746835708618,2.0377347469329834,1.6594364643096924,1.0542471408843994,0.5098905563354492
71,-0.45000000000000034,450,0.0,False,0.38807350397109985,0.0049186889082193375,1.122460126876831,0.38997161388397217,-0.5228612422943115,0.007094587432220578,0.0703125,0.9988612532615662,0.10496157966554165,2.855921298265457,0.15753965266048908,-0.5228612422943115,0.21073326468467712,-1.2111622095108032,0.10576112568378448,2.6318745613098145,0.09840059280395508,3.154735803604126,0.20641334354877472,-3.5863823890686035
72,21.649000000000086,351,0.0,True,-0.2942105233669281,1.4696366786956787,1.1108925342559814,0.4400523602962494,0.33997461199760437,0.0019645518623292446,0.013356854518254599,0.9988676408926646,0.031595120361695685,3.3562153577804565,0.8786423405011495,0.33997461199760437,1.4802799224853516,-3.576982021331787,6.5748610496521,3.601384162902832,1.6361218690872192,3.2614095211029053,0.8754106163978577,0.1814289689064026
73,5.549999999999958,450,0.0,False,0.41867902874946594,0.011140700429677963,0.9955227375030518,0.4237516224384308,-0.19339576363563538,-0.0016356748528778553,0.0,1.003019206225872,0.04627967462874949,2.139016777276993,0.3399992920458317,-0.19339576363563538,0.5384007096290588,-1.5070692300796509,2.3563151359558105,2.084333658218384,0.6790320873260498,2.2777295112609863,0.39951303601264954,0.3713185787200928
74,21.810999999999964,189,0.0,True,-0.862733006477356,2.0181660652160645,1.054456353187561,0.14582279324531555,0.9720596671104431,0.0013338576536625624,0.0,0.9988633394241333,0.018508910511930782,3.449547608693441,0.9980155825614929,0.9720596671104431,1.9283219575881958,-2.1307156085968018,8.06149673461914,4.383498668670654,2.448258876800537,3.4114389419555664,0.9999547004699707,0.37963902950286865
75,21.864000000000033,136,0.0,True,-0.42229509353637695,0.5382903814315796,1.0325807332992554,-0.1536661982536316,1.737547516822815,0.003148763750990232,0.0,0.9973447124163309,0.029551276316245396,3.5193519592285156,0.5561473468939463,1.737547516822815,1.7509328126907349,-0.8681290149688721,6.7830305099487305,5.130187034606934,2.042956590652466,3.392639636993408,0.6638389825820923,0.26545119285583496
76,9.549999999999901,450,0.0,False,0.5024486184120178,0.08541783690452576,1.1155365705490112,0.5445997714996338,-0.3890988230705261,0.00365294236689806,0.0,0.9971688389778137,0.03775090794079006,4.588999509811401,0.6024572402238846,-0.3890988230705261,0.8479447364807129,-2.480869770050049,3.782215118408203,4.382798671722412,1.0377452373504639,4.771897315979004,0.645371675491333,0.3323427438735962
77,21.57700000000003,423,0.0,True,0.11240410059690475,0.5881040692329407,1.0270774364471436,0.4059426188468933,0.23878170549869537,0.006688660276787621,0.022149725684097836,0.9958864109856742,0.06311980368835586,3.1922505583081926,1.0291703343391418,0.23878170549869537,1.3715232610702515,-2.526948928833008,5.94149112701416,3.3773202896118164,1.7646031379699707,3.138538360595703,1.0254955291748047,0.3958951234817505
78,21.77900000000004,221,0.0,True,-1.2095873355865479,2.125845193862915,1.049567461013794,-0.14718952775001526,0.9587712287902832,-0.010069982847198844,0.0,1.0112175196409225,0.04338102228939533,3.1346311569213867,1.1977743804454803,0.9587712287902832,1.6342003345489502,-1.0360431671142578,6.5267014503479,3.910782814025879,1.9512083530426025,2.9520113468170166,1.1618297100067139,0.29853934049606323
79,21.622000000000163,378,0.0,True,-0.2926698327064514,1.5856653451919556,0.9533536434173584,0.4996861517429352,0.15392063558101654,0.004381514309595029,0.0,0.997484972079595,0.0581467313071092,4.170800765355428,0.6687506437301636,0.15392063558101654,1.588632583618164,-3.8615076541900635,6.214261054992676,4.128591060638428,1.6389774084091187,3.974670648574829,0.6763556003570557,0.06049090623855591
80,21.826999999999984,173,0.0,True,-1.4166266918182373,2.3632235527038574,1.0333948135375977,-0.23553161323070526,1.1355483531951904,0.00012612754168609777,0.0,0.9999311168988546,0.009751506460209688,3.599226951599121,1.3463480869928997,1.1355483531951904,1.5411102771759033,-1.1830594539642334,7.25837516784668,4.637764930725098,2.498073101043701,3.5022170543670654,1.3224681615829468,0.6194102764129639
81,9.54999999999997,450,0.0,False,0.6224711537361145,0.07168502360582352,1.1256548166275024,0.6577508449554443,-0.3442741930484772,-0.004741995129734278,0.072265625,1.0087964534759521,0.08182770619168878,4.236957430839539,0.8162298202514648,-0.3442741930484772,0.7368983030319214,-2.3195149898529053,3.7062158584594727,4.118449687957764,1.0586849451065063,4.462723255157471,0.9189192056655884,0.51551353931427
82,21.793999999999972,206,0.0,True,-0.9713315963745117,2.121201992034912,1.1603161096572876,0.08868923783302307,1.0638610124588013,-0.00018604446086101234,0.0,1.000210464000702,0.006915843696333468,2.717034161090851,1.0732463747262955,1.0638610124588013,1.8541866540908813,-1.926932692527771,8.164590835571289,3.7957115173339844,2.483144998550415,2.7318506240844727,1.1517486572265625,0.4424257278442383
83,21.762999999999955,237,0.0,True,-0.597778856754303,1.313873291015625,1.1665304899215698,0.05857452377676964,0.7309295535087585,0.0007127220160327852,0.0,0.9999872744083405,0.03504946921020746,3.4740415811538696,1.124188095331192,0.7309295535087585,1.7568557262420654,-1.328885555267334,7.423142433166504,4.055690288543701,2.369321346282959,3.3247604370117188,1.1377321481704712,0.4501752257347107
84,21.873999999999995,126,0.0,True,-1.160908579826355,2.3008005619049072,0.9961249828338623,-0.011006361804902554,1.476901888847351,0.0006691484886687249,0.0,0.9994505643844604,0.015138505958020687,5.0468831062316895,0.8039355576038361,1.476901888847351,2.0622398853302,-0.7673123478889465,8.387175559997559,6.437696933746338,1.9077738523483276,4.960794448852539,0.8219204545021057,-0.1684889793395996
85,5.549999999999861,450,0.0,False,0.8654326796531677,0.7280951142311096,1.3008321523666382,1.2288298606872559,-0.17692305147647858,0.013675964204594493,0.0,0.9877508506178856,0.03999847872182727,1.8530672490596771,0.6054441072046757,-0.17692305147647858,0.6193469762802124,-1.8429069519042969,2.6021766662597656,1.710267186164856,0.8541097640991211,1.8871902227401733,0.5383009314537048,0.4741756319999695
86,5.549999999999912,450,0.0,False,0.6485535502433777,0.006904855370521545,1.0123422145843506,0.6514998078346252,-0.4209393560886383,0.010361038846895099,0.01171875,0.9919476583600044,0.06590170552954078,3.226941555738449,1.2488092184066772,-0.4209393560886383,0.49011701345443726,-1.318913221359253,2.0894291400909424,3.1694154739379883,1.296666145324707,3.5903549194335938,1.3471368551254272,0.8571292757987976
87,21.903999999999996,96,0.0,True,-2.3367981910705566,5.079108238220215,1.0015614032745361,0.20225514471530914,2.3662562370300293,-0.0012783780694007874,0.0,1.001386046409607,0.014495769515633583,4.023962497711182,1.3533636331558228,2.3662562370300293,1.874304175376892,-0.04042574018239975,8.115225791931152,6.320429801940918,2.423020124435425,3.9541738033294678,1.3758866786956787,0.40163516998291016
88,21.65,350,0.0,True,-0.5432438850402832,1.2374746799468994,1.0945713520050049,0.07494617253541946,0.3616928458213806,0.0005738321148479978,0.0,0.9996773799260458,0.021311637635032337,3.363572915395101,0.6652574241161346,0.3616928458213806,1.535812497138977,-1.86782705783844,8.266029357910156,3.5717217922210693,1.6018060445785522,3.210029363632202,0.6805621981620789,0.08070152997970581
89,21.67599999999991,324,0.0,True,-1.6842758655548096,5.517893314361572,1.1822009086608887,1.0740796327590942,0.45162197947502136,-0.0012134437759717305,0.0,1.0018612345059712,0.034602394327521324,2.9382598797480264,0.6560434997081757,0.45162197947502136,1.9813005924224854,-1.5094730854034424,11.573440551757812,3.154430389404297,2.2994158267974854,2.7028086185455322,0.7120020985603333,0.2575525641441345
90,21.787999999999954,212,0.0,True,-0.5815174579620361,1.2668980360031128,1.0416465997695923,0.0514107383787632,0.8141665458679199,-0.0008525023149559274,0.00390625,1.002406507730484,0.053454975597560406,3.5292364358901978,1.0301663726568222,0.8141665458679199,2.0090527534484863,-1.5809146165847778,9.590574264526367,4.171733856201172,2.475853681564331,3.357567071914673,1.0138323307037354,0.34153497219085693
91,5.54999999999991,450,0.0,False,0.5497108697891235,0.008331378921866417,0.9147351384162903,0.5534192323684692,-0.3540026843547821,0.005300826742313802,0.00390625,0.9954909607768059,0.03428362053819001,2.8163989782333374,0.91285140812397,-0.3540026843547821,0.550308108329773,-2.3726983070373535,2.323155164718628,2.5609045028686523,1.1142358779907227,2.9149067401885986,1.1127725839614868,0.7560743093490601
92,21.70300000000001,297,0.0,True,-0.16098588705062866,0.924033522605896,0.9273627996444702,0.3005671799182892,0.0317547470331192,0.0016355309839127586,0.0,0.9995612025260925,0.04507112093269825,5.132351970672607,1.0186163783073425,0.0317547470331192,1.2098249197006226,-1.6444973945617676,4.879053115844727,5.2126922607421875,1.7077778577804565,5.180937767028809,1.0352416038513184,0.49814027547836304
93,5.549999999999955,450,0.0,False,0.24149122834205627,0.0012619673507288098,1.196743369102478,0.2415238469839096,-0.17835547029972076,0.0023737874580547214,0.001953125,0.9981593862175941,0.031117899110540748,2.064144343137741,0.4596579931676388,-0.17835547029972076,0.4020809829235077,-1.8092442750930786,2.2844886779785156,2.116238832473755,0.6672766208648682,2.2945945262908936,0.5172970294952393,0.6369091272354126
94,9.550000000000018,450,0.0,False,-0.2884252965450287,0.35013577342033386,1.0237393379211426,-0.11386927962303162,-0.41539981961250305,0.0030616307631134987,0.0,0.9971066191792488,0.016493358183652163,4.381539762020111,0.9336420446634293,-0.41539981961250305,0.7994357943534851,-2.5669190883636475,2.847384452819824,4.217442512512207,1.0959779024124146,4.632842063903809,0.9243996143341064,0.4679363965988159
95,9.549999999999907,450,0.0,False,-0.02133212983608246,0.14393025636672974,1.1656465530395508,0.05005017668008804,-0.07164854556322098,0.004028035094961524,0.001953125,0.9964981526136398,0.027678038692101836,2.429718852043152,0.886083222925663,-0.07164854556322098,0.9767583608627319,-2.0678646564483643,5.548883438110352,2.5143251419067383,1.2663894891738892,2.5859737396240234,1.0470103025436401,0.40510594844818115
96,21.582000000000047,418,0.0,True,-0.4981388747692108,1.4203604459762573,1.0600303411483765,0.21151132881641388,0.379686564207077,-0.002083633294595139,0.0,1.0025754741259985,0.029624969299350466,2.531806026186262,0.653630827154432,0.379686564207077,1.4207990169525146,-1.8168106079101562,8.276371955871582,2.684713363647461,1.6401302814483643,2.3050265312194824,0.6244256496429443,0.24957275390625
97,21.652000000000037,348,0.0,True,0.07212819904088974,1.4518237113952637,0.9308403730392456,0.7975746393203735,0.20185433328151703,-0.00026397717495759326,0.0,1.0004490911960602,0.0190386725589633,3.9710693359375,1.6231619119644165,0.20185433328151703,1.3990706205368042,-3.0355379581451416,5.41497278213501,3.966862201690674,2.0546021461486816,3.765007734298706,1.6103776693344116,0.5363141894340515
98,21.71200000000003,288,0.0,True,-0.01841212809085846,0.6992737054824829,0.9176200032234192,0.3307659327983856,0.3336155116558075,-0.0049406707286834715,0.0125,1.0067861557006836,0.05472582504153252,4.5994874954223635,1.1154558897018432,0.3336155116558075,1.2528443336486816,-2.0818896293640137,4.393400192260742,4.733093738555908,1.7795442342758179,4.399478435516357,1.1201890707015991,0.5043482780456543
99,21.813000000000002,187,0.0,True,-1.3061091899871826,2.5722169876098633,1.0664098262786865,-0.02053390070796013,1.3190624713897705,-0.0017913670744746923,0.0,1.002026875813802,0.02100006801386674,2.7515103022257485,0.796776552995046,1.3190624713897705,1.941487431526184,-0.8390037417411804,7.067789554595947,3.9687938690185547,2.1352429389953613,2.649731397628784,0.7826559543609619,0.1732492446899414
100,5.549999999999869,450,0.0,False,0.42604339122772217,0.013903575018048286,0.9695353507995605,0.4325104057788849,-0.5057461857795715,0.018472647992894053,0.029296875,0.9848714619874954,0.06675893533974886,4.00079733133316,0.6650939732789993,-0.5057461857795715,0.6717655062675476,-2.545820474624634,2.183271646499634,3.7423880100250244,0.8640602827072144,4.248134613037109,0.7400211691856384,0.39556825160980225
101,5.549999999999873,450,0.0,False,0.14999455213546753,0.06926196068525314,1.217303991317749,0.1840168833732605,-0.4490528702735901,-0.007216789061203599,0.0078125,1.010748527944088,0.07856306806206703,3.2222867906093597,0.7277594953775406,-0.4490528702735901,0.5572077035903931,-2.445988416671753,2.4787001609802246,3.112241744995117,0.908696711063385,3.5612945556640625,0.7354682087898254,0.6239926815032959
102,21.784999999999975,215,0.0,True,-1.4931602478027344,3.1277260780334473,1.1818310022354126,0.07011187821626663,1.1516361236572266,0.001044494449160993,0.0,0.9990472197532654,0.012332249549217522,2.2682316303253174,1.0194700360298157,1.1516361236572266,1.7655272483825684,-0.6578854322433472,7.791388511657715,3.3790628910064697,2.47004771232605,2.2274270057678223,1.0507694482803345,0.4890972971916199
103,21.881999999999998,118,0.0,True,-1.9111276865005493,3.6883177757263184,0.8889250755310059,-0.06741326302289963,1.722191333770752,0.001421066583134234,0.0,0.9986828565597534,0.013981093652546406,4.3056066036224365,1.485493004322052,1.722191333770752,1.8668854236602783,-1.3896465301513672,7.034146308898926,5.951926231384277,2.3094730377197266,4.229734420776367,1.4857704639434814,0.34655410051345825
104,21.775999999999975,224,0.0,True,-0.34392109513282776,0.9207658171653748,0.9364200830459595,0.11599360406398773,0.6608467102050781,0.0006963172927498817,0.0,0.9998503029346466,0.03156823245808482,4.291858792304993,0.9472751021385193,0.6608467102050781,1.927924633026123,-1.7939502000808716,8.705985069274902,4.770118713378906,2.162362813949585,4.109272480010986,0.9649506211280823,0.20508092641830444
105,21.698999999999973,301,0.0,True,0.030124660581350327,0.3737667500972748,0.9252950549125671,0.21654538810253143,0.19143207371234894,0.0027289004996418954,0.012013889104127883,0.9997305989265441,0.06726578772068023,4.922597599029541,1.2997498273849488,0.19143207371234894,1.3838180303573608,-1.6565358638763428,6.243281364440918,4.888260364532471,1.998631477355957,4.6968278884887695,1.3026899099349976,0.5206060409545898
106,5.549999999999873,450,0.0,False,0.5642257928848267,0.011621633544564247,1.0455601215362549,0.5695137977600098,-0.36581331491470337,0.0022801649756729603,0.03125,1.001328743994236,0.08179970365017653,2.7068744003772736,0.8181060403585434,-0.36581331491470337,0.4472185969352722,-1.9801815748214722,2.390390396118164,2.6624159812927246,1.0712600946426392,3.028229236602783,0.9047361612319946,0.8257190585136414
107,21.59500000000002,405,0.0,True,-0.09729369729757309,0.3568377196788788,1.0665303468704224,0.08059189468622208,0.31165626645088196,0.004799259161310536,0.027104592749050686,0.9978183252470834,0.0664108901151589,3.0777010236467635,1.1836514898708888,0.31165626645088196,1.2940647602081299,-1.4170587062835693,5.5897321701049805,3.2691032886505127,1.8950860500335693,2.9574472904205322,1.152818202972412,0.5337121486663818
108,21.87,130,0.0,True,-0.7648388147354126,0.2812245488166809,1.1864402294158936,-0.624819815158844,1.4851964712142944,0.004811841994524002,0.0,0.9955706596374512,0.02413463934014241,4.23685089747111,1.2726916074752808,1.4851964712142944,1.4971314668655396,-0.511258065700531,6.227082252502441,5.926412105560303,2.1745874881744385,4.441215515136719,1.4339172840118408,0.5260133743286133
109,21.701999999999988,298,0.0,True,-1.117309331893921,1.9102071523666382,1.0810660123825073,-0.16274629533290863,0.6101022958755493,-0.003209938853979111,0.0,1.0039445638656617,0.03667745031416416,3.0749466896057127,0.9600695013999939,0.6101022958755493,1.5247983932495117,-0.8561193943023682,6.374330520629883,3.4703369140625,2.016275405883789,2.8602347373962402,0.9012426733970642,0.4280933737754822
110,9.549999999999883,450,0.0,False,0.5208317041397095,0.0887589231133461,1.119964838027954,0.5646511912345886,-0.21877039968967438,0.010844104923307896,0.0,0.9905995577573776,0.04623889969661832,4.107988357543945,0.9181210175156593,-0.21877039968967438,1.2063992023468018,-2.2769436836242676,6.563265323638916,4.067566394805908,1.482015609741211,4.286336421966553,0.9997994899749756,0.3373616337776184
111,21.906000000000006,94,0.0,True,-2.9095609188079834,6.8673810958862305,0.9435755610466003,0.5236578583717346,2.771346092224121,-0.00046086451038718224,0.0,1.0004853010177612,0.006612101336941123,3.7724863290786743,0.6723553240299225,2.771346092224121,2.4727611541748047,-0.3730089068412781,8.16489315032959,6.428745746612549,2.615300416946411,3.657400131225586,0.7202914953231812,0.10603374242782593
112,21.71399999999999,286,0.0,True,-0.011948935687541962,0.5232933759689331,0.8233917951583862,0.24928605556488037,0.18049605190753937,-0.0014764439314603806,0.012916667014360428,1.0037975668907166,0.06285675093531609,4.85102424621582,1.230766773223877,0.18049605190753937,1.1860909461975098,-2.156930685043335,4.484074592590332,4.90576696395874,1.9447232484817505,4.7252702713012695,1.2428882122039795,0.6280193328857422
113,21.774000000000044,226,0.0,True,-0.41649532318115234,0.806242823600769,0.9112833738327026,-0.013829553499817848,0.48162025213241577,0.00022702629212290049,0.0,1.0005339086055756,0.03749055787920952,5.342814326286316,1.5944697558879852,0.48162025213241577,1.4868990182876587,-1.485222339630127,5.436985492706299,5.657693386077881,1.9466183185577393,5.17607307434082,1.5736759901046753,0.4165531396865845
114,21.639000000000088,361,0.0,True,0.444251149892807,0.808107316493988,0.6185232996940613,0.8479955196380615,-0.3763637840747833,0.0055692751581470175,0.0026041666666666665,0.994844377040863,0.025380165005723637,6.730290015538533,1.7259465058644612,-0.3763637840747833,1.3501509428024292,-1.6422356367111206,5.677900314331055,6.440925121307373,1.5672694444656372,6.817289352416992,1.801116943359375,0.2578745484352112
115,21.604999999999922,395,0.0,True,0.309896320104599,0.35696983337402344,1.0107256174087524,0.48787587881088257,0.07961257547140121,0.001700828251029764,0.006696428571428571,0.9993825810296195,0.04565863045198577,3.89441864831107,1.301387105669294,0.07961257547140121,1.3950082063674927,-2.103065013885498,7.262235164642334,4.044691562652588,2.0917885303497314,3.965078592300415,1.3609106540679932,0.5552479028701782
116,5.5499999999998595,450,0.0,False,0.652962863445282,0.0012136850273236632,1.0661954879760742,0.6530365943908691,-0.6131718158721924,0.008989776484668255,0.095703125,1.000938281416893,0.14479429088532925,3.8519101440906525,0.654849536716938,-0.6131718158721924,0.7693898677825928,-2.5823490619659424,2.7908592224121094,3.7244200706481934,0.9007883071899414,4.337591648101807,0.7242286801338196,0.27046287059783936
117,5.549999999999879,450,0.0,False,0.614296555519104,0.07038422673940659,1.21885347366333,0.6488792896270752,-0.38296812772750854,0.005851782159879804,0.01953125,0.9973644465208054,0.07715308759361506,2.8395821154117584,1.0187651962041855,-0.38296812772750854,0.4235706329345703,-1.9584436416625977,1.9824527502059937,2.955132007598877,1.2692903280258179,3.3381001949310303,1.1591635942459106,0.8886398673057556
118,21.602999999999923,397,0.0,True,-0.6027271151542664,0.8375329375267029,1.0894817113876343,-0.1845053881406784,0.07123070955276489,4.287203773856163e-05,0.01768543996981212,1.0047771419797624,0.09766926616430283,3.772363151822771,1.2086504442351205,0.07123070955276489,1.3263115882873535,-2.120743751525879,5.944433212280273,3.841615676879883,2.017406940460205,3.7703850269317627,1.208573341369629,0.5677807331085205
119,21.782000000000053,218,0.0,True,-0.8316693305969238,1.7039519548416138,1.0047388076782227,0.019804276525974274,0.4839763641357422,-0.0017621790757402778,0.0,1.0025982558727264,0.04086137842386961,5.150370121002197,1.3895907700061798,0.4839763641357422,1.4751818180084229,-1.483046054840088,5.005275249481201,5.493430137634277,1.7221269607543945,5.009454250335693,1.354906678199768,0.26622849702835083
120,9.550000000000063,450,0.0,False,-0.7469824552536011,3.0499074459075928,1.1018614768981934,0.7774203419685364,-0.39490994811058044,-0.0026075837668031454,0.0,1.0030712932348251,0.026392889791168272,4.5377936363220215,1.530457764863968,-0.39490994811058044,1.1379115581512451,-2.720836639404297,5.56435489654541,4.317047595977783,1.4168565273284912,4.7119574546813965,1.6141486167907715,0.3549918532371521
121,21.786999999999978,213,0.0,True,0.09232925623655319,0.6941190361976624,0.8171088695526123,0.43898022174835205,0.2797318994998932,-0.008323634043335915,0.0,1.0094120651483536,0.043843287974596024,5.638235807418823,1.2241997122764587,0.2797318994998932,1.608473300933838,-1.9649275541305542,5.436363697052002,5.770175457000732,1.8716058731079102,5.490443229675293,1.2806845903396606,0.2614176273345947
122,21.852999999999987,147,0.0,True,-0.481069415807724,0.6494680047035217,1.0116604566574097,-0.1568412482738495,1.2953771352767944,0.0034679329643646875,0.0,0.9972022970517477,0.03483352313439051,3.983627955118815,1.3842735687891643,1.2953771352767944,1.8352066278457642,-0.5271811485290527,7.022665977478027,5.137712478637695,2.3849470615386963,3.8423357009887695,1.3904556035995483,0.40787625312805176
123,5.549999999999999,450,0.0,False,-0.22684267163276672,1.026564598083496,1.0584784746170044,0.28591039776802063,-0.6213603019714355,0.007879916345700622,0.037109375,0.9954063445329666,0.07616054965183139,4.534335017204285,0.3364107646048069,-0.6213603019714355,0.6518819332122803,-1.7476696968078613,3.294152021408081,4.263772010803223,0.678476870059967,4.885132312774658,0.4025175869464874,0.0768594741821289
124,21.85000000000001,150,0.0,True,-0.5199962258338928,1.1089344024658203,0.9716325402259827,0.033985160291194916,1.0365140438079834,0.0009294719202443957,0.0,0.9991746544837952,0.014450249883035818,5.309648513793945,0.8431131641070048,1.0365140438079834,1.837561011314392,-1.4886645078659058,6.136962890625,6.370941162109375,1.6172258853912354,5.334427356719971,0.9242343902587891,-0.2910473346710205
125,21.801999999999985,198,0.0,True,-1.5271095037460327,2.507925033569336,1.2369585037231445,-0.2737654745578766,0.9839301705360413,0.005817536264657974,0.0,0.9951178729534149,0.03600131720304489,3.500093400478363,1.2765605449676514,0.9839301705360413,1.5695194005966187,-0.8200312852859497,7.381931781768799,4.499274730682373,2.427553653717041,3.5153443813323975,1.421478509902954,0.5819813013076782
126,9.549999999999974,450,0.0,False,0.27667659521102905,0.0013654002686962485,0.8914662599563599,0.276913583278656,-0.24831582605838776,-0.011230928590521216,0.005859375,1.0139724537730217,0.061270474921911955,4.0531695783138275,1.0285046696662903,-0.24831582605838776,0.8943254947662354,-1.7974910736083984,4.955739974975586,3.8061344623565674,1.234766960144043,4.054450511932373,1.0559842586517334,0.47540849447250366
127,21.857999999999983,142,0.0,True,-1.0496940612792969,2.0411245822906494,0.9883131980895996,-0.029625926166772842,1.06549870967865,-0.0003664559917524457,0.0,1.0004758437474568,0.013707436931629976,5.069131533304851,0.6413300434748331,1.06549870967865,1.8193615674972534,-1.2697697877883911,6.933902263641357,6.179949760437012,2.0985045433044434,5.114450931549072,0.6977155804634094,0.24834561347961426
128,-0.45000000000000034,450,0.0,False,0.666802704334259,0.027287296950817108,0.9457542300224304,0.6799734234809875,-0.5924679636955261,0.00027179846074432135,0.056640625,1.0031685307621956,0.08260830119252205,3.050870805978775,0.21953800693154335,-0.5924679636955261,0.25433090329170227,-1.3954529762268066,-0.03449606895446777,2.919189453125,0.09014862775802612,3.511657476425171,0.25642696022987366,-6.959384918212891
129,21.617000000000015,383,0.0,True,-0.1854732781648636,0.7252556681632996,1.1280455589294434,0.17659053206443787,0.28265541791915894,0.0011903986645241578,0.0026041666666666665,0.9996545513470968,0.03869488618026177,3.3038362661997476,1.0120246609052022,0.28265541791915894,1.3799208402633667,-1.270574688911438,5.763622283935547,3.5796804428100586,1.7896746397018433,3.297024965286255,0.9926981329917908,0.4054885506629944
130,21.896000000000015,104,0.0,True,-1.6117130517959595,1.7217590808868408,0.8149870038032532,-0.7512410283088684,1.652115821838379,6.07222318649292e-05,0.0,1.0000396072864532,0.013614124152809381,5.734588384628296,0.7971959114074707,1.652115821838379,1.1609959602355957,-0.8202927112579346,4.762227535247803,7.323279857635498,1.5025880336761475,5.671164512634277,0.8218815922737122,0.4029899835586548
131,21.78999999999998,210,0.0,True,-0.5133741497993469,0.8077273368835449,1.1017450094223022,-0.11006135493516922,0.7516114115715027,0.0019449484534561634,0.013888888992369175,0.9998306632041931,0.05485461000353098,4.0914217829704285,1.0414720177650452,0.7516114115715027,1.5388679504394531,-3.0461931228637695,5.6431355476379395,4.555858612060547,2.1943349838256836,3.8042471408843994,1.0606313943862915,0.5081906318664551
132,21.800000000000026,200,0.0,True,-0.04931002855300903,0.6942766308784485,1.0312931537628174,0.2973126471042633,0.6282758712768555,0.003519086167216301,0.0,0.9966996014118195,0.01994241075590253,5.1657503843307495,1.5508646070957184,0.6282758712768555,1.347376823425293,-1.3716602325439453,4.817456245422363,5.502200603485107,2.0103137493133545,4.873924255371094,1.5628777742385864,0.5507889986038208
133,5.54999999999987,450,0.0,False,-0.2926340103149414,0.32650575041770935,1.129096269607544,-0.12994568049907684,-0.4027019739151001,0.015131049789488316,0.021484375,0.9886050894856453,0.07591842440888286,3.3925417959690094,0.7988765686750412,-0.4027019739151001,0.597579300403595,-2.479592800140381,1.8584094047546387,3.137244701385498,0.8661636114120483,3.5399465560913086,0.74500972032547,0.524017333984375
134,21.653000000000027,347,0.0,True,-0.19641776382923126,0.9327955842018127,1.149179220199585,0.26940542459487915,0.25354865193367004,-0.0005205826212962469,0.0,1.0007149179776509,0.018870138407995302,3.9271533489227295,1.1654712557792664,0.25354865193367004,1.517944574356079,-1.236236333847046,5.822882175445557,4.153189182281494,2.1061763763427734,3.8996405601501465,1.1823822259902954,0.4805756211280823
135,5.5499999999998755,450,0.0,False,0.5307480692863464,0.014909764751791954,1.170977234840393,0.5376174449920654,-0.34260475635528564,0.002880529034882784,0.00390625,0.9976378083229065,0.028814147459343076,2.8112002313137054,0.5509537234902382,-0.34260475635528564,0.5580010414123535,-1.9152694940567017,3.315075159072876,2.7389423847198486,0.8821145296096802,3.081547498703003,0.652604341506958,0.5998525619506836
136,21.87799999999998,122,0.0,True,-1.913172721862793,5.423409461975098,1.0840827226638794,0.7979899644851685,1.9874247312545776,-4.438936593942344e-05,0.0,1.0000522136688232,0.003908155951648951,3.178467273712158,0.7599162459373474,1.9874247312545776,2.675266742706299,-0.6786541938781738,11.606154441833496,5.170662879943848,2.6760590076446533,3.1832380294799805,0.7585827708244324,0.0005921125411987305
137,21.919000000000004,81,0.0,True,-2.8804526329040527,4.684821605682373,1.0322844982147217,-0.5385579466819763,2.9581258296966553,-0.00016900140326470137,0.0,1.0001799166202545,0.004640913335606456,4.181307315826416,1.0654436945915222,2.9581258296966553,1.564850091934204,0.6430603861808777,7.0871171951293945,7.134426593780518,1.806868553161621,4.176300525665283,1.0358749628067017,0.2499462366104126
138,21.605999999999966,394,0.0,True,-0.16618232429027557,0.45886334776878357,1.0564250946044922,0.0627211406826973,0.0021349331364035606,-0.0009387810049312455,0.0,1.0013438718659537,0.02677703050098249,4.484026704515729,1.0202190620558602,0.0021349331364035606,1.3758158683776855,-2.1436212062835693,6.14111328125,4.459908962249756,1.7880768775939941,4.457773685455322,1.0278582572937012,0.4079638123512268
139,21.684999999999928,315,0.0,True,-0.26626256108283997,1.784051775932312,1.2025543451309204,0.6251620054244995,0.49282923340797424,0.003226462006568909,0.0,0.9977943778038025,0.043486686795949935,3.057505750656128,0.8167852759361267,0.49282923340797424,1.9365524053573608,-1.5629851818084717,10.27629566192627,3.4412481784820557,2.2249975204467773,2.9484188556671143,0.8673887252807617,0.24247056245803833
140,21.62499999999993,375,0.0,True,-0.379442036151886,1.656150460243225,1.2187381982803345,0.44802382588386536,0.16381710767745972,0.004034131687755386,0.15833333134651184,1.0052385926246643,0.13104106858372688,3.8757728735605874,1.4299011826515198,0.16381710767745972,1.3973548412322998,-1.5414046049118042,7.451474189758301,3.934135675430298,2.124227523803711,3.7703182697296143,1.42355477809906,0.5672755837440491
141,21.72,280,0.0,True,-0.5570587515830994,0.8398053050041199,1.0503559112548828,-0.1376812756061554,0.36312589049339294,-0.001965109817683697,0.0,1.0039356470108032,0.05987006798386574,4.615772819519043,1.3207759857177734,0.36312589049339294,1.2945283651351929,-1.4270906448364258,5.060111999511719,4.832848072052002,2.0041327476501465,4.469722270965576,1.3572955131530762,0.5827751159667969
142,-0.45000000000000034,450,0.0,False,0.367206335067749,0.01641559973359108,1.2868611812591553,0.3747707009315491,-0.6474175453186035,0.0019404294434934855,0.013671875,1.0000294148921967,0.05413046502508223,3.444358766078949,0.27415798231959343,-0.6474175453186035,0.2883632481098175,-1.391486406326294,-0.03579545021057129,3.145785331726074,0.1196931004524231,3.7932028770446777,0.30934035778045654,-4.80418586730957
143,21.771999999999945,228,0.0,True,-0.2896431088447571,0.759568989276886,1.1823441982269287,0.0895502120256424,0.6904272437095642,0.0013329569483175874,0.0,0.9996871501207352,0.043954409658908844,3.503772020339966,0.9167855232954025,0.6904272437095642,2.038508415222168,-2.0373034477233887,9.758947372436523,4.2405314445495605,2.494366407394409,3.5501043796539307,1.0226593017578125,0.3321106433868408
144,-0.45000000000000034,450,0.0,False,0.8041124939918518,0.006065221503376961,1.0983538627624512,0.8065959215164185,-0.670183002948761,0.05390498600900173,0.2578125,0.9726229459047318,0.23478216119110584,3.5579506754875183,0.24740770645439625,-0.670183002948761,0.27514219284057617,-1.67576003074646,-0.15370619297027588,3.321876049041748,0.10814876109361649,3.9920589923858643,0.2843787372112274,-5.472482681274414
145,21.859,141,0.0,True,-1.1289433240890503,1.8058477640151978,1.1921638250350952,-0.2266155183315277,1.5311545133590698,-0.0015519517473876476,0.0,1.0019911130269368,0.02919018330673377,3.50093674659729,1.5976496934890747,1.5311545133590698,1.7304253578186035,-1.1821553707122803,6.487743377685547,4.992983818054199,2.4400761127471924,3.46182918548584,1.5785459280014038,0.49707990884780884
146,21.769000000000013,231,0.0,True,-0.5131672620773315,1.0025829076766968,1.0885498523712158,-0.01242008339613676,0.7581435441970825,0.0028288583853282034,0.0,0.9981091916561127,0.042935057543218136,4.040705323219299,1.407737821340561,0.7581435441970825,1.7256336212158203,-1.070481300354004,7.780657768249512,4.6031317710876465,2.3709359169006348,3.8449881076812744,1.3719093799591064,0.4702664613723755
147,9.550000000000013,450,0.0,False,0.6107531785964966,0.058362577110528946,1.2213683128356934,0.6393237709999084,-0.14298585057258606,-0.0020420828368514776,0.00390625,1.0033743605017662,0.042409024899825454,3.8710887134075165,0.893719993531704,-0.14298585057258606,1.3236360549926758,-1.9545749425888062,5.937426567077637,3.8828604221343994,1.663974404335022,4.025846481323242,0.9849381446838379,0.3672329783439636
148,21.603000000000016,397,0.0,True,0.22866055369377136,0.7230967283248901,1.0138059854507446,0.5897020101547241,-0.2664355933666229,0.011690406128764153,0.05992445136819567,0.9942250336919513,0.10999240832669395,5.413585867200579,0.5302745188985553,-0.2664355933666229,1.2524546384811401,-1.7986764907836914,4.325213432312012,5.530581951141357,1.4494857788085938,5.797017574310303,0.4506317675113678,0.2533860206604004
149,21.792000000000044,208,0.0,True,-0.5536428689956665,0.8982280492782593,1.1062383651733398,-0.1050819605588913,0.5904335379600525,-0.000652185408398509,0.02734375,1.0046554952859879,0.08137875702232122,5.5686410665512085,1.7721913754940033,0.5904335379600525,1.4088078737258911,-1.5524994134902954,5.367488384246826,5.947907447814941,1.8583332300186157,5.357473850250244,1.8232886791229248,0.4252799153327942
150,21.794000000000036,206,0.0,True,0.017698191106319427,0.6786465048789978,0.9061766266822815,0.3565683662891388,0.3771664798259735,-0.005950981518253684,0.015625,1.0088459849357605,0.07223634421825409,6.231299877166748,1.3926642537117004,0.3771664798259735,1.5204226970672607,-2.2208666801452637,5.4087324142456055,6.455749988555908,1.7031422853469849,6.078583717346191,1.4581658840179443,0.20305782556533813
151,21.66499999999995,335,0.0,True,0.45614591240882874,0.14462007582187653,1.0542311668395996,0.5279288291931152,-0.16390718519687653,-0.0007645986819018921,0.0,1.001226137081782,0.028633909299969673,5.55928373336792,1.026800274848938,-0.16390718519687653,1.1450786590576172,-2.8077495098114014,4.583189964294434,5.561130523681641,1.73149836063385,5.725038528442383,1.0543365478515625,0.5626527070999146
152,5.549999999999865,450,0.0,False,-0.13680844008922577,0.3053901493549347,0.8077670931816101,0.015482750721275806,-0.3844139575958252,0.002168667269870639,0.00390625,0.9985213726758957,0.03460015472956002,3.0488054752349854,0.468388382345438,-0.3844139575958252,0.5773748755455017,-1.8304314613342285,2.343106746673584,2.978933095932007,0.7875363826751709,3.363347053527832,0.4667103886604309,0.46250492334365845
153,5.549999999999868,450,0.0,False,-0.011783123016357422,0.27989548444747925,1.0821635723114014,0.1276235431432724,-0.4212205111980438,0.008663231856189668,0.041015625,0.9942614659667015,0.06940221972763538,3.29999503493309,0.6202563717961311,-0.4212205111980438,0.6483803987503052,-2.729578971862793,2.9487833976745605,3.2291722297668457,0.793662965297699,3.650392770767212,0.6444932818412781,0.3325979709625244
154,21.55299999999992,447,0.0,True,-0.022313330322504044,0.777908205986023,1.1109895706176758,0.3660852909088135,0.020330552011728287,0.009897660996232713,0.004535147654158729,0.9929457902908325,0.07078327451433454,3.8319524696895053,1.0416353855814253,0.020330552011728287,1.3263801336288452,-2.1644320487976074,5.951542377471924,3.890207529067993,1.851021409034729,3.8698768615722656,1.0410343408584595,0.4865322709083557
155,21.64499999999996,355,0.0,True,-0.05183395743370056,0.49311769008636475,1.2054697275161743,0.19412215054035187,0.30225443840026855,-0.00024356041103601456,0.03251488134264946,1.0042495727539062,0.08131885901093483,3.6446200609207153,1.4093585014343262,0.30225443840026855,1.304455041885376,-1.401633858680725,6.06753396987915,3.79061222076416,2.1125149726867676,3.4883577823638916,1.3674639463424683,0.6187071800231934
156,21.675999999999977,324,0.0,True,-0.1313091516494751,1.054345965385437,0.9962770938873291,0.3953656852245331,0.06104143336415291,0.004881747377415498,0.0,0.9954699675242106,0.01906963298097253,5.259010712305705,1.2011556426684062,0.06104143336415291,1.2640599012374878,-1.8388409614562988,4.084340572357178,5.108619689941406,1.809815526008606,5.04757833480835,1.0528502464294434,0.5121720433235168
157,21.740999999999943,259,0.0,True,0.2881128489971161,0.13858923316001892,1.2535171508789062,0.35678067803382874,0.6927670240402222,-0.00585916880518198,0.0,1.006955361366272,0.043509529903531075,2.823017406463623,0.5928678527474404,0.6927670240402222,2.05454158782959,-1.0032545328140259,10.764575958251953,3.411885976791382,2.3380537033081055,2.719119071960449,0.7139075398445129,0.22781586647033691
158,9.549999999999939,450,0.0,False,-1.3760433197021484,5.089848518371582,1.0024960041046143,1.1683796644210815,-0.5736293196678162,0.018706855131313205,0.060546875,0.9892340153455734,0.12041245959699154,5.6275442242622375,0.6338888630270958,-0.5736293196678162,0.9173964262008667,-1.9835734367370605,4.506093978881836,5.423007965087891,1.053170919418335,5.996637344360352,0.7094557881355286,0.24121910333633423
159,21.69799999999997,302,0.0,True,-0.08244243264198303,1.0749022960662842,1.0076879262924194,0.4545048773288727,-0.11036919802427292,0.002549480193556519,0.09538043439388275,1.0033475518226624,0.10971512496471406,5.758371257781983,0.79643474817276,-0.11036919802427292,1.3685649633407593,-1.6137089729309082,5.94309139251709,5.932342529296875,1.6018799543380737,6.0427117347717285,0.8868452906608582,0.27008742094039917
160,5.549999999999892,450,0.0,False,1.393303632736206,0.23725633323192596,1.1457209587097168,1.5113588571548462,-0.6657225489616394,0.007884703576564789,0.21875,1.0081594064831734,0.1695976024493575,4.530578255653381,0.7774305120110512,-0.6657225489616394,0.5854978561401367,-2.5172057151794434,2.40712308883667,4.388235092163086,1.0195709466934204,5.053957939147949,0.8753596544265747,0.6702265739440918
161,21.860000000000028,140,0.0,True,-1.5115139484405518,2.6169795989990234,1.1470096111297607,-0.20359764993190765,1.6741679906845093,0.0002058432437479496,0.0,0.9998967051506042,0.014007948028544584,3.3770999908447266,0.8272024393081665,1.6741679906845093,1.6717971563339233,-0.9351491928100586,6.6545729637146,5.1223883628845215,1.8840709924697876,3.4482204914093018,0.8257647156715393,0.21264129877090454
162,21.840000000000053,160,0.0,True,-0.9718522429466248,1.9102473258972168,1.0843336582183838,-0.01727074757218361,0.8351368308067322,0.00022443383932113647,0.0,0.9998347163200378,0.010515502654016018,5.593442598978679,0.7679345011711121,0.8351368308067322,1.679648995399475,-1.4419991970062256,4.708841323852539,6.34436559677124,1.5714209079742432,5.509228706359863,0.7741847634315491,-0.14248895645141602
163,21.66199999999994,338,0.0,True,-0.6535634398460388,0.904949426651001,1.1974493265151978,-0.20168745517730713,0.4318821132183075,0.001986599604909619,0.0,0.9985610743363699,0.031476039749880634,3.34449831644694,1.0257242619991302,0.4318821132183075,1.457106351852417,-1.2926130294799805,7.791895389556885,3.525554656982422,2.076667070388794,3.093672275543213,0.9889026880264282,0.5076786279678345
164,21.630999999999904,369,0.0,True,0.2646711766719818,0.7359344959259033,1.1565916538238525,0.632060170173645,-0.11314397305250168,0.0014183404855430126,0.0,0.9988222519556681,0.02080179611220956,4.976388295491536,0.9899770418802897,-0.11314397305250168,1.4309192895889282,-3.0138039588928223,7.075277328491211,4.817880630493164,1.9647822380065918,4.931024551391602,0.9709477424621582,0.4696025252342224
165,21.868999999999993,131,0.0,True,-2.063251256942749,3.920668601989746,1.2099202871322632,-0.1035219132900238,1.502338171005249,-0.0002909565543329033,0.0,1.0003114541371663,0.0061945330041150255,3.731844504674276,1.3747914830843608,1.502338171005249,1.7274553775787354,-0.46555036306381226,7.862890243530273,5.438887596130371,2.6109676361083984,3.936549186706543,1.6393306255340576,0.5622655153274536
166,21.680999999999994,319,0.0,True,-0.3614223599433899,0.8684121370315552,1.2106733322143555,0.07217837125062943,0.3385932147502899,0.005390964262187481,0.0,0.9958347797393798,0.04718126654624939,4.040628480911255,1.5111976385116577,0.3385932147502899,1.3190032243728638,-2.369847059249878,6.143725395202637,4.181204795837402,2.0879786014556885,3.84261155128479,1.4571739435195923,0.6009387373924255
167,-0.45000000000000034,450,0.0,False,0.3475831151008606,0.06484194099903107,1.1830575466156006,0.37941256165504456,-0.6804243922233582,0.004223318537697196,0.01171875,0.9985438361763954,0.06455864105373621,3.6836905479431152,0.21915806829929352,-0.6804243922233582,0.22757194936275482,-1.4116837978363037,0.20667502284049988,3.4259591102600098,0.14789071679115295,4.106383800506592,0.22833406925201416,-1.367856740951538
168,21.88299999999999,117,0.0,True,-2.0328991413116455,5.172033786773682,1.1505006551742554,0.552542507648468,1.9185985326766968,7.518399797845632e-05,0.0,0.9999381601810455,0.005079148802906275,3.942413091659546,1.4279693365097046,1.9185985326766968,2.288100242614746,-0.22545918822288513,9.870318412780762,5.895100116729736,2.617051601409912,3.976501941680908,1.4620684385299683,0.2355913519859314
169,21.828999999999994,171,0.0,True,-0.7706100940704346,1.289392113685608,1.1095775365829468,-0.12646882236003876,0.6511291265487671,-0.0013907427589098613,0.0,1.0025997360547383,0.044857919216156006,5.535500526428223,1.7688541809717815,0.6511291265487671,1.4030613899230957,-1.5631250143051147,5.957467079162598,6.095704555511475,2.3500869274139404,5.444575309753418,1.7801934480667114,0.6435607671737671
170,21.75200000000006,248,0.0,True,-0.49355727434158325,1.2525966167449951,0.9358339905738831,0.1322731226682663,0.06044978275895119,0.000985188380582258,0.0,0.9993796497583389,0.026069849263876677,6.647614002227783,1.2282857298851013,0.06044978275895119,1.3049181699752808,-3.114563226699829,4.6437530517578125,6.601238250732422,1.4693483114242554,6.540788650512695,1.2457505464553833,0.21129059791564941
171,21.81700000000007,183,0.0,True,-0.2760333716869354,1.4813216924667358,0.8991960883140564,0.4641778767108917,0.31347763538360596,0.002202755150695642,0.0,0.9983926812807719,0.03414205585916837,6.905826886494954,1.5611904462178547,0.31347763538360596,1.7746002674102783,-1.8932021856307983,5.360838413238525,7.196962356567383,1.403055191040039,6.883484840393066,1.5937604904174805,-0.5997477769851685
172,5.549999999999865,450,0.0,False,0.24043968319892883,0.10749086737632751,1.191979169845581,0.29358911514282227,-0.6925072073936462,0.0029797779861837626,0.181640625,1.0075993090867996,0.14470575749874115,4.567645072937012,0.6861452460289001,-0.6925072073936462,0.7286646962165833,-2.8478522300720215,1.9626034498214722,4.44127082824707,0.8274349570274353,5.133777618408203,0.7578164935112,0.22448956966400146
173,2.55,450,0.0,False,0.5378619432449341,0.001139386324211955,0.9062994122505188,0.53797847032547,-0.5744306445121765,0.013028761022724211,0.140625,0.9936653971672058,0.10916626546531916,3.8238049149513245,0.29465069249272346,-0.5744306445121765,0.474477082490921,-1.3748652935028076,2.1616740226745605,3.7949159145355225,0.6450501680374146,4.369346618652344,0.34776607155799866,0.45894235372543335
174,9.549999999999908,450,0.0,False,0.36520734429359436,0.03230336681008339,1.199835181236267,0.3807591199874878,-0.10762494057416916,0.003426631446927786,0.005859375,0.9989946931600571,0.06442701979540288,3.3715620636940002,0.9924648739397526,-0.10762494057416916,0.9677642583847046,-2.2745108604431152,6.089890956878662,3.324716329574585,1.3403102159500122,3.4323413372039795,0.9352578520774841,0.47865110635757446
175,21.6069999999999,393,0.0,True,-0.4987604320049286,0.8062304854393005,1.250307321548462,-0.09627034515142441,0.3181532919406891,-0.005840767574097429,0.018105158848421916,1.0072746106556483,0.04900545999407768,2.7374982833862305,1.2333203979900904,0.3181532919406891,1.4341461658477783,-1.6280977725982666,6.5051679611206055,2.796527147293091,2.1886587142944336,2.4783737659454346,1.1075937747955322,0.5706310272216797
176,21.74000000000003,260,0.0,True,-1.8287861347198486,2.780815839767456,1.1051157712936401,-0.43893077969551086,0.4886791408061981,0.011005617678165436,0.08125,0.9962905287742615,0.10387523472309113,4.80540246963501,1.556829571723938,0.4886791408061981,1.3584502935409546,-1.5481592416763306,5.842839241027832,4.725693702697754,1.895809531211853,4.2370147705078125,1.4660205841064453,0.4865500330924988
177,5.549999999999894,450,0.0,False,0.49856454133987427,0.022129669785499573,1.2678107023239136,0.5089954733848572,-0.4725536108016968,0.028900092002004385,0.076171875,0.9760818779468536,0.05488724051974714,3.8063264191150665,0.5804824009537697,-0.4725536108016968,0.6106409430503845,-2.116684675216675,2.960775136947632,3.5798792839050293,0.916139543056488,4.052433490753174,0.6733551621437073,0.5557283163070679
178,21.67900000000001,321,0.0,True,0.7046136856079102,0.34697502851486206,1.3693219423294067,0.8774165511131287,0.48043137788772583,0.001404478835562865,0.0026041666666666665,0.9992739657560984,0.030234194205452997,3.245522658030192,1.0893488725026448,0.48043137788772583,1.2808680534362793,-1.2895846366882324,5.571838855743408,3.7061641216278076,2.089174747467041,3.2257325649261475,1.2743643522262573,0.6241112947463989
179,21.72699999999994,273,0.0,True,-0.006235371809452772,0.21952848136425018,1.0546631813049316,0.10300154238939285,0.4638126492500305,0.000706199835985899,0.0,1.000079905986786,0.036989203095436095,3.8971445083618166,0.892477285861969,0.4638126492500305,1.8116453886032104,-1.4566560983657837,9.597116470336914,4.160503387451172,2.210005044937134,3.696690797805786,0.9131476879119873,0.3280145525932312
180,21.66200000000007,338,0.0,True,-0.5849523544311523,1.6593366861343384,1.0563095808029175,0.2441878318786621,-0.03608173131942749,0.005613063306858142,0.0,0.9952918390432993,0.04068163720269998,5.787119547526042,1.5970155795415242,-0.03608173131942749,1.3101539611816406,-1.998757004737854,5.734537124633789,5.668201923370361,1.6670596599578857,5.704283237457275,1.5967122316360474,0.38235002756118774
181,21.817,183,0.0,True,-0.7022587060928345,0.8571969866752625,1.0793451070785522,-0.27419987320899963,0.7825765609741211,-0.0010858056678747137,0.0,1.001281499862671,0.017561864107847214,5.259389718373616,1.8318564494450886,0.7825765609741211,1.394622564315796,-2.0944483280181885,5.844644546508789,6.010184288024902,2.207261085510254,5.227607727050781,1.8367462158203125,0.6007857322692871
182,21.819999999999993,180,0.0,True,-0.4289475679397583,1.0118482112884521,1.0321500301361084,0.07646046578884125,0.4886782169342041,-0.003918012914558251,0.0,1.0042211612065632,0.02335348663230737,6.398935794830322,0.9648374915122986,0.4886782169342041,1.5069714784622192,-1.5334806442260742,5.432271480560303,6.758451461791992,1.8105112314224243,6.269773960113525,0.9657718539237976,0.3072003722190857
183,21.801999999999957,198,0.0,True,0.17554625868797302,0.22761023044586182,1.2057690620422363,0.28874850273132324,0.6467204093933105,0.0030571352690458298,0.0,0.9971955567598343,0.02200133865699172,4.576933860778809,1.0000028163194656,0.6467204093933105,2.0301220417022705,-2.02336049079895,9.097125053405762,5.0938849449157715,2.512070894241333,4.447164535522461,1.1218186616897583,0.3468988537788391
184,21.730999999999977,269,0.0,True,-0.5045958161354065,1.203716516494751,1.0651700496673584,0.09672985970973969,0.06046205759048462,0.00342063270509243,0.0,0.9969672799110413,0.024930508248507975,5.8538844108581545,1.7643500804901122,0.06046205759048462,1.396665096282959,-2.222947120666504,6.061312198638916,5.770323276519775,2.121774196624756,5.7098612785339355,1.691293716430664,0.5667024850845337
185,21.884,116,0.0,True,-0.9916895627975464,1.4340227842330933,1.005802869796753,-0.2751810848712921,1.0461121797561646,-0.0013829083763994277,0.0,1.0014212131500244,0.008490266045555472,6.7877020835876465,1.4082738757133484,1.0461121797561646,1.2575864791870117,-1.7176342010498047,5.5044426918029785,7.789345741271973,1.8783340454101562,6.743232727050781,1.4066181182861328,0.5517399311065674
186,5.549999999999863,450,0.0,False,1.1190030574798584,0.1290871798992157,1.254320502281189,1.1829195022583008,-0.6388809084892273,0.001983576687052846,0.001953125,0.999721959233284,0.05643841251730919,4.382712364196777,0.6405766755342484,-0.6388809084892273,0.5470739603042603,-2.3842613697052,2.0240297317504883,4.074002742767334,0.9487347602844238,4.712883472442627,0.6557353138923645,0.6674916744232178
187,21.712999999999973,287,0.0,True,0.05927141755819321,0.7136030793190002,1.1423335075378418,0.41550180315971375,0.12056434899568558,0.001000417210161686,0.0,0.9996678590774536,0.03651900514960289,4.857601547241211,1.2144835472106934,0.12056434899568558,1.3386690616607666,-2.1539790630340576,5.800567150115967,5.0979413986206055,1.9403924942016602,4.977377414703369,1.250043511390686,0.5240435004234314
188,21.62199999999998,378,0.0,True,-0.08741365373134613,0.6770691275596619,1.1493006944656372,0.25054627656936646,-0.017199505120515823,0.0016020304659226288,0.005208333333333333,0.9995157917340597,0.04415097087621689,4.837243556976318,1.5783746639887493,-0.017199505120515823,1.1612766981124878,-1.9646953344345093,5.371984481811523,4.7996954917907715,2.0550103187561035,4.816895008087158,1.5908448696136475,0.6806672811508179
189,21.632999999999917,367,0.0,True,0.11395549774169922,0.5506842732429504,1.155907392501831,0.38871967792510986,0.03705771639943123,-0.0006793998181819916,0.00615026584515969,1.0044455528259277,0.0854702355961005,4.342120885848999,1.2580716808636982,0.03705771639943123,1.3557113409042358,-2.4471092224121094,7.759933948516846,4.383681297302246,2.118767499923706,4.34662389755249,1.2541728019714355,0.5905811786651611
190,21.72999999999996,270,0.0,True,-0.2413320094347,0.6853703260421753,1.1751229763031006,0.10076559334993362,0.09721382707357407,0.016805702820420265,0.00625,0.9859954833984375,0.06975562870502472,5.6750343322753904,1.0426725029945374,0.09721382707357407,1.6246392726898193,-2.2770423889160156,7.932751178741455,5.679370403289795,1.9871268272399902,5.582156181335449,1.038824439048767,0.331559419631958
191,5.549999999999873,450,0.0,False,0.6468815803527832,0.015823597088456154,1.1650004386901855,0.6542108654975891,-0.42155545949935913,-0.0007502262014895678,0.00390625,1.0014309138059616,0.03681471897289157,3.035489469766617,0.63811144977808,-0.42155545949935913,0.4670374393463135,-1.767339825630188,2.603072166442871,2.9809322357177734,0.9673899412155151,3.4024875164031982,0.7300325036048889,0.7669225931167603
192,5.54999999999994,450,0.0,False,0.14429166913032532,0.08856764435768127,1.2968566417694092,0.18792706727981567,-0.4006829857826233,0.006945897359400988,0.048828125,0.9964857697486877,0.07638585194945335,3.1231197118759155,0.4030640199780464,-0.4006829857826233,0.5602415204048157,-2.3248631954193115,1.6170110702514648,3.2476565837860107,0.5876142978668213,3.6483397483825684,0.5188888907432556,0.09099572896957397
193,21.935,65,0.0,True,-1.3648436069488525,0.8581073880195618,1.1771295070648193,-0.9363784790039062,3.8159148693084717,0.005251295864582062,0.0,0.9947801828384399,0.0023708681110292673,3.766812562942505,0.9919973015785217,3.8159148693084717,2.090172290802002,1.2494170665740967,9.70306396484375,7.803630352020264,2.3863041400909424,3.987715482711792,1.972409725189209,0.23279279470443726
194,21.83099999999997,169,0.0,True,-0.8512037992477417,1.7832530736923218,1.1500345468521118,0.0398477204144001,0.9563004374504089,-0.0012858104115972917,0.0,1.0015423893928528,0.020695210434496403,4.702257792154948,0.9626681407292684,0.9563004374504089,1.922283411026001,-1.8155345916748047,7.5967559814453125,5.5369553565979,2.3910257816314697,4.580655097961426,0.9593187570571899,0.3536521792411804
195,5.549999999999905,450,0.0,False,1.0260398387908936,0.2242649495601654,1.180163025856018,1.1375821828842163,-0.8235728144645691,0.004218606278300285,0.001953125,0.9961180463433266,0.019514224375598133,5.66840124130249,0.7828664258122444,-0.8235728144645691,0.6796002984046936,-3.265624761581421,2.2872183322906494,5.143431186676025,0.9883652329444885,5.967004299163818,0.813266396522522,0.5272058248519897
196,21.870999999999995,129,0.0,True,-3.4198272228240967,6.261678218841553,1.1820363998413086,-0.2895791232585907,1.235495924949646,0.006207750489314397,0.0,0.9938709735870361,0.005901332789411147,5.296742757161458,0.7702931960423788,1.235495924949646,1.4602024555206299,-0.6343276500701904,5.991995811462402,6.807272911071777,1.9040433168411255,5.571776866912842,1.1565301418304443,0.411871075630188
197,21.775000000000077,225,0.0,True,-0.45695415139198303,1.7914259433746338,1.093091368675232,0.4382122755050659,0.22940002381801605,-0.0036705511156469584,0.0,1.0044096261262894,0.03561487793922424,6.529590845108032,1.5080675184726715,0.22940002381801605,1.8562067747116089,-2.824066638946533,6.475833892822266,6.723437786102295,1.6738442182540894,6.494037628173828,1.5497585535049438,-0.2297663688659668
198,5.549999999999884,450,0.0,False,-0.3308563828468323,0.5757357478141785,1.1014411449432373,-0.04353922978043556,-0.4396190941333771,0.0022450597025454044,0.013671875,0.9990573599934578,0.04658296355046332,3.9792754352092743,0.8337545245885849,-0.4396190941333771,0.6414947509765625,-2.180293560028076,2.0032057762145996,3.8036506175994873,0.9664087295532227,4.243269443511963,0.7667713761329651,0.5593796968460083
199,21.676000000000027,324,0.0,True,-1.1926370859146118,2.035714626312256,1.1917575597763062,-0.17537565529346466,0.1802130937576294,-0.011174604296684265,0.0026041666666666665,1.0123229225476582,0.03834303437421719,4.399777173995972,0.9854945416251818,0.1802130937576294,1.3203980922698975,-1.5008246898651123,5.1497802734375,4.721653938293457,1.758492112159729,4.541440963745117,1.2073534727096558,0.43619513511657715
200,5.5499999999998995,450,0.0,False,0.8116632699966431,0.23635169863700867,1.3293012380599976,0.9291744828224182,-0.3490552604198456,-0.0014732812996953726,0.00390625,1.0022887140512466,0.03923797397874296,3.08362939953804,0.60550157725811,-0.3490552604198456,0.4522678256034851,-1.567092776298523,1.9327219724655151,2.9367525577545166,0.8834359049797058,3.2858076095581055,0.7265568375587463,0.7379155158996582
201,9.549999999999933,450,0.0,False,0.6178771257400513,0.07864801585674286,1.0649254322052002,0.6566686630249023,-0.15737633407115936,-0.003936084336601198,0.0,1.0047251284122467,0.03561394498683512,3.537791669368744,0.9501972049474716,-0.15737633407115936,0.9711695909500122,-2.584228515625,5.765497207641602,3.4581997394561768,1.358122706413269,3.6155760288238525,1.1024084091186523,0.48865723609924316
202,21.806000000000076,194,0.0,True,-1.0647807121276855,1.2166717052459717,0.8939086198806763,-0.456891804933548,0.5122848153114319,-0.007985254749655724,0.0,1.009120374917984,0.040121049620211124,5.858009457588196,0.4879293590784073,0.5122848153114319,1.7615165710449219,-1.6602725982666016,5.877935409545898,6.210831165313721,1.9341869354248047,5.698546409606934,0.6409233808517456,0.17057615518569946
203,21.863999999999983,136,0.0,True,-0.6512970924377441,0.5347732901573181,0.9875004291534424,-0.3844042122364044,1.5024442672729492,-0.003996518750985463,0.0,1.0041834513346355,0.018150824432571728,4.267277876536052,1.0152674913406372,1.5024442672729492,2.089566707611084,-0.6978773474693298,8.644078254699707,5.669068813323975,2.3666186332702637,4.166624546051025,0.9626056551933289,0.22042858600616455
204,21.675000000000075,325,0.0,True,0.08049941062927246,1.5058730840682983,1.003520131111145,0.8329342007637024,0.18333172798156738,0.032369795410583414,0.19427083432674408,0.9789519309997559,0.13582137102882066,5.099314530690511,1.64337956905365,0.18333172798156738,1.5387781858444214,-2.0007028579711914,5.766281604766846,4.886538982391357,1.8901705741882324,4.703207492828369,1.7275986671447754,0.3372495770454407
205,21.66499999999998,335,0.0,True,-0.08685879409313202,0.6211198568344116,1.1852877140045166,0.22310848534107208,0.048702172935009,-0.0012485090022285779,0.0,1.0017610490322113,0.030744618736207485,4.682656923929851,1.2169110774993896,0.048702172935009,1.381592869758606,-2.640964984893799,6.748633861541748,4.733887672424316,1.8226782083511353,4.685184955596924,1.2322758436203003,0.4254336953163147
206,21.90000000000001,100,0.0,True,-1.8592592477798462,3.1175880432128906,1.0245639085769653,-0.300977498292923,1.9525823593139648,0.0011957734823226929,0.0,0.998828798532486,0.006863945862278342,5.6324849128723145,1.1356782913208008,1.9525823593139648,1.8576465845108032,-0.35694530606269836,7.323019981384277,7.539810657501221,1.9907786846160889,5.587228775024414,1.1492712497711182,0.1292765736579895
207,5.549999999999871,450,0.0,False,0.3588087558746338,0.03616861253976822,1.0336872339248657,0.3763762414455414,-0.4662368893623352,-0.003188607981428504,0.001953125,1.0037393495440483,0.03066919115372002,3.463769257068634,1.0133048295974731,-0.4662368893623352,0.3897373080253601,-2.231459379196167,1.2543840408325195,3.104137420654297,1.0994794368743896,3.5703744888305664,0.9906942844390869,0.8743479251861572
208,21.846999999999973,153,0.0,True,-1.2802317142486572,4.002344131469727,1.1813907623291016,0.7203496694564819,1.3728992938995361,0.00025393084312478703,0.0,0.9998118877410889,0.011014935560524464,3.5101681550343833,1.0711170832316081,1.3728992938995361,2.055131435394287,-1.3219211101531982,9.019442558288574,4.976761341094971,2.7114202976226807,3.6038622856140137,1.288824439048767,0.42550599575042725
209,21.802000000000017,198,0.0,True,-1.8377960920333862,1.7817462682724,1.0955371856689453,-0.9474707245826721,0.6367380023002625,-0.001020709692966193,0.0,1.0011979937553406,0.017531572841107845,5.662575125694275,1.3046599328517914,0.6367380023002625,1.4635796546936035,-2.1445584297180176,5.779216289520264,5.875128269195557,1.7798044681549072,5.2383904457092285,1.2910300493240356,0.3237798810005188
210,21.64400000000012,356,0.0,True,0.43251362442970276,0.7241427302360535,1.1083399057388306,0.7940308451652527,-0.22738222777843475,-0.0021752279135398567,0.0,1.0027608374754589,0.03155245864763856,5.958590110143025,0.702116330464681,-0.22738222777843475,1.2084871530532837,-1.7635191679000854,4.584597587585449,5.752781867980957,1.2703452110290527,5.980164527893066,0.7510144710540771,0.09501653909683228
211,21.841999999999988,158,0.0,True,-1.2567745447158813,3.0941622257232666,1.1390016078948975,0.2897370755672455,1.0340937376022339,0.00018190191864656904,0.0,0.9999397794405619,0.01454028021544218,4.190330743789673,1.715553840001424,1.0340937376022339,1.8238917589187622,-0.968374490737915,6.844427108764648,5.165112495422363,2.564016342163086,4.13101863861084,1.707994818687439,0.4939929246902466
212,5.549999999999894,450,0.0,False,-0.5148801207542419,0.58809894323349,0.7615935802459717,-0.22121144831180573,-0.420224666595459,-0.012296425993554294,0.025390625,1.0160013809800148,0.06789917079731822,3.3211812674999237,0.7452829927206039,-0.420224666595459,0.48637843132019043,-2.9136552810668945,1.3187838792800903,3.1531174182891846,0.9388670325279236,3.5733423233032227,0.9127159714698792,0.731626033782959
213,21.861000000000054,139,0.0,True,-1.0419440269470215,1.1083614826202393,0.9858962893486023,-0.4882562458515167,1.025620698928833,-0.00011397816706448793,0.0,1.0001654028892517,0.009564347254733244,5.571783701578776,0.7889777421951294,1.025620698928833,1.7156211137771606,-1.7620010375976562,6.161248683929443,6.5440144538879395,2.258958339691162,5.5183939933776855,0.8073721528053284,0.4231986403465271
214,21.81400000000002,186,0.0,True,-0.733442485332489,1.0222705602645874,0.9853947758674622,-0.2227998971939087,0.8167780637741089,-0.002666178780297438,0.005747126415371895,1.0043945113817851,0.056727953255176544,5.0753912925720215,1.1938233772913616,0.8167780637741089,1.3548977375030518,-0.9493542313575745,5.005043029785156,5.696197032928467,1.766219973564148,4.879418849945068,1.1670016050338745,0.4115310311317444
215,21.617999999999988,382,0.0,True,-0.018065759912133217,0.7871254682540894,1.1156526803970337,0.3749391436576843,-0.18047383427619934,0.000110845571422639,0.0,1.000137209892273,0.021235004998743534,5.331701834996541,1.1856157581011455,-0.18047383427619934,1.1308387517929077,-1.9052091836929321,4.246595859527588,5.12855339050293,1.7255644798278809,5.309027194976807,1.1773531436920166,0.5705239176750183
216,9.54999999999991,450,0.0,False,-0.2567709684371948,0.3220375180244446,1.187690019607544,-0.09634605795145035,-0.18037153780460358,-0.001976395258679986,0.00390625,1.0027161687612534,0.03707938035950065,3.0703685879707336,0.9350435808300972,-0.18037153780460358,0.9384477734565735,-1.7095541954040527,5.359925270080566,3.236891508102417,1.3790696859359741,3.4172632694244385,1.0738139152526855,0.5369287729263306
217,21.644999999999925,355,0.0,True,-0.6247942447662354,0.90193772315979,1.198330044746399,-0.17442454397678375,0.4759007394313812,0.002387729318191608,0.010416666666666666,0.9995123445987701,0.058855811754862465,2.5440123478571572,1.315472960472107,0.4759007394313812,1.370646357536316,-1.2056427001953125,6.454737663269043,2.8234760761260986,2.3336853981018066,2.3475751876831055,1.2689987421035767,0.6550420522689819
218,5.549999999999904,450,0.0,False,-0.18565106391906738,0.21904167532920837,1.1071280241012573,-0.07668378949165344,-0.4483596682548523,0.002699753502383828,0.009765625,0.9991455152630806,0.057504754047840834,3.285516083240509,1.264572262763977,-0.4483596682548523,0.4422118365764618,-1.8447813987731934,1.2291409969329834,3.1069984436035156,1.312969446182251,3.5553581714630127,1.333103895187378,0.8865638375282288
219,21.755999999999975,244,0.0,True,-0.6946833729743958,1.9954769611358643,1.1009305715560913,0.30250462889671326,0.4476695954799652,0.002957856748253107,0.0,0.9974776059389114,0.02941816719248891,4.359939336776733,1.351672500371933,0.4476695954799652,1.6037931442260742,-1.745994210243225,6.644854545593262,4.861313819885254,2.135740041732788,4.413643836975098,1.3604880571365356,0.43610280752182007
220,21.674999999999926,325,0.0,True,0.10360106080770493,0.07847803086042404,1.1809989213943481,0.14224956929683685,0.40912917256355286,0.0007845408593614896,0.0,0.9996763865152994,0.028661987744271755,2.934776186943054,1.159261379390955,0.40912917256355286,1.5280096530914307,-1.5252056121826172,6.842484474182129,3.245584487915039,2.398167133331299,2.8364551067352295,1.3120083808898926,0.594030499458313
221,21.676,324,0.0,True,-0.07508531212806702,0.16404998302459717,1.2070165872573853,0.006336171180009842,0.33679500222206116,0.0026564976821343103,0.0,0.998015950123469,0.034342220053076744,3.887474258740743,1.654935598373413,0.33679500222206116,1.3641893863677979,-2.9813671112060547,6.362668037414551,4.079847812652588,2.1007156372070312,3.7430524826049805,1.5925196409225464,0.5782891511917114
222,5.549999999999871,450,0.0,False,-0.13728410005569458,0.3777610957622528,1.2300746440887451,0.05098140984773636,-0.47982850670814514,0.0061129441019147635,0.01171875,0.9953554570674896,0.049660107120871544,3.6600805521011353,0.7809177488088608,-0.47982850670814514,0.5989850759506226,-2.6057043075561523,2.48832631111145,3.434230327606201,1.0310112237930298,3.9140586853027344,0.7788702249526978,0.6624755263328552
223,21.89100000000002,109,0.0,True,-2.0957279205322266,3.7335257530212402,0.9807363152503967,-0.22945541143417358,1.9366252422332764,-0.0017045161221176386,0.0,1.0017675161361694,0.010735918302088976,5.274669408798218,1.0297280251979828,1.9366252422332764,1.8169448375701904,-0.6403579115867615,7.206133842468262,7.166046142578125,2.2929093837738037,5.2294206619262695,1.071308970451355,0.37207210063934326
224,21.754000000000065,246,0.0,True,-0.09476581960916519,1.3603169918060303,1.020829439163208,0.5848822593688965,0.3374638557434082,0.0035578070674091578,0.0,0.9976290464401245,0.04612736217677593,5.334720253944397,1.4929331541061401,0.3374638557434082,1.7772619724273682,-4.750678539276123,4.8963165283203125,5.527322769165039,1.4859286546707153,5.189858436584473,1.4971685409545898,-0.4305628538131714
225,9.54999999999989,450,0.0,False,0.023608136922121048,0.021743325516581535,0.9841461777687073,0.033987727016210556,-0.2257702350616455,-0.004570441786199808,0.0,1.0052267014980316,0.03452834230847657,4.017525404691696,0.7804534956812859,-0.2257702350616455,1.0151323080062866,-1.7889785766601562,5.1436357498168945,3.9297027587890625,1.3466312885284424,4.155472755432129,0.7786836624145508,0.4317389726638794
226,-0.45000000000000034,450,0.0,False,0.882785439491272,0.001023201271891594,1.0044569969177246,0.8827947974205017,-0.8051767349243164,0.0016585092525929213,0.193359375,1.0088946372270584,0.14048890210688114,4.537801682949066,0.2960251644253731,-0.8051767349243164,0.34711191058158875,-1.844921588897705,0.8322244882583618,4.295095920562744,0.3033709228038788,5.1002726554870605,0.3496555984020233,-0.3091549873352051
227,5.549999999999884,450,0.0,False,0.2542247176170349,0.015998682007193565,1.2712379693984985,0.2615884244441986,-0.20392531156539917,-0.0010267185280099511,0.015625,1.0022017881274223,0.04800910549238324,2.039826288819313,0.6875525563955307,-0.20392531156539917,0.49888476729393005,-2.062086820602417,2.543549060821533,2.1408073902130127,0.9960574507713318,2.3447325229644775,0.7983241081237793,0.7491397857666016
228,5.549999999999873,450,0.0,False,0.15101565420627594,0.033744264394044876,1.208305835723877,0.16728363931179047,-0.28536778688430786,-0.0013453348074108362,0.009765625,1.002106860280037,0.03611661307513714,2.3915130496025085,0.973534531891346,-0.28536778688430786,0.4388474225997925,-1.5775877237319946,1.7748050689697266,2.4094414710998535,1.2338542938232422,2.6948094367980957,1.0766336917877197,0.8734974265098572
229,21.564999999999934,435,0.0,True,-0.33089497685432434,0.8787207007408142,1.1951967477798462,0.1078677773475647,0.34242114424705505,-0.0003491525671311787,0.02070203104189464,1.0037029470716203,0.07466688326426915,2.5137997695377896,1.3282340935298376,0.34242114424705505,1.2536929845809937,-2.1691553592681885,6.425814628601074,2.6640946865081787,2.053220510482788,2.3216733932495117,1.2636466026306152,0.6271697282791138
230,21.816000000000038,184,0.0,True,-0.8646172285079956,1.247507929801941,1.0812773704528809,-0.24140390753746033,0.8308946490287781,-0.00646619809170564,0.0,1.0071625709533691,0.034492120146751404,4.878088315327962,1.886849085489909,0.8308946490287781,1.551957607269287,-2.261793375015259,5.21663761138916,5.535614967346191,1.9280714988708496,4.7047200202941895,1.8650085926055908,0.352091908454895
231,21.733999999999966,266,0.0,True,-0.45186933875083923,0.7223535776138306,1.1192253828048706,-0.0912521630525589,0.46814578771591187,5.607679486274719e-06,0.05125000029802322,1.0025517821311951,0.0638557281345129,3.6047692775726317,1.4545220375061034,0.46814578771591187,1.391450047492981,-1.0177664756774902,5.231048583984375,3.8407256603240967,2.349482297897339,3.37257981300354,1.471449375152588,0.6492555141448975
232,21.791000000000075,209,0.0,True,0.22403325140476227,1.1673011779785156,0.900344967842102,0.8072336316108704,0.2843489348888397,-0.0003788209578488022,0.0,1.0005804598331451,0.01987485820427537,6.405617952346802,1.6608924269676208,0.2843489348888397,1.6866350173950195,-2.463987112045288,5.953191757202148,6.383525848388672,1.4509916305541992,6.09917688369751,1.6843777894973755,-0.3511775732040405
233,21.854000000000013,146,0.0,True,-0.401334285736084,0.4263945519924164,1.03025221824646,-0.1886521428823471,1.1930086612701416,-0.001294840204839905,0.0,1.001317024230957,0.006096290114025275,5.296440442403157,1.918754021326701,1.1930086612701416,1.7633178234100342,-0.7884263396263123,7.619022846221924,6.395357608795166,2.094334125518799,5.2023491859436035,2.0778725147247314,0.29112565517425537
234,21.717999999999968,282,0.0,True,-0.2483598291873932,0.3538612723350525,1.1644010543823242,-0.07201139628887177,0.34013447165489197,-0.0027390615083277225,0.0,1.0031178951263429,0.025913627073168754,4.492410182952881,1.0803364872932435,0.34013447165489197,1.5809178352355957,-2.0960421562194824,6.929495811462402,4.685268878936768,1.9743314981460571,4.345134258270264,1.1067237854003906,0.3588222861289978
235,5.549999999999894,450,0.0,False,0.27396753430366516,0.008710794150829315,1.190577507019043,0.2777276337146759,-0.4583013653755188,0.00841041887179017,0.095703125,0.9984368979930878,0.10557833034545183,3.1885661482810974,0.8810027912259102,-0.4583013653755188,0.4755389392375946,-2.061424732208252,1.919874906539917,3.1839067935943604,1.0912386178970337,3.6422080993652344,1.1078494787216187,0.8100965619087219
236,21.70299999999997,297,0.0,True,-0.11880958825349808,0.6666781306266785,1.092105746269226,0.2139834314584732,0.14114266633987427,0.00526979569112882,0.008003048598766327,0.996142590045929,0.050989716127514836,5.0109718322753904,1.4074256658554076,0.14114266633987427,1.2331757545471191,-1.6277648210525513,6.145670413970947,5.209643363952637,1.984904408454895,5.068500518798828,1.435105562210083,0.6140146851539612
237,21.721999999999944,278,0.0,True,-0.8270514607429504,2.104257345199585,1.2026158571243286,0.2244759052991867,0.5123032331466675,0.0007303237915039062,0.0,0.9995079636573792,0.021458656713366508,3.40789737701416,1.3901114225387574,0.5123032331466675,1.43671715259552,-1.0675296783447266,6.350171089172363,3.7546629905700684,2.4043350219726562,3.2423593997955322,1.2977417707443237,0.6429306864738464
238,5.549999999999873,450,0.0,False,0.27160608768463135,0.006134456023573875,1.1942393779754639,0.2740761935710907,-0.463824063539505,0.0008857387583702803,0.001953125,1.0004156082868576,0.0487324558198452,3.405042916536331,0.7535393759608269,-0.463824063539505,0.48821884393692017,-2.7256646156311035,2.1620657444000244,3.207155227661133,1.0701225996017456,3.6709792613983154,0.8392083048820496,0.7918569445610046
239,9.549999999999947,450,0.0,False,0.4481472373008728,0.05505716800689697,1.1505894660949707,0.4751005172729492,-0.2628660798072815,0.006257741013541818,0.041015625,0.9977772086858749,0.0887585342861712,3.6749283969402313,1.4293491840362549,-0.2628660798072815,1.05183744430542,-2.2858967781066895,4.398519515991211,3.7411248683929443,1.5606663227081299,4.00399112701416,1.4829939603805542,0.5457686185836792
240,5.5499999999998675,450,0.0,False,1.6088199615478516,0.7736048698425293,1.1613342761993408,1.9950417280197144,-0.46201321482658386,0.013268038630485535,0.02734375,0.9907825365662575,0.0840246295556426,3.1539184749126434,0.9013257548213005,-0.46201321482658386,0.5862630009651184,-3.831733226776123,1.3486895561218262,3.0245871543884277,1.128597378730774,3.486600637435913,1.0213881731033325,0.7301596403121948
241,21.859999999999996,140,0.0,True,-0.5014265775680542,0.5639228224754333,1.1392340660095215,-0.22003477811813354,1.208686113357544,0.0042460936432083445,0.0,0.99591596921285,0.016250361998875935,5.005244890848796,1.3605809609095256,1.208686113357544,1.9395153522491455,-0.900908350944519,6.860116004943848,6.205209255218506,1.935686469078064,4.996523857116699,1.288610577583313,-0.003960013389587402
242,21.565999999999903,434,0.0,True,-0.1737557202577591,0.3696376085281372,1.197810173034668,0.010464178398251534,0.3487321138381958,0.0015265632287732192,0.024196428379842212,1.0007859213011605,0.059557244181632996,2.5398877348218645,1.1319816708564758,0.3487321138381958,1.4642114639282227,-0.9486912488937378,8.317363739013672,2.626255750656128,2.1404080390930176,2.2775237560272217,1.0770565271377563,0.5320338010787964
243,21.605999999999966,394,0.0,True,0.4216230511665344,0.1488543003797531,1.087769865989685,0.49550631642341614,-0.19070227444171906,0.0042325834344540325,0.015625,0.9990870782307216,0.07752238852637154,5.070783683231899,1.3255274977002824,-0.19070227444171906,1.192033290863037,-2.2259204387664795,4.889284133911133,4.980658054351807,1.8255146741867065,5.171360492706299,1.362216591835022,0.573610782623291
244,5.5499999999998755,450,0.0,False,0.7567542791366577,0.03552143648266792,1.1967129707336426,0.7739166021347046,-0.4393586814403534,-0.0046347323805093765,0.001953125,1.0057811960577965,0.04344743490219116,2.788389265537262,0.9249327480792999,-0.4393586814403534,0.4800623655319214,-3.512310266494751,1.3508752584457397,2.9126884937286377,1.1672308444976807,3.3520476818084717,1.1209149360656738,0.8308461904525757
245,21.733999999999938,266,0.0,True,-0.2627555727958679,2.475623369216919,1.1456629037857056,0.9744832515716553,0.5441949963569641,0.0006706663407385349,0.0,0.9998381972312927,0.030406630039215087,3.468695116043091,1.2117197036743164,0.5441949963569641,1.997342586517334,-2.95314884185791,9.706159591674805,3.913964033126831,2.405268907546997,3.3697683811187744,1.148395299911499,0.31043076515197754
246,21.71400000000004,286,0.0,True,-0.17405499517917633,0.5597066283226013,1.1528394222259521,0.10522189736366272,0.38058021664619446,-0.0005123213864862919,0.0,1.0013608574867248,0.039533044770359994,4.047361421585083,1.2311728954315186,0.38058021664619446,1.3393025398254395,-1.7582796812057495,5.588778018951416,4.147491455078125,1.8645931482315063,3.766911745071411,1.2138735055923462,0.48407185077667236
247,21.633999999999897,366,0.0,True,0.16937687993049622,0.4164417088031769,1.1743648052215576,0.3770105540752411,0.1389942765235901,-0.001362521278982361,0.0036231884732842445,1.0044822295506795,0.07172491153081258,3.742504278818766,0.8879415690898895,0.1389942765235901,1.8073816299438477,-1.9313952922821045,11.309938430786133,3.7448933124542236,2.145540237426758,3.605898857116699,0.8497054576873779,0.2903789281845093
248,21.670999999999946,329,0.0,True,-0.1511228084564209,0.8251465559005737,1.1644257307052612,0.26086825132369995,0.13334469497203827,-0.0014892710993687313,0.0,1.0019821027914684,0.02976707338045041,4.09333598613739,1.6260270873705547,0.13334469497203827,1.3251824378967285,-1.8522107601165771,4.742514610290527,4.117558479309082,2.214207410812378,3.9842140674591064,1.5944490432739258,0.6418089866638184
249,5.549999999999864,450,0.0,False,0.4078960418701172,0.00045243394561111927,1.264294147491455,0.4074901342391968,-0.2667158544063568,0.0026739968452602625,0.0,1.0000060573220253,0.06913127610459924,1.799361228942871,0.5708258152008057,-0.2667158544063568,0.44064974784851074,-1.5864163637161255,2.1744155883789062,1.8283202648162842,0.8358830809593201,2.095036029815674,0.6531839966773987,0.722095251083374
250,5.549999999999911,450,0.0,False,-0.2740527391433716,0.5002245306968689,1.3052462339401245,-0.02459309622645378,-0.2620817720890045,-0.005068150348961353,0.005859375,1.0063405185937881,0.04555898392572999,2.4635479748249054,0.7818059846758842,-0.2620817720890045,0.42189162969589233,-1.0453262329101562,2.486420154571533,2.398207426071167,0.9455713629722595,2.6602892875671387,0.7809165120124817,0.8009266257286072
251,21.770999999999994,229,0.0,True,-1.126213550567627,2.101550340652466,1.13100266456604,-0.07600387930870056,0.6141543984413147,-0.005411632591858506,0.006756756920367479,1.007220447063446,0.05329198157414794,4.214206337928772,1.5575413703918457,0.6141543984413147,1.5745806694030762,-1.6748014688491821,6.197122573852539,4.6855363845825195,2.099998712539673,4.07138204574585,1.5235867500305176,0.43779879808425903
252,21.773000000000003,227,0.0,True,-0.4484122097492218,0.7768866419792175,1.0767117738723755,-0.06050724536180496,0.597683846950531,0.003643852542154491,0.0071428571827709675,0.997933030128479,0.053108626045286655,4.370531439781189,1.8892889022827148,0.597683846950531,1.3984839916229248,-1.222434163093567,5.726430892944336,4.72930383682251,2.369446039199829,4.131619453430176,1.8738856315612793,0.6516455411911011
253,21.728999999999957,271,0.0,True,-0.38364991545677185,1.5818285942077637,1.1324506998062134,0.40669816732406616,0.46242204308509827,0.0005121290683746338,0.016458334028720857,1.0023948073387146,0.07047882154583932,4.120654439926147,1.4954272031784057,0.46242204308509827,1.614063024520874,-2.4671499729156494,7.784649848937988,4.303463935852051,2.321369171142578,3.8410420417785645,1.4347485303878784,0.5165488719940186
254,21.590999999999994,409,0.0,True,0.33094000816345215,0.5789880752563477,0.9767469763755798,0.6199456453323364,-0.3173663318157196,0.002933487429150513,0.0,0.9975977114268711,0.031066163842167174,5.846096243177142,1.9082663229533605,-0.3173663318157196,1.2603240013122559,-3.7026407718658447,6.051375389099121,5.679380893707275,2.041553497314453,5.996747016906738,1.9648003578186035,0.6188965439796448
255,21.790999999999997,209,0.0,True,-0.3314770460128784,1.0420873165130615,1.0935345888137817,0.1890198439359665,0.34966135025024414,0.00035985419526696205,0.0,1.0001630634069443,0.028117317473515868,5.307016134262085,1.4587955176830292,0.34966135025024414,1.2832355499267578,-1.6435285806655884,4.718414783477783,5.6837382316589355,2.079216241836548,5.334077835083008,1.5516936779022217,0.6190978288650513
256,21.734999999999964,265,0.0,True,-0.6628172397613525,0.5608504414558411,1.1731170415878296,-0.3829785883426666,0.497710257768631,0.011874398589134217,0.009375,0.9907881021499634,0.06697325855493545,3.6898881435394286,2.003511834144592,0.497710257768631,1.3867485523223877,-2.0584588050842285,6.391413688659668,3.992887258529663,2.6995129585266113,3.4951770305633545,1.9653116464614868,0.7361090183258057
257,21.711999999999996,288,0.0,True,-0.12785351276397705,1.010547399520874,1.2006442546844482,0.3768198788166046,0.2211136817932129,0.0017645925283432007,0.084375,1.003039503097534,0.09616674333810807,4.843753910064697,2.164534854888916,0.2211136817932129,1.3926674127578735,-1.6338448524475098,6.893771171569824,4.815316200256348,2.398320436477661,4.594202518463135,2.1461775302886963,0.6628055572509766
258,5.549999999999865,450,0.0,False,0.43833065032958984,0.00836225040256977,1.2808036804199219,0.44187137484550476,-0.24422472715377808,0.004605064983479679,0.0,0.9964280053973198,0.04298684699460864,2.314619690179825,0.6106515228748322,-0.24422472715377808,0.5478332042694092,-2.341369152069092,2.433781623840332,2.3242714405059814,0.9224914312362671,2.5684962272644043,0.6774383783340454,0.6473271250724792
259,5.549999999999917,450,0.0,False,0.5617891550064087,0.010536350309848785,1.1973519325256348,0.5664586424827576,-0.5015683174133301,-0.010616291547194123,0.11328125,1.017598681151867,0.10175828542560339,3.5748634338378906,0.9209408164024353,-0.5015683174133301,0.5830382108688354,-2.061506509780884,1.6866700649261475,3.5491464138031006,0.9753628373146057,4.05071496963501,0.9842197895050049,0.6426764130592346
260,21.665999999999947,334,0.0,True,-0.7437906861305237,2.824712038040161,1.1851221323013306,0.6679727435112,0.10948773473501205,0.007076321790615718,0.017113095770279568,0.9947223464647929,0.05862694482008616,4.548641363779704,1.295567472775777,0.10948773473501205,1.5241657495498657,-2.582228899002075,8.120516777038574,4.695722579956055,2.1429483890533447,4.586235046386719,1.3256499767303467,0.49412763118743896
261,5.5499999999998755,450,0.0,False,0.546523928642273,0.02150360494852066,1.181132435798645,0.5566851496696472,-0.5747714638710022,0.023682332132011652,0.13671875,0.9868686124682426,0.13454408384859562,3.869517534971237,0.951173335313797,-0.5747714638710022,0.612051248550415,-2.242917537689209,1.9694514274597168,3.8554763793945312,1.1982073783874512,4.430248260498047,1.0573844909667969,0.7390775084495544
262,21.876999999999995,123,0.0,True,-1.5209784507751465,3.7722866535186768,1.1459298133850098,0.36459189653396606,1.5946171283721924,-0.0012236436596140265,0.0,1.001272439956665,0.00955295842140913,4.654148817062378,1.2956963777542114,1.5946171283721924,2.186326265335083,-0.6290417909622192,8.620071411132812,6.278903961181641,2.059377431869507,4.684286594390869,1.2989429235458374,-0.12708866596221924
263,21.81299999999998,187,0.0,True,-0.8846293687820435,1.9412063360214233,1.131101131439209,0.08540824800729752,0.6494449377059937,0.0012974913697689772,0.0,0.9987971584002177,0.013430753412346045,4.886773427327474,1.61526091893514,0.6494449377059937,1.585659384727478,-1.98700749874115,6.139439582824707,5.445618152618408,2.4121506214141846,4.796173572540283,1.6130552291870117,0.5678734183311462
264,-0.45000000000000034,450,0.0,False,0.723557710647583,0.006235708016902208,1.1333093643188477,0.7261089086532593,-0.7731055617332458,-0.00901159574277699,0.166015625,1.0212607979774475,0.14326360449194908,4.14753320813179,0.19223012030124664,-0.7731055617332458,0.2461719810962677,-1.373843789100647,0.18913817405700684,3.8194620609283447,0.07595852762460709,4.5925679206848145,0.24515661597251892,-9.503241539001465
265,21.81700000000001,183,0.0,True,-0.34038737416267395,0.6997701525688171,1.1478195190429688,0.008923792280256748,0.6993408203125,-0.00013388274237513542,0.0,1.0002277890841167,0.012371843835959831,5.268056551615397,1.391158938407898,0.6993408203125,1.351256012916565,-1.3498841524124146,5.796103477478027,5.970797061920166,1.8873213529586792,5.271456718444824,1.4071863889694214,0.48739421367645264
266,21.571000000000016,429,0.0,True,0.11668051034212112,0.5553895235061646,1.2015434503555298,0.39377447962760925,-0.01777767203748226,0.013035153704030173,0.05322420650294849,0.9904780558177403,0.07930993022663253,4.267685277121408,0.8344312225069318,-0.01777767203748226,1.197865605354309,-1.1979482173919678,5.3045220375061035,4.353017807006836,1.632705569267273,4.370795726776123,0.7554304599761963,0.4617297053337097
267,21.796,204,0.0,True,-1.8848893642425537,4.688567161560059,1.1308001279830933,0.45882880687713623,0.8439749479293823,-0.002263906178995967,0.0,1.0023843348026276,0.013862157240509987,4.093751549720764,1.7763472497463226,0.8439749479293823,1.5738537311553955,-0.9441649913787842,7.249616622924805,4.934723377227783,2.417447805404663,4.090748310089111,1.88075852394104,0.5761476755142212
268,21.594999999999942,405,0.0,True,-0.2646884024143219,0.7539656758308411,1.148598074913025,0.11172013729810715,0.08665259182453156,-0.0011580134076731546,0.0,1.0015380723135812,0.024575315548905304,3.9591777324676514,1.6940430062157767,0.08665259182453156,1.2029385566711426,-1.7316628694534302,6.36846923828125,3.93148136138916,2.2427945137023926,3.8448286056518555,1.7373242378234863,0.7123211622238159
269,21.793999999999976,206,0.0,True,-0.3718988001346588,0.5040397047996521,1.2087442874908447,-0.12048331648111343,0.9819929599761963,9.290757589042187e-06,0.0,1.0000900328159332,0.0132468834053725,3.4813883304595947,1.7068142592906952,0.9819929599761963,1.7542070150375366,-1.5389201641082764,8.126113891601562,4.393918991088867,2.6598336696624756,3.41192626953125,1.8086013793945312,0.5650365948677063
270,21.883999999999993,116,0.0,True,-2.1064541339874268,4.911132335662842,1.1739153861999512,0.3485250771045685,1.9189742803573608,-0.00033634113060543314,0.0,1.0003995895385742,0.010976826306432486,4.012299060821533,1.5751068592071533,1.9189742803573608,2.3224751949310303,-0.6034069061279297,9.285787582397461,5.836578369140625,2.693795919418335,3.9176042079925537,1.6462960243225098,0.25668513774871826
271,21.64800000000001,352,0.0,True,0.4469050168991089,0.6867117881774902,1.1323654651641846,0.7896947264671326,-0.2706468105316162,0.004230115873118241,0.015625,0.9983797371387482,0.06863328286757071,6.10131820042928,1.5506527423858643,-0.2706468105316162,1.2185262441635132,-3.6259899139404297,4.292934417724609,5.838863372802734,1.7895841598510742,6.1095099449157715,1.555166244506836,0.536376416683197
272,-0.45000000000000034,450,0.0,False,1.3446829319000244,0.01884332485496998,1.2086127996444702,1.3535003662109375,-0.9840790629386902,0.04787192866206169,0.5078125,1.0109604820609093,0.379646148532629,5.156448006629944,0.19685808010399342,-0.9840790629386902,0.26263993978500366,-1.5120747089385986,0.4045058488845825,5.0116472244262695,0.1340358853340149,5.995726108551025,0.2259960174560547,-2.8395402431488037
273,5.549999999999902,450,0.0,False,0.2209387719631195,0.024121994152665138,1.2195711135864258,0.23238998651504517,-0.38302260637283325,0.002790248836390674,0.0078125,0.9984399080276489,0.04802613612264395,2.985792487859726,0.556642472743988,-0.38302260637283325,0.38382330536842346,-1.857167363166809,0.9850485920906067,3.039452075958252,0.7990314364433289,3.4224748611450195,0.6822259426116943,0.7692536115646362
274,21.641999999999957,358,0.0,True,-0.6713589429855347,1.2408338785171509,1.1781835556030273,-0.051531095057725906,0.12549957633018494,-0.0004646293818950653,0.09470942988991737,1.0101007918516796,0.13128050913413367,4.212445020675659,1.3582462271054585,0.12549957633018494,1.3439240455627441,-1.8008028268814087,5.276609420776367,4.288835048675537,2.0576043128967285,4.163335800170898,1.3615663051605225,0.5733951330184937
275,21.612000000000002,388,0.0,True,0.4524102210998535,0.175534188747406,1.150243878364563,0.5396022200584412,0.22126801311969757,0.0009422198470149722,0.020089285714285716,1.001778279032026,0.06760652789047786,3.7382820333753313,1.4701200766222817,0.22126801311969757,1.256512999534607,-1.1515820026397705,5.378687381744385,3.812831401824951,2.1294655799865723,3.5915637016296387,1.6218667030334473,0.6518288254737854
276,21.875999999999998,124,0.0,True,-1.587286114692688,2.5271151065826416,1.0110496282577515,-0.32423409819602966,1.4150789976119995,0.0005940957344137132,0.0,0.9994353652000427,0.007035895716398954,4.931024789810181,1.472636878490448,1.4150789976119995,1.634293794631958,-0.8413311839103699,6.578176021575928,6.307713508605957,2.2658822536468506,4.892634391784668,1.478669285774231,0.47978174686431885
277,21.71400000000009,286,0.0,True,-0.1795123815536499,1.9059828519821167,1.0137341022491455,0.7729721665382385,0.13663336634635925,-0.001058384869247675,0.0,1.0011497855186462,0.012569319270551205,5.970271110534668,2.0662739276885986,0.13663336634635925,1.8074557781219482,-2.890796661376953,6.305237293243408,5.992619514465332,1.9985843896865845,5.85598611831665,2.118898391723633,0.1821184754371643
278,21.80299999999999,197,0.0,True,-1.5720421075820923,2.367131471633911,1.100001335144043,-0.38902637362480164,0.7008985877037048,-0.019870989490300417,0.0,1.0212963819503784,0.039561374578624964,5.113986015319824,1.655063509941101,0.7008985877037048,1.3900922536849976,-1.7013225555419922,6.528531074523926,5.273835182189941,2.3503029346466064,4.572936058044434,1.6841105222702026,0.6501840949058533
279,5.549999999999876,450,0.0,False,0.20360247790813446,0.077661894261837,1.2462221384048462,0.24181032180786133,-0.4201847314834595,-0.005251443712040782,0.0,1.008298046886921,0.06793373916298151,3.220884829759598,0.653863750398159,-0.4201847314834595,0.5792142152786255,-1.9434692859649658,2.043316602706909,3.0908632278442383,0.8893427848815918,3.5110480785369873,0.7210298776626587,0.5758298635482788
280,5.549999999999893,450,0.0,False,0.5468319654464722,0.008296579122543335,1.2702101469039917,0.5503451824188232,-0.3435397446155548,0.0009035987313836813,0.001953125,0.9997571557760239,0.03508473956026137,2.6277334094047546,0.3023180551826954,-0.3435397446155548,0.4091440737247467,-1.450556755065918,1.9818600416183472,2.7142086029052734,0.615742027759552,3.057748556137085,0.37084051966667175,0.5584753751754761
281,21.595000000000013,405,0.0,True,-0.6990825533866882,1.5469393730163574,1.0759960412979126,0.0738491341471672,-0.003318202681839466,0.0014479150995612144,0.0,0.9991226536887032,0.03276744830821242,4.527732781001499,1.6917806693485804,-0.003318202681839466,1.1971755027770996,-1.5115894079208374,5.486919403076172,4.533431053161621,1.990433931350708,4.536748886108398,1.7227067947387695,0.638240396976471
282,21.572999999999894,427,0.0,True,-0.4801880717277527,1.049293875694275,1.1893184185028076,0.04386420547962189,0.26065972447395325,0.0017878417524376086,0.0,0.9987537520272392,0.031230242922902107,2.7309982436043874,1.0303710017885481,0.26065972447395325,1.4154802560806274,-1.604796290397644,7.767362594604492,2.839630365371704,2.0571913719177246,2.578970432281494,1.0186644792556763,0.526567280292511
283,21.70299999999999,297,0.0,True,0.06919659674167633,0.9372811317443848,1.0212944746017456,0.5373265147209167,-0.06686816364526749,0.0029891920275986195,0.008003048598766327,0.9979816555976868,0.04357890300452709,6.015515995025635,0.8402823090553284,-0.06686816364526749,1.223271369934082,-1.5506293773651123,5.349538803100586,5.968534469604492,1.5829901695251465,6.035402774810791,0.8482219576835632,0.40284210443496704
284,21.748000000000083,252,0.0,True,-0.3563360571861267,1.4493277072906494,0.9959917664527893,0.3678297996520996,0.32363536953926086,0.00033980782609432936,0.0,1.000058427453041,0.028383392840623856,5.7209590673446655,1.8406039774417877,0.32363536953926086,1.8106940984725952,-1.9383602142333984,6.651104927062988,6.021286487579346,2.068859338760376,5.697651386260986,1.894752025604248,0.23400098085403442
285,9.549999999999914,450,0.0,False,-0.8226342797279358,1.039526104927063,1.1827040910720825,-0.30346256494522095,-0.3020571768283844,0.007445990340784192,0.10546875,0.9986578300595284,0.1028846288099885,4.227378726005554,1.1823697835206985,-0.3020571768283844,1.0183390378952026,-2.098844051361084,6.254324436187744,4.421490669250488,1.6061469316482544,4.72354793548584,1.3141154050827026,0.5980108976364136
286,21.562999999999988,437,0.0,True,0.28664547204971313,0.43948864936828613,1.0956605672836304,0.5058419704437256,0.012124390341341496,-6.47506011383874e-05,0.0,1.001122270311628,0.043351219168731144,4.140206439154489,1.7330436706542969,0.012124390341341496,1.149794101715088,-2.031865119934082,6.063097953796387,4.093465805053711,2.1001405715942383,4.08134126663208,1.7594200372695923,0.7002608776092529
287,21.62399999999994,376,0.0,True,0.09350274503231049,0.6713054180145264,1.0981037616729736,0.42860642075538635,-0.08654221892356873,0.0025831444654613733,0.005208333333333333,0.998637725909551,0.04713112177948157,4.832557678222656,1.059258947769801,-0.08654221892356873,1.2949408292770386,-2.431421995162964,6.680542945861816,4.868675708770752,1.8548649549484253,4.9552178382873535,1.050711989402771,0.5126116275787354
288,0.5499999999999996,450,0.0,False,0.6431547999382019,0.005844929721206427,1.1090943813323975,0.6455227136611938,-0.4488832950592041,0.03916227968875319,0.162109375,0.9735189974308014,0.14050902612507343,3.0083217918872833,0.5316486470401287,-0.4488832950592041,0.3149458169937134,-1.6561236381530762,1.4207768440246582,2.9244890213012695,0.6416800022125244,3.3733723163604736,0.5411990284919739,0.759101152420044
289,5.5499999999998675,450,0.0,False,-0.263420432806015,0.337065190076828,1.0610592365264893,-0.09541836380958557,-0.2259443700313568,0.004046974936500192,0.080078125,1.0029430836439133,0.11118360329419374,2.1885356456041336,0.6940973699092865,-0.2259443700313568,0.6078567504882812,-1.9958164691925049,2.248680830001831,2.177537679672241,0.9985482692718506,2.403481960296631,0.6766275763511658,0.6294350624084473
290,9.549999999999947,450,0.0,False,0.44819313287734985,0.18912698328495026,1.3578580617904663,0.5420776605606079,0.1423359513282776,-0.008229676517657936,0.048828125,1.0135647878050804,0.09394874982535839,2.1599341481924057,1.0688150227069855,0.1423359513282776,1.0459327697753906,-1.5370352268218994,6.59333610534668,2.23806095123291,1.3535741567611694,2.0957248210906982,1.1184816360473633,0.4029048681259155
291,5.5499999999999945,450,0.0,False,0.4172059893608093,0.06628768146038055,1.3050767183303833,0.4496972858905792,-0.12699846923351288,0.005963969510048628,0.0,0.9947954639792442,0.03749007312580943,2.0029701590538025,0.34656790643930435,-0.12699846923351288,0.46009212732315063,-1.460424542427063,1.8191804885864258,1.9972666501998901,0.5848038792610168,2.124265193939209,0.40774649381637573,0.3810306191444397
292,5.54999999999992,450,0.0,False,-0.0996951162815094,0.08055925369262695,1.265698790550232,-0.060048338025808334,-0.25242969393730164,0.003352760919369757,0.0859375,1.0035456120967865,0.11927813291549683,2.3653760850429535,0.4382997117936611,-0.25242969393730164,0.5089254975318909,-1.469902515411377,2.0680603981018066,2.536332607269287,0.7597982883453369,2.788762092590332,0.544763445854187,0.551345705986023
293,5.549999999999909,450,0.0,False,0.7889751195907593,0.07465603202581406,1.0436732769012451,0.8257812857627869,-0.3084189295768738,0.000698025687597692,0.0,0.9998771399259567,0.03042233537416905,2.7314151525497437,0.36325717344880104,-0.3084189295768738,0.525846540927887,-1.4968632459640503,2.0704238414764404,2.7021453380584717,0.6507706642150879,3.0105643272399902,0.426922470331192,0.34707677364349365
294,21.728999999999967,271,0.0,True,-0.7378788590431213,0.8175774216651917,1.1774439811706543,-0.32967886328697205,0.6811338663101196,0.004242449812591076,0.0,0.9969759106636047,0.04316181465983391,3.080499219894409,1.1264020442962646,0.6811338663101196,1.5124846696853638,-1.3986821174621582,6.379700660705566,3.6084048748016357,2.1838772296905518,2.9272708892822266,1.067000150680542,0.5203487873077393
295,21.764999999999958,235,0.0,True,-1.1247535943984985,1.7589420080184937,1.285361409187317,-0.24592527747154236,1.1081316471099854,0.007137320004403591,0.02134811133146286,0.9962751120328903,0.07679700199514627,1.965669333934784,1.060436800122261,1.1081316471099854,1.9582895040512085,-1.009781837463379,9.140890121459961,2.746288537979126,2.5697059631347656,1.638156771659851,1.0275371074676514,0.41925305128097534
296,21.733999999999952,266,0.0,True,-0.6844993829727173,0.8216438293457031,1.0380178689956665,-0.27419647574424744,0.3855191469192505,-0.003116217255592346,0.08687500059604644,1.010570192337036,0.1097478523850441,4.566636371612549,1.5106255531311035,0.3855191469192505,1.3958625793457031,-1.4393805265426636,6.649306297302246,4.521100997924805,2.364861488342285,4.135581970214844,1.4478052854537964,0.6516034007072449
297,21.685999999999954,314,0.0,True,-0.5577563047409058,1.455780267715454,1.109276294708252,0.16957919299602509,0.4049583673477173,0.007884842106432189,0.02909482717514038,0.9964388966560364,0.08741718828678131,3.762828063964844,1.2573432683944703,0.4049583673477173,1.6633869409561157,-1.9045379161834717,8.93973445892334,3.932710647583008,2.183983325958252,3.527751922607422,1.2299950122833252,0.4199199080467224
298,21.828000000000053,172,0.0,True,-0.842835545539856,1.8391454219818115,0.9187279939651489,0.07627779990434647,0.5380539298057556,0.0013801947546501954,0.0,0.9988511800765991,0.02043808375795682,6.7609483400980634,1.6308478514353435,0.5380539298057556,1.679602026939392,-1.661956548690796,5.617464065551758,7.174492359161377,1.4480756521224976,6.636439323425293,1.6697856187820435,-0.34533417224884033
299,21.806000000000076,194,0.0,True,-2.8309152126312256,12.090620994567871,0.9274706840515137,3.2139315605163574,0.2858463227748871,0.009181770030409098,0.0,0.9923219382762909,0.048441498540341854,7.059838175773621,1.0461058914661407,0.2858463227748871,1.9349288940429688,-1.3325121402740479,7.359388828277588,7.369527816772461,1.6886191368103027,7.083682060241699,1.2888752222061157,-0.31300556659698486
300,21.778000000000073,222,0.0,True,-0.5353082418441772,2.3017115592956543,0.9807757139205933,0.6150571703910828,0.36261656880378723,0.0023894832702353597,0.00390625,0.9987728744745255,0.04476436134427786,6.279531955718994,1.4711933135986328,0.36261656880378723,1.8719085454940796,-1.6972793340682983,6.974390029907227,6.540587425231934,2.042626142501831,6.177970886230469,1.5511806011199951,0.16016995906829834
301,5.549999999999884,450,0.0,False,0.5785583853721619,0.011398416012525558,1.1740086078643799,0.5836706161499023,-0.5562316179275513,-0.007082910509780049,0.11328125,1.013046346604824,0.09414238156750798,4.06045937538147,1.0819163918495178,-0.5562316179275513,0.8017653226852417,-3.751016616821289,1.5855307579040527,3.9479706287384033,1.1450538635253906,4.504202365875244,1.1455141305923462,0.5097218155860901
302,21.788000000000046,212,0.0,True,-0.3225516080856323,1.0151540040969849,0.863825798034668,0.18459348380565643,0.2489689141511917,-0.0008435496129095554,0.0,1.0009391009807587,0.012809448642656207,6.111375093460083,1.1791646480560303,0.2489689141511917,1.3296267986297607,-1.8079025745391846,5.164756774902344,6.391693592071533,1.5372331142425537,6.142724514007568,1.1954866647720337,0.25186485052108765
303,5.549999999999875,450,0.0,False,0.08224189281463623,0.08121474832296371,1.1190218925476074,0.1222897619009018,-0.3748354911804199,0.005272396840155125,0.01171875,0.995660275220871,0.03918449953198433,2.9487062096595764,1.1029678508639336,-0.3748354911804199,0.6330992579460144,-3.0833687782287598,2.073990821838379,2.795971632003784,1.212266206741333,3.170807361602783,1.0413243770599365,0.7272607088088989
304,21.698999999999945,301,0.0,True,-0.10910987108945847,0.5703227519989014,1.131742000579834,0.17548562586307526,0.37816616892814636,0.001659808261319995,0.003125,0.999331796169281,0.043487898260355,3.7445162296295167,1.3659558296203613,0.37816616892814636,1.6206568479537964,-3.1196584701538086,8.142559051513672,4.075422763824463,2.2870266437530518,3.697256565093994,1.3765816688537598,0.49784278869628906
305,21.816000000000017,184,0.0,True,-0.3685716986656189,0.5944508910179138,0.9994145631790161,-0.07184596359729767,0.41305723786354065,-8.567430389424165e-05,0.0,1.000234027703603,0.016270955714086693,6.35303258895874,1.0575886170069377,0.41305723786354065,1.1305906772613525,-1.9067617654800415,4.20665168762207,6.62953519821167,1.6881791353225708,6.216477870941162,1.0550293922424316,0.5514882802963257
306,5.549999999999877,450,0.0,False,0.7716151475906372,0.09439144283533096,1.1943787336349487,0.818213701248169,-0.33642104268074036,-0.005881599383428693,0.138671875,1.0148658975958824,0.13033773005008698,2.859938144683838,0.7294092625379562,-0.33642104268074036,0.6865781545639038,-2.9938573837280273,2.3582820892333984,2.788083791732788,0.963013231754303,3.124504804611206,0.8564914464950562,0.4917054772377014
307,21.750000000000004,250,0.0,True,-0.6049584746360779,1.16795015335083,1.092987298965454,-0.021529892459511757,0.4613574743270874,0.0006963820778764784,0.0,0.9996627569198608,0.024926627054810524,4.281939625740051,1.6707504391670227,0.4613574743270874,1.3625348806381226,-1.4546087980270386,5.402249813079834,4.686085224151611,2.1848366260528564,4.224727630615234,1.6650989055633545,0.6110825538635254
308,21.62099999999994,379,0.0,True,-0.2624889016151428,0.6818844079971313,1.140427589416504,0.07788308709859848,0.24406689405441284,0.0014915191568434238,0.024540960788726807,1.0011500418186188,0.06946785499652226,3.4763898849487305,1.7594274083773296,0.24406689405441284,1.2748442888259888,-2.9706108570098877,6.558983325958252,3.4505088329315186,2.389430284500122,3.206441879272461,1.7177759408950806,0.7153406143188477
309,5.549999999999949,450,0.0,False,0.5759706497192383,0.03467194363474846,1.1978297233581543,0.5927076935768127,-0.7588104605674744,0.015249316114932299,0.07421875,0.9930589720606804,0.1283761840313673,5.0212624073028564,0.8713347688317299,-0.7588104605674744,0.4475211501121521,-1.9446702003479004,0.9766163229942322,4.897655963897705,1.0043450593948364,5.656466007232666,1.0321837663650513,0.8014539480209351
310,21.631999999999938,368,0.0,True,-0.18367823958396912,0.44188302755355835,1.1495387554168701,0.03668850660324097,0.2708578109741211,0.00158856847944359,0.0,0.9989430805047353,0.02769326139241457,3.430963397026062,1.5229499538739522,0.2708578109741211,1.321529746055603,-1.8080304861068726,7.438244342803955,3.646677255630493,2.246400833129883,3.375819444656372,1.5379389524459839,0.6539177894592285
311,21.936000000000003,64,0.0,True,-3.692633628845215,9.690438270568848,1.0785151720046997,1.1520462036132812,3.6927030086517334,0.001321643590927124,0.0,0.9987436532974243,0.011291724629700184,5.056872367858887,1.1379436254501343,3.6927030086517334,2.4407966136932373,0.7339544892311096,9.89433765411377,8.71961498260498,2.422956943511963,5.026911735534668,1.134770393371582,-0.01477968692779541
312,5.54999999999988,450,0.0,False,0.4043332040309906,0.0018429101910442114,1.1778838634490967,0.4046657085418701,-0.3592650294303894,0.00882862601429224,0.00390625,0.9921509250998497,0.03560664551332593,2.899944305419922,0.6031395718455315,-0.3592650294303894,0.595431387424469,-1.8277463912963867,2.2894716262817383,2.8332467079162598,0.9014810919761658,3.192511558532715,0.6996369361877441,0.5637351274490356
313,21.876000000000012,124,0.0,True,-1.5016125440597534,2.474712610244751,1.124304175376892,-0.264818400144577,1.4398868083953857,0.0014679419109597802,0.0,0.9985833764076233,0.010021345224231482,5.182326078414917,1.7510546445846558,1.4398868083953857,1.5451664924621582,-0.8792728185653687,5.843997955322266,6.632968902587891,1.893514633178711,5.193081378936768,1.778805136680603,0.3340933918952942
314,9.550000000000129,450,0.0,False,-0.21062636375427246,0.394035667181015,1.137919306755066,-0.014177490025758743,-0.398982971906662,0.03343177167698741,0.111328125,0.9759493172168732,0.12590472120791674,4.7734662890434265,1.4732800722122192,-0.398982971906662,1.3430533409118652,-3.093454360961914,7.025489330291748,4.675255298614502,1.2792131900787354,5.074237823486328,1.7827134132385254,-0.10230207443237305
315,21.752000000000095,248,0.0,True,-0.36238229274749756,1.930527687072754,1.0910897254943848,0.6023359894752502,0.28706955909729004,-0.0030191808473318815,0.0,1.003465324640274,0.028906426392495632,5.427874565124512,1.021922618150711,0.28706955909729004,1.9401625394821167,-2.581467390060425,7.620682716369629,5.776916027069092,1.7371314764022827,5.4898457527160645,1.1485637426376343,-0.24741482734680176
316,9.550000000000031,450,0.0,False,0.8112765550613403,0.015415377914905548,1.2063323259353638,0.818381130695343,-0.26332801580429077,-0.029588182223960757,0.154296875,1.0368976444005966,0.07481307815760374,3.591610610485077,0.9155727252364159,-0.26332801580429077,0.9491681456565857,-1.6593317985534668,5.213112831115723,3.572655200958252,1.1688971519470215,3.8359835147857666,1.1677953004837036,0.34062308073043823
317,5.5499999999998915,450,0.0,False,0.6129664182662964,0.022674527019262314,1.2061221599578857,0.6237006187438965,-0.34326404333114624,-0.0010356652783229947,0.0,1.0017795711755753,0.03507058182731271,2.5221476554870605,0.6936810687184334,-0.34326404333114624,0.5041045546531677,-2.202902317047119,1.9292523860931396,2.505998134613037,0.8898125290870667,2.849261999130249,0.8312171101570129,0.6790450811386108
318,5.549999999999876,450,0.0,False,0.1357787400484085,0.006469773594290018,1.2352759838104248,0.1383959949016571,-0.15182989835739136,-0.003449263400398195,0.0,1.0041612088680267,0.033845967845991254,1.474565014243126,0.8163836151361465,-0.15182989835739136,0.3436911702156067,-1.8200359344482422,1.717619776725769,1.5930519104003906,1.0771428346633911,1.7448817491531372,0.9912697672843933,0.8981900811195374
319,21.5649999999999,435,0.0,True,-0.36431339383125305,0.9225713014602661,1.168701171875,0.09638790786266327,0.26637113094329834,0.004907035867550543,0.020089285714285716,0.9973291414124625,0.06056429286088262,2.69512609073094,1.2648758036749703,0.26637113094329834,1.3669860363006592,-2.867863178253174,6.37766170501709,2.6985135078430176,2.0341222286224365,2.4321422576904297,1.1837226152420044,0.548379123210907
320,21.655000000000005,345,0.0,True,-0.4911342263221741,0.7672624588012695,1.1023101806640625,-0.10805415362119675,0.14100627601146698,0.0027706921100616455,0.009270833184321722,1.0001239379247029,0.07159862170616786,4.205822030703227,1.6382631460825603,0.14100627601146698,1.374656319618225,-4.912193775177002,5.397356033325195,4.120664119720459,2.0128252506256104,3.979658365249634,1.6119599342346191,0.5335811376571655
321,21.578999999999894,421,0.0,True,0.14688192307949066,0.23466013371944427,1.237391471862793,0.26359328627586365,0.34377267956733704,0.002137014176696539,0.015021718240209989,1.0005757212638855,0.06872911059430667,2.5297374044145857,1.0771432263510567,0.34377267956733704,1.57305109500885,-1.5494104623794556,9.312461853027344,2.684591054916382,2.1927082538604736,2.340818405151367,1.1103355884552002,0.4853358268737793
322,21.66199999999992,338,0.0,True,-0.39931759238243103,2.0016305446624756,1.115389347076416,0.600939929485321,0.23144488036632538,0.003932733243952195,0.03964120397965113,1.0012572010358174,0.0972954264531533,3.800638516743978,1.3061181902885437,0.23144488036632538,1.5819073915481567,-2.2491660118103027,7.151785373687744,3.8167543411254883,2.276963710784912,3.5853095054626465,1.3272168636322021,0.517330527305603
323,21.835000000000036,165,0.0,True,-1.268306851387024,2.9460742473602295,1.0472849607467651,0.20420663058757782,0.9799924492835999,-0.0011179305147379637,0.0,1.0011993249257405,0.01262999139726162,5.30176305770874,2.0935656229654946,0.9799924492835999,1.7832472324371338,-2.7976033687591553,6.7003278732299805,6.195418357849121,1.9192962646484375,5.215425968170166,2.076794385910034,0.13674503564834595
324,21.72100000000009,279,0.0,True,0.24087508022785187,1.3846588134765625,1.0433505773544312,0.9326828122138977,0.08509707450866699,0.009875076077878474,0.017391304671764373,0.9918227076530457,0.05203046798706055,6.104716491699219,1.5373397588729858,0.08509707450866699,1.6825155019760132,-4.560580253601074,6.042492866516113,5.992980480194092,1.5217087268829346,5.9078826904296875,1.564859390258789,-0.22251737117767334
325,5.549999999999877,450,0.0,False,0.4266451597213745,0.10944320261478424,1.1568574905395508,0.48078832030296326,-0.7109733819961548,0.0055402598809450865,0.001953125,0.995299682021141,0.03669094108045101,4.191577672958374,1.2633239328861237,-0.7109733819961548,0.7656774520874023,-3.890571355819702,1.1470022201538086,4.227671146392822,1.2818511724472046,4.938644886016846,1.388474464416504,0.6432068347930908
326,21.74199999999996,258,0.0,True,0.49469220638275146,0.21092118322849274,1.1316123008728027,0.5995869636535645,0.44022804498672485,0.007472451776266098,0.0,0.9928388953208923,0.01504398975521326,3.793679428100586,1.3348363161087036,0.44022804498672485,1.3423523902893066,-1.3874356746673584,5.46642541885376,4.275475025177002,2.4229776859283447,3.8352468013763428,1.4997379779815674,0.6930736303329468
327,21.75100000000002,249,0.0,True,-0.4415864050388336,1.0353236198425293,1.0917996168136597,0.07552950829267502,0.43395599722862244,0.002018691273406148,0.0,0.9983953237533569,0.02508247527293861,4.542074203491211,1.3210461139678955,0.43395599722862244,1.4762229919433594,-1.7985304594039917,5.791998386383057,4.818007946014404,1.8140666484832764,4.38405179977417,1.3096468448638916,0.337787389755249
328,5.5499999999998835,450,0.0,False,0.3582680821418762,0.04119805619120598,0.9948104023933411,0.3783697187900543,-0.5842502117156982,0.010189824039116502,0.015625,0.9921855330467224,0.06503094173967838,4.13590943813324,1.1755387634038925,-0.5842502117156982,0.49857261776924133,-2.0840227603912354,0.9677311182022095,3.752610445022583,1.2395814657211304,4.3368611335754395,1.2436317205429077,0.8382267951965332
329,21.650000000000052,350,0.0,True,0.21601976454257965,0.39521774649620056,1.0643632411956787,0.41309645771980286,-0.08315900713205338,-0.0016448019305244088,0.0,1.0022938549518585,0.0349239120259881,4.867021004358928,1.6453839540481567,-0.08315900713205338,1.231955885887146,-2.7678236961364746,4.228275299072266,4.995743751525879,1.9570257663726807,5.078902244567871,1.7364871501922607,0.603724479675293
330,21.617,383,0.0,True,-0.09342929720878601,1.7959920167922974,1.1167659759521484,0.8040083646774292,0.04005751013755798,0.0008256970904767513,0.0,0.9996271630128225,0.028798045124858618,4.424221674601237,0.5257723480463028,0.04005751013755798,1.753632664680481,-1.3523757457733154,9.420795440673828,4.519329071044922,2.062567949295044,4.47927188873291,0.5130529403686523,0.27712905406951904
331,21.882999999999992,117,0.0,True,-1.5650439262390137,2.5513105392456055,1.005793571472168,-0.2898915410041809,1.6812734603881836,-0.00033084234746638685,0.0,1.0004225969314575,0.012322125025093555,4.523003578186035,1.728817105293274,1.6812734603881836,1.8406285047531128,-0.9335792064666748,7.36864709854126,6.146737098693848,2.5254275798797607,4.465463638305664,1.7174550294876099,0.46879470348358154
332,21.73899999999999,261,0.0,True,-1.345401644706726,0.8506028056144714,1.1067866086959839,-0.9206535816192627,0.4931585490703583,0.016066240891814233,0.025,0.9889613032341004,0.09086686447262764,4.030576086044311,1.7398339748382567,0.4931585490703583,1.3217487335205078,-1.377224087715149,5.597569465637207,4.29241418838501,2.4175033569335938,3.799255132675171,1.7298706769943237,0.7010740041732788
333,5.549999999999896,450,0.0,False,0.26970916986465454,0.1381188929080963,1.116581916809082,0.3382103145122528,-0.4960952401161194,0.006402031984180212,0.013671875,0.9953223094344139,0.05118991748895496,3.9540331959724426,0.7539054453372955,-0.4960952401161194,0.6600220203399658,-3.085181474685669,2.052093982696533,3.649047613143921,0.9058504104614258,4.145143032073975,0.8842243552207947,0.4691108465194702
334,21.738999999999972,261,0.0,True,-0.6364056468009949,0.7571783065795898,1.1473413705825806,-0.2583901584148407,0.2878285050392151,0.004086678847670555,0.0,0.9965636491775512,0.03356066327542066,4.754720211029053,1.4404552459716797,0.2878285050392151,1.2989274263381958,-2.0065360069274902,5.0279059410095215,5.1060380935668945,2.182161331176758,4.818209648132324,1.5047318935394287,0.6456797122955322
335,21.767999999999986,232,0.0,True,-0.12405295670032501,1.133456826210022,1.0606993436813354,0.44214510917663574,0.5208538174629211,0.0036132561981503386,0.0,0.9971176981925964,0.037139901891350746,4.942933917045593,1.1979581713676453,0.5208538174629211,1.7777522802352905,-1.6608333587646484,7.639642715454102,5.271735668182373,2.0604865550994873,4.750882148742676,1.191274642944336,0.2556057572364807
336,5.549999999999882,450,0.0,False,0.32580721378326416,0.0012162306811660528,1.1950403451919556,0.3258178234100342,-0.2889045178890228,-0.0023756197188049555,0.001953125,1.003921091556549,0.05197491217404604,2.4471319019794464,0.6378951594233513,-0.2889045178890228,0.5196831226348877,-2.9614346027374268,2.256113052368164,2.5077333450317383,0.9051594138145447,2.796637535095215,0.7492902874946594,0.6703697443008423
337,9.549999999999898,450,0.0,False,0.4974793493747711,0.14868459105491638,1.0534305572509766,0.571294903755188,-0.1458398699760437,3.938586451113224e-05,0.0,1.0010524690151215,0.04481188580393791,3.504342257976532,0.8686517775058746,-0.1458398699760437,1.0444937944412231,-2.155503511428833,6.5647711753845215,3.4741322994232178,1.4541488885879517,3.6199722290039062,0.92188960313797,0.4840662479400635
338,21.59600000000003,404,0.0,True,0.032119881361722946,0.5111832618713379,1.0036574602127075,0.2872096598148346,-0.1730402559041977,-0.0008941993250378541,0.004464285714285714,1.0017595205988203,0.04158285180372851,4.961485522133963,1.6238407748086112,-0.1730402559041977,1.1294798851013184,-1.7986726760864258,5.032432556152344,5.007458209991455,1.8856319189071655,5.1804986000061035,1.6916450262069702,0.6412076950073242
339,21.787000000000027,213,0.0,True,-0.18273331224918365,0.4466966390609741,0.9656162261962891,0.040132198482751846,0.3351772129535675,0.00044812451233156025,0.0,0.9997794777154922,0.020598785486072302,5.659718632698059,1.2745586037635803,0.3351772129535675,1.248694896697998,-1.5693398714065552,4.333395004272461,5.947265625,1.7655829191207886,5.612088680267334,1.292819619178772,0.49980825185775757
340,21.688000000000017,312,0.0,True,-0.3123582899570465,1.318375587463379,1.0073703527450562,0.3463258147239685,0.06755630671977997,-0.001593929808586836,0.0,1.0019208431243896,0.024673961475491522,4.795766830444336,1.7592417240142821,0.06755630671977997,1.3375078439712524,-2.0908799171447754,5.3599700927734375,4.836267948150635,2.170367956161499,4.768711566925049,1.779921293258667,0.6202253103256226
341,-0.45000000000000034,450,0.0,False,0.8455753326416016,0.003921906463801861,1.174875259399414,0.8469488024711609,-0.9169393181800842,0.019888962851837277,0.154296875,0.9894470199942589,0.12758711446076632,4.9446868896484375,0.26864595897495747,-0.9169393181800842,0.2858167588710785,-2.219055414199829,0.24228183925151825,4.694016933441162,0.20190271735191345,5.610956192016602,0.2889860272407532,-1.0039684772491455
342,21.837000000000057,163,0.0,True,-0.5661844611167908,2.412705421447754,0.9537039399147034,0.6396914124488831,0.5385856032371521,-0.0003206217661499977,0.0,1.0005017518997192,0.018782618766029675,6.824881394704183,1.4535383383433025,0.5385856032371521,1.9904438257217407,-1.8491474390029907,5.662715911865234,7.416159152984619,1.358145833015442,6.877574443817139,1.4726183414459229,-1.1478655338287354
343,21.705999999999946,294,0.0,True,0.037526685744524,0.43280094861984253,1.1382211446762085,0.25335806608200073,0.38062354922294617,0.001759448298253119,0.0,0.9987798213958741,0.03136676475405693,3.9448357105255125,1.1991100788116456,0.38062354922294617,1.7595863342285156,-2.8165974617004395,8.968892097473145,4.212362289428711,2.214272975921631,3.8317389488220215,1.2341868877410889,0.36852115392684937
344,21.688000000000017,312,0.0,True,0.12022390216588974,0.6252186894416809,1.0977007150650024,0.432284414768219,0.24443279206752777,0.001703941309824586,0.003125,0.9990119099617004,0.03691817671060562,4.406651306152344,1.2038665771484376,0.24443279206752777,1.3725385665893555,-2.5816729068756104,5.028158187866211,4.5549798011779785,1.7983760833740234,4.310546875,1.1874337196350098,0.4175105094909668
345,21.87800000000003,122,0.0,True,-1.4783203601837158,2.930908203125,0.9793217182159424,-0.013355919159948826,1.2536273002624512,0.0002128438209183514,0.0,0.9998311400413513,0.00869743968360126,6.426044464111328,0.8664258420467377,1.2536273002624512,1.7566715478897095,-1.184161901473999,6.313994407653809,7.625229835510254,2.1276135444641113,6.3716020584106445,0.866973340511322,0.31829625368118286
346,21.91600000000001,84,0.0,True,-2.127983808517456,3.6486117839813232,0.9987455606460571,-0.30417728424072266,2.0817911624908447,-0.0033963778987526894,0.0,1.0037080645561218,0.023095136508345604,6.337819337844849,1.4814255833625793,2.0817911624908447,1.5147030353546143,-0.20139145851135254,5.6641082763671875,8.342329025268555,1.5393092632293701,6.260537624359131,1.4787936210632324,0.0317150354385376
347,21.65099999999999,349,0.0,True,-0.20783817768096924,0.6306354999542236,1.115880012512207,0.10692163556814194,0.3415999114513397,-0.0038124709390103817,0.0026041666666666665,1.0051395893096924,0.04838535996774832,3.725188652674357,2.0286421378453574,0.3415999114513397,1.3443609476089478,-2.946972370147705,6.410398960113525,3.7713663578033447,2.3454596996307373,3.4297664165496826,1.968587040901184,0.6714693903923035
348,21.768999999999973,231,0.0,True,-0.7672083973884583,1.3163613080978394,1.1407179832458496,-0.10959810018539429,0.7038485407829285,0.00026772794080898166,0.0,0.9998172968626022,0.012437905184924603,4.037415862083435,1.3698397278785706,0.7038485407829285,1.4595599174499512,-1.2778770923614502,7.039477348327637,4.6268768310546875,2.359612226486206,3.9230282306671143,1.4121228456497192,0.6173845529556274
349,21.569999999999965,430,0.0,True,0.4368499219417572,0.3339889645576477,1.0498569011688232,0.6033194661140442,-0.2157222330570221,0.00044062427644218715,0.0,0.999996943133218,0.028961805892842158,4.952966213226318,1.5617061853408813,-0.2157222330570221,1.1579909324645996,-1.989997148513794,5.556465148925781,4.795981407165527,1.9568361043930054,5.0117034912109375,1.549447774887085,0.6498119235038757
350,5.549999999999873,450,0.0,False,0.8336871862411499,0.11877778172492981,1.1735130548477173,0.8924893140792847,-0.44149261713027954,0.006255756597965956,0.033203125,0.9965585395693779,0.06913629453629255,3.051437556743622,0.76999182254076,-0.44149261713027954,0.6909759044647217,-3.02063250541687,2.1236515045166016,3.071597099304199,1.0545029640197754,3.513089895248413,0.9089207649230957,0.5706313848495483
351,21.929,71,0.0,True,-4.896773338317871,15.535102844238281,1.1410529613494873,2.8702075481414795,3.002030611038208,-0.0007621700497111306,0.0,1.0008418560028076,0.012573422864079475,4.3934565782547,1.421900987625122,3.002030611038208,2.0841829776763916,1.0506254434585571,9.43669319152832,8.231961250305176,1.973726749420166,5.2299299240112305,1.8525055646896362,-0.1150583028793335
352,21.919000000000004,81,0.0,True,-1.8975201845169067,5.579117774963379,1.0595043897628784,0.891508936882019,2.6302413940429688,-0.0017200629226863384,0.0,1.001739263534546,0.005700516980141401,5.404826641082764,0.9973323345184326,2.6302413940429688,2.9801905155181885,-0.7705036997795105,9.29268741607666,7.946070671081543,3.152557849884033,5.315828323364258,0.9611426591873169,0.10636156797409058
353,-0.45000000000000034,450,0.0,False,0.5708021521568298,1.993022124224808e-05,1.3272134065628052,0.5701485276222229,-0.6412213444709778,0.015135229798033834,0.037109375,0.9889194816350937,0.07726062135770917,3.473139226436615,0.18607801757752895,-0.6412213444709778,0.2258799821138382,-1.4818116426467896,-0.03787541389465332,3.1783761978149414,0.08698958158493042,3.8195977210998535,0.22139646112918854,-5.74249267578125
354,5.5499999999998595,450,0.0,False,0.48551827669143677,0.002437559887766838,1.221288800239563,0.4861263930797577,-0.3993428945541382,0.0032355189323425293,0.001953125,0.9978879243135452,0.044892247300595045,2.6064442098140717,0.48903917148709297,-0.3993428945541382,0.5888799428939819,-2.2319376468658447,1.9472848176956177,2.6681971549987793,0.8112692832946777,3.067539930343628,0.6003220677375793,0.47310584783554077
355,21.884000000000007,116,0.0,True,-1.7956510782241821,2.2956655025482178,0.9870663285255432,-0.6483118534088135,2.019559383392334,0.0007514029275625944,0.0,0.9995880126953125,0.024414158426225185,4.042257308959961,2.158438205718994,2.019559383392334,1.6534055471420288,0.1349952220916748,8.249954223632812,6.044497966766357,2.441499710083008,4.024938106536865,2.174773931503296,0.5413879156112671
356,21.869000000000003,131,0.0,True,-0.30578017234802246,0.30052125453948975,0.8524075746536255,-0.15594574809074402,1.2239079475402832,-0.004731610417366028,0.0,1.0051308274269104,0.02016691506529848,5.837660153706868,1.0267590284347534,1.2239079475402832,1.3451240062713623,-0.7949981689453125,5.610118389129639,6.592278480529785,1.9691041707992554,5.368370056152344,1.341524600982666,0.5333542823791504
357,21.883000000000006,117,0.0,True,-1.2333155870437622,1.468169927597046,0.9006462097167969,-0.49968093633651733,1.2758660316467285,0.0008362113148905337,0.0,0.9996340870857239,0.029611535370349884,6.417811870574951,1.0516421496868134,1.2758660316467285,1.294793725013733,-0.6291576027870178,5.576622009277344,7.542386054992676,1.6204198598861694,6.2665205001831055,1.0444778203964233,0.36152184009552
358,5.549999999999934,450,0.0,False,0.26140379905700684,0.047630976885557175,1.2067081928253174,0.2846159338951111,-0.35396552085876465,-0.0020482828840613365,0.0,1.0023980140686035,0.024864045903086662,2.948360562324524,0.6586919128894806,-0.35396552085876465,0.4672209322452545,-2.552579879760742,1.5067291259765625,2.897854804992676,0.9256610870361328,3.2518203258514404,0.7464272379875183,0.745234489440918
359,21.831999999999972,168,0.0,True,-1.636496901512146,4.565751075744629,1.0759954452514648,0.6458406448364258,0.9249519109725952,0.0007227656703131894,0.0,0.9993467330932617,0.011456369732817015,4.491257667541504,1.5093932549158733,0.9249519109725952,2.01829195022583,-2.5234432220458984,8.559490203857422,5.43168830871582,2.620728015899658,4.5067362785339355,1.529165506362915,0.4069051146507263
360,21.88299999999999,117,0.0,True,-1.5915518999099731,3.0371572971343994,0.9780070781707764,-0.07346225529909134,1.588323950767517,0.000108787149656564,0.0,0.999925434589386,0.007261653780005872,4.593214511871338,1.7314242124557495,1.588323950767517,2.1251981258392334,-0.984617292881012,8.588630676269531,6.106976509094238,2.5746662616729736,4.51865291595459,1.718907356262207,0.31867092847824097
361,21.66799999999997,332,0.0,True,-0.41958555579185486,0.3624447286128998,1.046277403831482,-0.23888632655143738,0.15267574787139893,0.0030342830965916314,0.0,0.9988060792287191,0.0558340959250927,4.563541094462077,1.9652414321899414,0.15267574787139893,1.291927456855774,-2.9318392276763916,6.38920259475708,4.476995468139648,2.364004373550415,4.324319362640381,1.9547196626663208,0.7013381719589233
362,9.549999999999871,450,0.0,False,-0.3596128821372986,0.33750295639038086,0.8701774477958679,-0.19129648804664612,-0.011512688361108303,0.005031306762248278,0.00390625,0.9969900771975517,0.05527798272669315,2.889043539762497,0.8356792330741882,-0.011512688361108303,1.1852478981018066,-2.3795366287231445,6.300999641418457,2.753624439239502,1.464907169342041,2.765136957168579,0.9090487360954285,0.3453664779663086
363,5.549999999999875,450,0.0,False,0.22582760453224182,0.014655184000730515,1.2439942359924316,0.23253318667411804,-0.28337788581848145,-0.0008943037828430533,0.005859375,1.0014357417821884,0.02973492513410747,2.3755161315202713,0.6345094665884972,-0.28337788581848145,0.51106858253479,-2.3422327041625977,2.22483229637146,2.470900058746338,0.9831228852272034,2.7542781829833984,0.7150300741195679,0.7297642827033997
364,21.85500000000001,145,0.0,True,-1.0691901445388794,2.2832834720611572,0.937832772731781,0.07198267430067062,0.845172643661499,0.002138008984426657,0.0,0.9981489181518555,0.020629388590653736,6.3998134930928545,1.3920466899871826,0.845172643661499,1.4681872129440308,-1.4842987060546875,5.965482711791992,7.228513717651367,1.692267894744873,6.3833417892456055,1.4135191440582275,0.24729520082473755
365,21.709,291,0.0,True,-0.31437742710113525,0.8260037899017334,1.1161009073257446,0.09806641936302185,0.29648706316947937,-0.003766321949660778,0.0,1.0044808387756348,0.03594608046114445,4.700232124328613,2.0132874250411987,0.29648706316947937,1.4272395372390747,-2.1164631843566895,6.961554527282715,4.805647850036621,2.3251211643218994,4.509160995483398,1.9954699277877808,0.623207151889801
366,9.550000000000026,450,0.0,False,-2.5880303382873535,8.400688171386719,1.147821068763733,1.6117398738861084,-0.46074342727661133,0.008789408253505826,0.01171875,0.9929098933935165,0.05211674841120839,5.265502631664276,2.023639589548111,-0.46074342727661133,1.3442175388336182,-4.671243190765381,6.185949325561523,5.149794578552246,1.962337851524353,5.610538005828857,2.258262872695923,0.5307637453079224
367,21.654999999999934,345,0.0,True,0.7517673969268799,0.7004501819610596,1.0658118724822998,1.1014596223831177,-0.1039617732167244,0.009984304818014303,0.005208333333333333,0.9929165840148926,0.0707295760512352,5.2343839804331465,1.3111523588498433,-0.1039617732167244,1.3697184324264526,-2.4529590606689453,6.238792419433594,5.257542610168457,2.0510919094085693,5.361503601074219,1.347701907157898,0.5540437698364258
368,21.605999999999913,394,0.0,True,0.23285551369190216,1.4717882871627808,1.063288927078247,0.9682179689407349,0.036266397684812546,0.007197717071643898,0.006696428571428571,0.9953529919896807,0.06721890132342066,3.9097907883780345,1.2693639397621155,0.036266397684812546,1.3262956142425537,-3.076453685760498,5.6990485191345215,3.957913637161255,2.080165386199951,3.921647548675537,1.2952932119369507,0.5934771299362183
369,21.82299999999999,177,0.0,True,-0.8283020257949829,1.377171516418457,0.8468026518821716,-0.14013966917991638,0.5946402549743652,0.001883137971162796,0.0,0.998252809047699,0.01528931688517332,5.902609666188558,1.542852520942688,0.5946402549743652,1.6137691736221313,-3.020059585571289,5.063918113708496,6.457350730895996,2.067392587661743,5.862709999084473,1.5769836902618408,0.39069199562072754
370,21.67199999999994,328,0.0,True,0.25214314460754395,0.20414979755878448,1.0945103168487549,0.35367077589035034,0.1639491617679596,0.007573857282598813,0.0026041666666666665,0.9932290613651276,0.03501717125376066,4.525756041208903,1.303875635067622,0.1639491617679596,1.4530858993530273,-1.9180214405059814,6.975417137145996,4.495117664337158,2.197831630706787,4.331168174743652,1.3842295408248901,0.5628868937492371
371,21.567000000000007,433,0.0,True,0.21560446918010712,0.7286598682403564,1.1375497579574585,0.5793656706809998,-0.11174934357404709,0.009205332757639033,0.05990342582975115,0.9967704841068813,0.11198898830584117,4.554224354880197,1.1577227711677551,-0.11174934357404709,1.4797643423080444,-2.1117758750915527,6.735713481903076,4.661866664886475,2.360992670059204,4.773616313934326,1.084576964378357,0.6071779131889343
372,21.86300000000001,137,0.0,True,-0.6995022296905518,1.2923885583877563,0.8867627382278442,-0.05375133082270622,0.8699306845664978,-0.00890177053709825,0.0,1.0093238353729248,0.02547615021467209,6.646975199381511,2.224689563115438,0.8699306845664978,1.542240858078003,-1.734998345375061,5.806288719177246,7.384058952331543,2.075252056121826,6.5141282081604,2.1868479251861572,0.4477156400680542
373,-0.45000000000000034,450,0.0,False,1.4479442834854126,0.4665163457393646,1.054296851158142,1.6806752681732178,-0.8702762126922607,0.02521299826912582,0.1484375,0.9850844964385033,0.13151583820581436,4.697952091693878,0.3895760215818882,-0.8702762126922607,0.34116244316101074,-2.3328967094421387,0.050815194845199585,4.3488240242004395,0.1425628811120987,5.219099998474121,0.34871864318847656,-4.72676420211792
374,21.73999999999995,260,0.0,True,0.18729916214942932,0.12289754301309586,1.0895812511444092,0.24820314347743988,0.49799999594688416,0.012261066772043704,0.0,0.9899585723876954,0.047859452292323114,3.8707293033599854,1.322753918170929,0.49799999594688416,1.6667218208312988,-2.254427671432495,7.31523323059082,4.4362335205078125,2.511077404022217,3.9382338523864746,1.5611759424209595,0.5594390630722046
375,21.830000000000044,170,0.0,True,-0.16666673123836517,0.7179067134857178,0.8098028302192688,0.19188173115253448,0.22598479688167572,0.0018210265164573987,0.01314484141767025,0.9999477664629618,0.05505313351750374,7.584108352661133,0.8773594697316488,0.22598479688167572,1.2345969676971436,-1.6120020151138306,3.658327579498291,7.6210808753967285,1.3486360311508179,7.395096302032471,0.897083580493927,0.16196751594543457
376,21.80899999999997,191,0.0,True,-0.3642406463623047,1.3845927715301514,0.96451336145401,0.3275734782218933,0.47903886437416077,-0.006020983370641868,0.0,1.0074336727460225,0.04980632662773132,5.779606660207112,1.5624830722808838,0.47903886437416077,1.805588722229004,-1.5705753564834595,7.731080055236816,6.082752227783203,2.360950469970703,5.6037139892578125,1.5668646097183228,0.41512376070022583
377,21.61599999999998,384,0.0,True,-0.2135300636291504,0.9425339102745056,1.0835795402526855,0.2571951150894165,0.1768767535686493,0.0005224452664454778,0.020833333333333332,1.0019063850243886,0.07070352571705978,4.00665557384491,1.666164477666219,0.1768767535686493,1.3947592973709106,-2.7283992767333984,7.455943584442139,4.059011936187744,2.18099308013916,3.8821349143981934,1.6475436687469482,0.5910314321517944
378,21.867000000000004,133,0.0,True,-1.0009756088256836,1.006879448890686,0.9860513806343079,-0.4980289041996002,1.4937365055084229,-0.0025485221606989703,0.0,1.0026504794756572,0.013574527887006601,4.759721438090007,1.71522053082784,1.4937365055084229,2.254988431930542,-0.8515048027038574,9.169989585876465,5.97336483001709,2.4430625438690186,4.479628086090088,1.6038875579833984,0.14803946018218994
379,21.852999999999977,147,0.0,True,-0.0247880220413208,0.515174150466919,0.9063317179679871,0.23234589397907257,0.4397464692592621,-0.0015171233875056107,0.0,1.0016149282455444,0.01340218602369229,7.7527181307474775,0.9812328219413757,0.4397464692592621,1.8250133991241455,-2.041229724884033,7.061795234680176,8.003059387207031,1.9249399900436401,7.56331205368042,1.050825595855713,0.10112833976745605
380,5.549999999999863,450,0.0,False,0.12542909383773804,1.542777180671692,0.836455762386322,0.8963994383811951,-0.6192072629928589,0.0350342346355319,0.19140625,0.9846385717391968,0.1955330315977335,4.39202007651329,0.6918603777885437,-0.6192072629928589,0.8153344392776489,-3.323493480682373,2.4557723999023438,4.016204357147217,0.9772809743881226,4.635411739349365,0.785581111907959,0.30396246910095215
381,21.88600000000004,114,0.0,True,-1.3477243185043335,4.921760082244873,0.916379451751709,1.1126974821090698,1.0343414545059204,0.002242980059236288,0.0,0.9977975487709045,0.008611836237832904,7.906834125518799,1.6806920766830444,1.0343414545059204,2.4354569911956787,-1.4614652395248413,7.941842555999756,8.950982093811035,1.7880210876464844,7.916641712188721,1.732387900352478,-0.8553062677383423
382,21.94100000000001,59,0.0,True,-3.417574644088745,8.652928352355957,0.8962236642837524,0.908441424369812,3.4152956008911133,-0.0007122977403923869,0.0,1.0007258653640747,0.005139106884598732,6.564360618591309,1.8545228242874146,3.4152956008911133,2.4158570766448975,0.7127578258514404,8.936136245727539,9.951423645019531,2.2309415340423584,6.53612756729126,1.864715337753296,-0.172643780708313
383,21.62099999999994,379,0.0,True,0.08216872811317444,1.0416514873504639,1.0556975603103638,0.6024665832519531,-0.200631782412529,-0.0031054564363633594,0.060557909309864044,1.0061855713526409,0.07580165813366573,4.942340135574341,1.6144835948944092,-0.200631782412529,1.1495600938796997,-2.1572837829589844,4.9164276123046875,5.005669116973877,2.102088689804077,5.206301212310791,1.6309313774108887,0.7009379863739014
384,5.5499999999999154,450,0.0,False,0.36927857995033264,0.16053245961666107,1.2696783542633057,0.4489099681377411,-0.6077422499656677,-0.005710473982617259,0.08203125,1.0115947797894478,0.0982326096855104,4.021801948547363,1.0008062422275543,-0.6077422499656677,0.6798974275588989,-3.292097568511963,2.0564684867858887,3.918976068496704,1.1056307554244995,4.5267181396484375,1.1387797594070435,0.6218478679656982
385,21.916000000000018,84,0.0,True,-1.3677634000778198,2.204244613647461,0.9163551330566406,-0.2660992741584778,1.9148261547088623,0.003901539370417595,0.0,0.9962342083454132,0.012775703333318233,7.321901082992554,1.222581684589386,1.9148261547088623,1.9451872110366821,-0.9148571491241455,7.198313236236572,9.138177871704102,1.9308452606201172,7.223351955413818,1.2595221996307373,-0.014910578727722168
386,21.813999999999986,186,0.0,True,-0.6358757615089417,1.7240145206451416,1.0848662853240967,0.2255890667438507,0.8741625547409058,-0.003497095468143622,0.0,1.0040286580721538,0.030488981554905575,4.645911693572998,1.2168953816095989,0.8741625547409058,2.08965802192688,-2.0109124183654785,9.773064613342285,5.408178329467773,2.2897322177886963,4.534015655517578,1.212630033493042,0.1671227216720581
387,21.773999999999987,226,0.0,True,-0.10452932119369507,0.7038581967353821,1.0032811164855957,0.2468981295824051,0.24524839222431183,-0.00039276527240872383,0.0,1.000969335436821,0.03291062917560339,5.889786958694458,1.3862811923027039,0.24524839222431183,1.2455708980560303,-1.9749560356140137,4.433574676513672,5.8658366203308105,2.068082571029663,5.620588302612305,1.3741892576217651,0.6372551918029785
388,21.82599999999998,174,0.0,True,0.32298943400382996,0.4610583484172821,0.940217912197113,0.5530484914779663,0.045387838035821915,0.003695998340845108,0.0,0.9965818325678507,0.022435413983960945,7.970442454020183,1.2636335293451946,0.045387838035821915,1.375927209854126,-1.4888681173324585,5.75703763961792,7.932995319366455,1.7955763339996338,7.887607097625732,1.2824182510375977,0.41280388832092285
389,21.868999999999996,131,0.0,True,-1.5597394704818726,1.40249764919281,1.1753246784210205,-0.8590782880783081,1.39544677734375,0.0006156389911969503,0.0,0.9996522665023804,0.02219817725320657,4.250876108805339,1.4758334457874298,1.39544677734375,1.6155012845993042,-0.450414776802063,7.434011459350586,6.070910930633545,2.572352409362793,4.675464153289795,2.0968992710113525,0.6055847406387329
390,21.832000000000036,168,0.0,True,-0.7090261578559875,1.3381084203720093,0.9782819747924805,-0.040461089462041855,0.42087849974632263,-0.001599988240438203,0.0,1.0019627412160237,0.026956633975108463,7.5585862795511884,1.183903733889262,0.42087849974632263,1.5824259519577026,-1.6039514541625977,6.026211738586426,7.747811794281006,1.656879186630249,7.32693338394165,1.1671301126480103,0.0878523588180542
391,21.802000000000014,198,0.0,True,0.2197578400373459,0.5229448676109314,1.1118741035461426,0.4806743264198303,0.6324118971824646,0.0019874395802617073,0.0,0.998458057641983,0.028786344919353724,5.54524564743042,1.359221875667572,0.6324118971824646,2.1236610412597656,-1.637488842010498,8.278708457946777,6.04258918762207,2.8111767768859863,5.410177230834961,1.7638697624206543,0.42931807041168213
392,5.549999999999904,450,0.0,False,0.7140480279922485,0.030146708711981773,1.2038729190826416,0.7285194396972656,-0.7041746973991394,0.004426975268870592,0.05078125,1.0028103291988373,0.11968653742223978,4.792248845100403,0.9982709288597107,-0.7041746973991394,0.605293333530426,-3.0050277709960938,1.7813596725463867,4.617822170257568,1.190093994140625,5.321996688842773,1.172824501991272,0.7413161993026733
393,21.780999999999985,219,0.0,True,-0.9733024835586548,2.733774185180664,1.1072508096694946,0.39303097128868103,0.41782066226005554,-0.00086299201939255,0.013165509328246117,1.0032330453395844,0.06427293922752142,5.477026581764221,1.9215746819972992,0.41782066226005554,1.7035595178604126,-2.27056622505188,6.993340492248535,5.854702472686768,2.378188133239746,5.4368815422058105,1.9778839349746704,0.4868761897087097
394,21.896000000000015,104,0.0,True,-0.9285017848014832,1.3265236616134644,0.8106212615966797,-0.26564526557922363,0.9008874297142029,0.0018546277424320579,0.0,0.9986846446990967,0.03111180290579796,8.848356246948242,0.7872787117958069,0.9008874297142029,1.3812873363494873,-1.2286455631256104,4.501079559326172,9.667764663696289,1.3325694799423218,8.766878128051758,0.776623547077179,-0.0744551420211792
395,21.725999999999978,274,0.0,True,0.5429537892341614,0.6115900278091431,1.0377155542373657,0.8482299447059631,-0.41971322894096375,0.0014284614473581315,0.0,0.999255096912384,0.0346337616443634,7.436570167541504,1.400579571723938,-0.41971322894096375,1.0863388776779175,-4.178779602050781,3.521310329437256,7.0883002281188965,1.848476529121399,7.508013725280762,1.4110461473464966,0.6546155214309692
396,21.74800000000001,252,0.0,True,-0.0438184030354023,1.374368667602539,1.0555790662765503,0.6428381204605103,-0.16187143325805664,0.0002639575395733118,0.0,0.9999936819076538,0.021883073495700955,6.748488068580627,1.7167455554008484,-0.16187143325805664,1.5091341733932495,-2.79664945602417,6.241681098937988,6.783632755279541,1.8879731893539429,6.9455037117004395,1.7577080726623535,0.36105412244796753
397,9.549999999999958,450,0.0,False,1.2068686485290527,0.10721281170845032,1.1282844543457031,1.2599109411239624,-0.5341076254844666,0.018853895599022508,0.0546875,0.9874691069126129,0.1054466450586915,5.8899893164634705,0.9307769760489464,-0.5341076254844666,1.2870250940322876,-2.5924673080444336,6.311480522155762,5.926386833190918,1.4479105472564697,6.4604949951171875,1.096709132194519,0.20988446474075317
398,21.793000000000013,207,0.0,True,-0.71068274974823,1.277297019958496,1.0809271335601807,-0.07257470488548279,0.31474757194519043,0.0005516018136404455,0.0,0.9997574836015701,0.024788470473140478,6.420677900314331,1.5106022357940674,0.31474757194519043,1.3448785543441772,-1.6114310026168823,6.322324752807617,6.641354560852051,1.7252042293548584,6.3266072273254395,1.4984337091445923,0.39230573177337646
399,21.671999999999965,328,0.0,True,0.5117348432540894,0.4874468147754669,1.1095613241195679,0.7549034357070923,-0.18704509735107422,0.0009998812650640805,0.0,0.9993312458197275,0.023581568617373705,6.116626342137654,1.6547295848528545,-0.18704509735107422,1.3014718294143677,-2.5089640617370605,6.294224739074707,5.9722137451171875,2.027812957763672,6.15925931930542,1.628192663192749,0.5880792140960693
400,21.75299999999999,247,0.0,True,-0.5017760992050171,1.2537227869033813,1.1674261093139648,0.12450157850980759,0.43664079904556274,0.003198957769200206,0.00909090880304575,0.9986087828874588,0.0557025047019124,4.7449047565460205,1.965770810842514,0.43664079904556274,1.4129852056503296,-1.7350666522979736,6.520510196685791,5.0883307456970215,2.438032865524292,4.6516900062561035,1.9719988107681274,0.6641106605529785
