episode,reward,steps,epsilon,success,policy_loss,value_loss,entropy,total_loss,mean_advantage,approx_kl_mean,clip_frac_mean,ratio_mean,ratio_std,v_mean,v_std,raw_adv_mean,raw_adv_std,raw_adv_min,raw_adv_max,returns_mean,returns_std,values_old_mean,values_old_std,explained_variance
1,5.549999999999886,450,0.0,False,0.13354134559631348,0.18189705908298492,1.2012808322906494,0.22328858077526093,-0.5736925005912781,0.015129107283428311,0.029296875,0.9888172447681427,0.07891434524208307,3.754605859518051,0.7683948203921318,-0.5736925005912781,0.5350380539894104,-2.543242931365967,2.3475699424743652,3.765989303588867,0.9238268136978149,4.339682102203369,0.7670300602912903,0.6645805835723877
2,21.868000000000006,132,0.0,True,-0.5958411693572998,0.9065042734146118,1.2773706912994385,-0.1438664048910141,1.759461522102356,-0.008310232311487198,0.0,1.008564015229543,0.015170530105630556,3.8272290229797363,0.5459054286281267,1.759461522102356,2.759385824203491,-0.5986946821212769,9.512022018432617,5.565091609954834,3.036086320877075,3.8056299686431885,0.7644968628883362,0.17396855354309082
3,21.764999999999993,235,0.0,True,-0.5540643334388733,0.9127155542373657,1.012733817100525,-0.0987192913889885,0.5195778012275696,-0.0031953896686900407,0.0,1.0044955611228943,0.048388720490038395,4.605061769485474,1.125736877322197,0.5195778012275696,1.439803957939148,-1.99100923538208,5.285952568054199,4.825088024139404,1.996949553489685,4.3055100440979,1.0945987701416016,0.4801566004753113
4,21.787999999999997,212,0.0,True,0.11432334035634995,0.932227611541748,0.8456533551216125,0.5795914530754089,0.37233051657676697,0.00675507728010416,0.06640625,0.9983373284339905,0.0933866836130619,5.759307265281677,0.9973061978816986,0.37233051657676697,1.3834779262542725,-1.9411627054214478,4.537492752075195,5.67190408706665,1.8457690477371216,5.2995734214782715,1.0439493656158447,0.43818962574005127
5,21.740000000000055,260,0.0,True,0.19679318368434906,0.6059417128562927,0.9275626540184021,0.4988364577293396,0.22758568823337555,0.0025844424962997437,0.003125,0.9988690257072449,0.05132565908133983,5.629253292083741,0.9713870704174041,0.22758568823337555,1.2954021692276,-1.3571985960006714,4.696225166320801,5.5281805992126465,1.5852190256118774,5.300595283508301,1.1183313131332397,0.33222413063049316
6,5.549999999999882,450,0.0,False,0.3961220681667328,0.05044127255678177,1.0536460876464844,0.4202890694141388,-0.5079011917114258,0.024295619688928127,0.12890625,0.9871193915605545,0.1506236083805561,3.541864722967148,0.8347018137574196,-0.5079011917114258,0.5717856884002686,-2.0844173431396484,2.370763063430786,3.598937511444092,1.0309116840362549,4.106838703155518,0.8149842619895935,0.6923735737800598
7,5.549999999999865,450,0.0,False,0.5157968997955322,0.023382756859064102,1.1917314529418945,0.5262965559959412,-0.4782194197177887,0.027839122572913766,0.044921875,0.9799270257353783,0.10441813245415688,3.0158801078796387,0.729859970510006,-0.4782194197177887,0.5490541458129883,-2.5073108673095703,2.071763277053833,3.140655517578125,1.030416488647461,3.618875026702881,0.8391644954681396,0.7160743474960327
8,5.549999999999885,450,0.0,False,0.4074678421020508,0.021206650882959366,1.2194286584854126,0.4168517589569092,-0.44980841875076294,0.01826251088641584,0.1328125,0.9921711385250092,0.14553705882281065,3.0134206414222717,0.8766934797167778,-0.44980841875076294,0.48651665449142456,-1.8925871849060059,2.2434728145599365,3.168552875518799,1.0557037591934204,3.618361473083496,0.9675716161727905,0.7876212000846863
9,21.817000000000036,183,0.0,True,-0.8454272150993347,1.2085909843444824,0.9557218551635742,-0.2420874387025833,0.663589596748352,0.0028883326643457017,0.0,0.9979930520057678,0.03955241789420446,5.260974884033203,1.0738170742988586,0.663589596748352,1.576298475265503,-2.1101856231689453,5.188887596130371,5.786199569702148,1.7334131002426147,5.122609615325928,1.0704827308654785,0.17306232452392578
10,21.89,110,0.0,True,-2.3244588375091553,4.2279372215271,1.128316044807434,-0.2116185426712036,2.144136905670166,0.0010778000578284264,0.0,0.9991387128829956,0.02008709218353033,3.671046257019043,1.1184611320495605,2.144136905670166,1.9568853378295898,0.2558601200580597,7.709889888763428,5.6995038986206055,2.019064426422119,3.5553665161132812,1.1017935276031494,0.060643672943115234
11,21.826,174,0.0,True,-0.5747079849243164,0.7415615916252136,1.042114496231079,-0.20496930181980133,0.8169418573379517,0.005346966907382011,0.014492753893136978,0.9959243337313334,0.046485867351293564,5.121816158294678,0.9468000133832296,0.8169418573379517,1.4889156818389893,-0.8095344305038452,5.687174320220947,5.624403476715088,1.8283114433288574,4.807461261749268,0.9606617093086243,0.3368071913719177
12,21.764000000000067,236,0.0,True,0.2348613739013672,1.1577255725860596,0.9789153337478638,0.8127452731132507,0.31042569875717163,-0.0016394602716900408,0.00390625,1.0035495162010193,0.06055919732898474,5.491148471832275,1.0309064537286758,0.31042569875717163,1.674522042274475,-3.9288489818573,5.871371269226074,5.364944934844971,1.5263956785202026,5.054518699645996,1.0490069389343262,-0.20350384712219238
13,21.616000000000025,384,0.0,True,0.14098238945007324,0.6406767964363098,1.0920439958572388,0.46022874116897583,-0.045255713164806366,0.005520947277545929,0.0546875,0.9985445936520895,0.09417313213149707,4.726012547810872,1.3371866941452026,-0.045255713164806366,1.246017575263977,-1.5229073762893677,5.357152938842773,4.735946178436279,1.7404272556304932,4.78120231628418,1.3768125772476196,0.487449586391449
14,5.549999999999885,450,0.0,False,0.49595344066619873,0.1378224641084671,1.0666909217834473,0.5637980103492737,-0.6746135950088501,0.011538703925907612,0.009765625,0.9908128678798676,0.057913610711693764,4.3713133335113525,1.172557219862938,-0.6746135950088501,0.5603905916213989,-3.53256893157959,1.297837734222412,4.230062961578369,1.2754989862442017,4.904676914215088,1.197978138923645,0.8069714903831482
15,9.54999999999998,450,0.0,False,1.8995048999786377,0.5303223133087158,1.1654815673828125,2.1635007858276367,-0.4356568455696106,-0.023218577494844794,0.09375,1.0332059487700462,0.10462448513135314,4.680804967880249,0.6779359132051468,-0.4356568455696106,0.9344936609268188,-1.9492065906524658,4.452567100524902,4.709676742553711,1.0360463857650757,5.145333290100098,0.8134293556213379,0.18643110990524292
16,21.86500000000003,135,0.0,True,-1.1655958890914917,1.9392634630203247,0.9535359144210815,-0.19691769778728485,1.2023098468780518,0.0032756362731258073,0.0,0.9984873135884603,0.05777342369159063,5.50607697168986,0.6479803125063578,1.2023098468780518,1.3842206001281738,-1.231663703918457,4.606344223022461,6.646553993225098,1.6332017183303833,5.444243907928467,0.6545782685279846,0.281658411026001
17,21.673000000000116,327,0.0,True,-0.12234090268611908,0.7420985698699951,1.0454890727996826,0.24766288697719574,0.2922264039516449,0.011795794280866781,0.08668154974778493,0.9971667230129242,0.12571080898245177,4.305163145065308,0.6976804186900457,0.2922264039516449,1.5082076787948608,-1.7490406036376953,6.626899719238281,4.275979042053223,1.5237681865692139,3.983752727508545,0.6366047263145447,0.020319581031799316
18,5.549999999999893,450,0.0,False,0.4690060615539551,0.01857820525765419,0.8929846286773682,0.4774021804332733,-0.45093345642089844,-0.0015965229831635952,0.005859375,1.0029756277799606,0.0470693449024111,3.275664657354355,0.7268509641289711,-0.45093345642089844,0.6067036986351013,-2.5160324573516846,2.3425493240356445,3.291151762008667,0.8855289816856384,3.7420849800109863,0.7251782417297363,0.5305949449539185
19,9.54999999999994,450,0.0,False,0.3960826098918915,0.029554853215813637,1.145103096961975,0.409714937210083,-0.29357674717903137,0.011897080577909946,0.005859375,0.9898297265172005,0.05301717668771744,3.4168739020824432,0.8756939619779587,-0.29357674717903137,0.9473670721054077,-3.8797550201416016,4.834026336669922,3.6356022357940674,1.2316762208938599,3.9291791915893555,1.0880680084228516,0.4083791971206665
20,21.838999999999977,161,0.0,True,-1.0295193195343018,1.538316011428833,0.9513615965843201,-0.26131266355514526,1.1622265577316284,-0.004307907695571582,0.0,1.0050829847653706,0.037420809268951416,3.8396335442860923,1.0992898344993591,1.1622265577316284,1.7754544019699097,-0.8372661471366882,6.876114845275879,4.892884731292725,2.513315200805664,3.7306580543518066,1.070170283317566,0.500971794128418
21,5.549999999999904,450,0.0,False,0.38308796286582947,0.003687088144943118,1.0599802732467651,0.38387152552604675,-0.2752121388912201,0.03487123944796622,0.177734375,0.974379226565361,0.11546829203143716,2.599909871816635,0.4577753022313118,-0.2752121388912201,0.47537997364997864,-1.3532637357711792,2.425161838531494,2.6476244926452637,0.8261321783065796,2.922837018966675,0.49107515811920166,0.6688820123672485
22,21.725000000000023,275,0.0,True,-0.5919378995895386,1.2035220861434937,1.0066760778427124,0.008816467598080635,0.4416491687297821,0.00224881898611784,0.013651315867900849,0.9989903569221497,0.04834688156843185,4.196051454544067,0.9586219429969788,0.4416491687297821,1.4662954807281494,-1.9713850021362305,6.605121612548828,4.42439079284668,1.682607889175415,3.982741594314575,0.9151760935783386,0.24058854579925537
23,21.623999999999935,376,0.0,True,-0.15253905951976776,0.8713750839233398,1.0798091888427734,0.28206866979599,0.24335730075836182,0.002716075318555037,0.008556547885139784,0.9993941883246104,0.060589246451854706,3.753011624018351,1.094476153453191,0.24335730075836182,1.3506848812103271,-2.332955837249756,6.319648742675781,3.654261589050293,2.021569013595581,3.4109041690826416,1.0439403057098389,0.553593099117279
24,21.81799999999998,182,0.0,True,-0.8702263236045837,1.1067006587982178,1.092619776725769,-0.31796860694885254,0.9096794724464417,-0.0034350495164593062,0.005208333333333333,1.0041730006535847,0.03553412233789762,3.973555088043213,1.3961798747380574,0.9096794724464417,1.6006009578704834,-1.4303679466247559,5.852505207061768,4.706167221069336,2.4887146949768066,3.796488046646118,1.3134194612503052,0.5863662958145142
25,21.691999999999993,308,0.0,True,-0.021071668714284897,1.030577301979065,1.0433940887451172,0.49317359924316406,0.13898082077503204,-0.0030559043865650893,0.003846153989434242,1.0044308662414552,0.05270254090428352,5.217555999755859,1.9270350217819214,0.13898082077503204,1.4013569355010986,-2.3087944984436035,5.851367950439453,5.098471164703369,2.29732608795166,4.9594902992248535,1.925869107246399,0.627906322479248
26,21.612999999999992,387,0.0,True,-0.6901463270187378,0.5616801381111145,1.0636214017868042,-0.410369873046875,-0.09622564166784286,0.013813784479030542,0.09151785714285714,0.9925574149404254,0.11057565308042935,5.070074081420898,1.2674970626831055,-0.09622564166784286,1.1301668882369995,-1.7904714345932007,4.853719234466553,5.084365367889404,1.7592281103134155,5.180591106414795,1.2886406183242798,0.5872939229011536
27,-0.45000000000000034,450,0.0,False,0.8139556646347046,0.07926703989505768,1.2921868562698364,0.8522970080375671,-0.8469747304916382,-0.010605148272588849,0.298828125,1.051403485238552,0.29992819391191006,4.132570654153824,0.25830167159438133,-0.8469747304916382,0.37000930309295654,-2.203516960144043,0.05746585130691528,4.225708484649658,0.13914754986763,5.072682857513428,0.3757023513317108,-6.070888519287109
28,21.863999999999997,136,0.0,True,-1.5325361490249634,3.2275867462158203,0.8630474805831909,0.08039417862892151,0.8990766406059265,0.002551425869266192,0.005208333333333333,0.9999916156133016,0.0677521675825119,6.931265195210774,0.6953463157018026,0.8990766406059265,1.3543522357940674,-1.8276126384735107,5.326051712036133,7.581454277038574,1.7113134860992432,6.682377338409424,0.7698442339897156,0.3736686110496521
29,9.549999999999995,450,0.0,False,0.2505820393562317,0.049652498215436935,1.2091162204742432,0.2741991877555847,-0.3136982023715973,-0.00218836753629148,0.056640625,1.0062718912959099,0.08234922681003809,4.428256988525391,0.7966924346983433,-0.3136982023715973,1.0782363414764404,-1.4235414266586304,5.771418571472168,4.527719974517822,1.2027382850646973,4.841418266296387,0.8587921857833862,0.1963152289390564
30,5.5499999999999625,450,0.0,False,0.34242820739746094,0.04700147360563278,1.280069351196289,0.36464887857437134,-0.27800074219703674,0.02980960498098284,0.072265625,0.9779522716999054,0.11597573291510344,2.7390076816082,0.5078097805380821,-0.27800074219703674,0.5071799755096436,-1.7453327178955078,2.8830673694610596,2.848691463470459,0.8732696771621704,3.126692295074463,0.5435897707939148,0.6626913547515869
31,5.54999999999988,450,0.0,False,0.34059780836105347,0.00030567983048968017,1.2900750637054443,0.339460551738739,-0.2662809193134308,-0.0070587999653071165,0.01171875,1.0084418132901192,0.04666807875037193,2.288816064596176,0.5276690870523453,-0.2662809193134308,0.5143676996231079,-1.363559365272522,2.569608688354492,2.369213819503784,0.8752325773239136,2.6354949474334717,0.5747516751289368,0.654617428779602
32,5.549999999999937,450,0.0,False,1.6925445795059204,0.08593086153268814,1.0244367122650146,1.7344855070114136,-0.6838937997817993,-0.02382447593845427,0.18359375,1.044733963906765,0.1952696517109871,4.6142125725746155,0.44474318251013756,-0.6838937997817993,0.69568932056427,-2.4865074157714844,3.501624584197998,4.7024617195129395,0.7498230934143066,5.386355400085449,0.4513581395149231,0.13917863368988037
33,21.69599999999996,304,0.0,True,-0.7029942274093628,1.1022510528564453,1.0275157690048218,-0.1528962105512619,0.45263126492500305,0.01345517225563526,0.10833333432674408,0.994991683959961,0.11787354499101639,3.778995227813721,1.0543012380599976,0.45263126492500305,1.5502243041992188,-2.4349212646484375,7.252089500427246,3.8922266960144043,2.0851285457611084,3.4395956993103027,0.9969989657402039,0.44725674390792847
34,21.69399999999993,306,0.0,True,0.16341999173164368,0.5739758610725403,0.9830769300460815,0.4494248330593109,0.11289893090724945,0.001201691571623087,0.0,0.9992540121078491,0.028438258916139603,4.834565544128418,0.8644594073295593,0.11289893090724945,1.6045503616333008,-2.590909957885742,6.401676654815674,4.826005935668945,1.9056646823883057,4.713107109069824,0.8585877418518066,0.29105299711227417
35,5.549999999999898,450,0.0,False,-0.2758306860923767,0.7251155972480774,1.276968240737915,0.08545014262199402,-0.30157825350761414,0.008712616981938481,0.033203125,0.9951947331428528,0.08468676172196865,2.738355278968811,0.6697105839848518,-0.30157825350761414,0.5611856579780579,-2.700132369995117,1.8107051849365234,2.7560911178588867,0.7518436908721924,3.0576694011688232,0.7035880088806152,0.442868173122406
36,5.549999999999879,450,0.0,False,0.32803112268447876,0.004381125792860985,1.3254072666168213,0.32889628410339355,-0.17790479958057404,-0.01166630513034761,0.072265625,1.0157884284853935,0.07927898550406098,1.8456725776195526,0.5718804337084293,-0.17790479958057404,0.5155945420265198,-2.559039354324341,1.4977068901062012,1.9357831478118896,0.8520421385765076,2.1136879920959473,0.6602446436882019,0.633820116519928
37,21.56299999999989,437,0.0,True,-0.2072135955095291,0.5332359671592712,1.2071685791015625,0.05819721892476082,0.3290289342403412,0.00593040876888803,0.17566543178898947,1.004805632999965,0.13398290531975882,2.546597957611084,0.9189521755490985,0.3290289342403412,1.4148070812225342,-1.1342267990112305,7.034467697143555,2.533637285232544,1.9919178485870361,2.20460844039917,0.8161673545837402,0.4955110549926758
38,21.64999999999996,350,0.0,True,-0.3254806697368622,0.42226672172546387,1.211342692375183,-0.11555865406990051,0.16640280187129974,-0.002823473885655403,0.0,1.0040389200051625,0.04520293138921261,4.226516008377075,1.4823846419652302,0.16640280187129974,1.1699763536453247,-1.4704779386520386,5.266729354858398,4.183095455169678,2.1291563510894775,4.016693115234375,1.4142694473266602,0.6980471611022949
39,21.651999999999916,348,0.0,True,-0.6386001706123352,2.0749528408050537,1.2636542320251465,0.397612601518631,0.4283900558948517,0.00878626387566328,0.050967262436946235,0.9951485792795817,0.08668024403353532,2.9454116026560464,1.152972420056661,0.4283900558948517,1.619192361831665,-2.0960004329681396,8.791146278381348,3.0316221714019775,2.24983549118042,2.6032321453094482,1.0869332551956177,0.48204100131988525
40,21.71599999999998,284,0.0,True,-0.2345503866672516,0.7339807152748108,1.0941509008407593,0.13134582340717316,0.21950548887252808,0.00394212082028389,0.01339285746216774,0.9979813575744629,0.05423057526350021,5.130028629302979,1.5007930040359496,0.21950548887252808,1.300644874572754,-1.7639373540878296,5.298462867736816,5.01538610458374,2.0917394161224365,4.7958807945251465,1.4353779554367065,0.6133639812469482
41,21.811,189,0.0,True,-0.1798599362373352,0.7122681140899658,0.8712038993835449,0.1754029095172882,0.2947470247745514,-0.0032497290521860123,0.0,1.0042102932929993,0.038953788578510284,6.966532866160075,1.5218770503997803,0.2947470247745514,1.2503582239151,-1.4434324502944946,5.061971664428711,7.047001361846924,1.944810152053833,6.752254486083984,1.5078670978546143,0.5866532921791077
42,5.549999999999908,450,0.0,False,0.16984955966472626,0.6319963932037354,1.058903455734253,0.4847888648509979,-0.8549654483795166,0.04089931212365627,0.205078125,0.9820529147982597,0.22111686784774065,5.95334130525589,1.0134246572852135,-0.8549654483795166,0.6896679401397705,-3.377145528793335,1.8505499362945557,5.905218124389648,1.0537172555923462,6.760183334350586,0.9876477122306824,0.5716172456741333
43,21.65300000000002,347,0.0,True,0.3860044479370117,0.19721314311027527,1.0988880395889282,0.48351213335990906,-0.15628372132778168,0.01068710908293724,0.08294753233591716,0.9943674008051554,0.09554097801446915,5.722906033198039,1.2726218899091084,-0.15628372132778168,1.1304402351379395,-1.576059103012085,5.402987480163574,5.761691093444824,1.8643712997436523,5.917974948883057,1.1856050491333008,0.6323535442352295
44,5.549999999999923,450,0.0,False,0.8934527635574341,0.039942458271980286,1.2952903509140015,0.912128746509552,-0.6717104315757751,0.01895650546066463,0.4375,1.0287175849080086,0.3347495011985302,3.780603587627411,0.6574974358081818,-0.6717104315757751,0.6175585985183716,-2.5984301567077637,2.296503782272339,4.2373948097229,0.8444426655769348,4.909104824066162,0.9263889789581299,0.46516960859298706
45,9.549999999999926,450,0.0,False,0.5006341934204102,0.02360243909060955,1.1456881761550903,0.5112897753715515,-0.29674410820007324,0.02950269333086908,0.126953125,0.9794802218675613,0.11742878658697009,3.744756728410721,0.8293991163372993,-0.29674410820007324,1.0157952308654785,-2.408740520477295,5.075237274169922,3.85642147064209,1.1766971349716187,4.153165817260742,0.8595722913742065,0.25478291511535645
46,21.88200000000001,118,0.0,True,-1.5795480012893677,2.2935454845428467,1.027578592300415,-0.43380284309387207,1.5232152938842773,-0.004546148236840963,0.0,1.0052545070648193,0.03547990322113037,5.494809865951538,1.1010430455207825,1.5232152938842773,1.5408622026443481,-0.5311959981918335,4.839439392089844,6.838129043579102,1.73740553855896,5.314914226531982,1.0723711252212524,0.2134520411491394
47,5.549999999999881,450,0.0,False,0.8165675401687622,0.09589700400829315,1.3542406558990479,0.8631618022918701,-0.3786228597164154,-0.014000561786815524,0.130859375,1.0240264162421227,0.1283825458958745,2.9073812663555145,0.5942443758249283,-0.3786228597164154,0.5905784964561462,-2.2201271057128906,1.944636344909668,2.9857640266418457,0.723473310470581,3.364387035369873,0.671407163143158,0.33363795280456543
48,21.798999999999992,201,0.0,True,-0.8002650141716003,0.41352468729019165,0.9708779454231262,-0.5944735407829285,0.657473087310791,0.00631659512873739,0.05859375,0.9990980625152588,0.0967696150764823,5.507817387580872,1.451555460691452,0.657473087310791,1.437890648841858,-1.370071291923523,6.668361186981201,5.533510208129883,2.1167714595794678,4.876036643981934,1.3612200021743774,0.5385720729827881
49,21.818000000000012,182,0.0,True,-0.1279187798500061,0.6149872541427612,1.0119187831878662,0.1785629242658615,0.5203046798706055,0.0013358357052008312,0.03935185198982557,1.003006637096405,0.0881671557823817,6.343682607014974,1.5076413949330647,0.5203046798706055,1.267818570137024,-1.3697024583816528,4.838460445404053,6.434985160827637,1.9032540321350098,5.914680480957031,1.4955623149871826,0.556268036365509
50,21.861999999999995,138,0.0,True,-2.0821995735168457,2.307971954345703,1.0073169469833374,-0.9292209148406982,1.2964061498641968,-0.02245272509753704,0.015625,1.0251788695653279,0.06413829326629639,5.021693070729573,1.2229233185450237,1.2964061498641968,1.6673893928527832,-2.564957618713379,6.454659938812256,5.803249835968018,2.2290263175964355,4.5068440437316895,1.2776321172714233,0.440443754196167
51,5.549999999999874,450,0.0,False,0.2082841545343399,0.2945767045021057,1.2441517114639282,0.35432836413383484,-0.6269193291664124,0.007299275021068752,0.017578125,0.9952458590269089,0.06377687212079763,4.491458237171173,0.6274871081113815,-0.6269193291664124,0.7806151509284973,-2.143394947052002,3.628420352935791,4.440943241119385,0.8419824838638306,5.067862510681152,0.6684336066246033,0.14045655727386475
52,21.83000000000002,170,0.0,True,-1.1319242715835571,2.4600980281829834,1.015918493270874,0.09710882604122162,0.7605334520339966,0.0017931161370749276,0.0,0.999128540356954,0.03969551126162211,5.5843095779418945,0.9225115776062012,0.7605334520339966,1.7505987882614136,-1.188035488128662,6.478153228759766,6.27885627746582,1.8452320098876953,5.518322944641113,0.9089529514312744,0.09994035959243774
53,21.644000000000013,356,0.0,True,-0.20619957149028778,1.930869698524475,1.0021218061447144,0.7582331299781799,-0.19788995385169983,0.0032485942356288433,0.04195601865649223,0.9995487729708353,0.0732639307777087,5.7837386926015215,1.94923069079717,-0.19788995385169983,1.3741484880447388,-1.871306300163269,6.506000518798828,5.7291436195373535,2.1166932582855225,5.927033424377441,2.068263053894043,0.5785446763038635
54,5.549999999999873,450,0.0,False,0.21149365603923798,0.05645880103111267,1.336802363395691,0.23838625848293304,-0.44697439670562744,0.04074504959862679,0.130859375,0.9761796668171883,0.17268184199929237,3.0011959075927734,0.6210876703262329,-0.44697439670562744,0.5110011696815491,-2.0694031715393066,2.602015495300293,3.2984955310821533,0.979667067527771,3.7454702854156494,0.7095489501953125,0.7279261350631714
55,5.549999999999889,450,0.0,False,-0.16027268767356873,0.8676857352256775,1.2602877616882324,0.27230989933013916,-0.6254097819328308,0.006480582989752293,0.087890625,0.9993497207760811,0.11019852291792631,4.428242266178131,0.7180552259087563,-0.6254097819328308,0.5956916213035583,-2.0804286003112793,2.506460189819336,4.310153007507324,0.8925161361694336,4.935562610626221,0.7981497645378113,0.5545378923416138
56,21.73400000000008,266,0.0,True,-0.0304036196321249,1.2536181211471558,1.0816148519515991,0.5953238606452942,-0.09539428353309631,0.002115433965809643,0.0,0.9984602570533753,0.03291838467121124,6.304783630371094,0.5745020568370819,-0.09539428353309631,1.504055380821228,-3.513301372528076,4.740477561950684,6.435972213745117,1.538219690322876,6.53136682510376,0.6561445593833923,0.04392725229263306
57,21.857000000000056,143,0.0,True,-1.3576139211654663,3.225823163986206,1.0284628868103027,0.25426921248435974,1.0398935079574585,8.964367831746738e-05,0.0,1.0004059076309204,0.029958545540769894,5.425233205159505,0.42029506464799243,1.0398935079574585,1.891854166984558,-1.1849254369735718,5.907492160797119,6.354186058044434,2.123365879058838,5.3142924308776855,0.49423766136169434,0.2061733603477478
58,21.564999999999937,435,0.0,True,-0.22575578093528748,1.032689094543457,1.1833575963974,0.2894054055213928,-0.040355972945690155,0.009883262882275241,0.04971988818475178,0.9933091061455863,0.07501701904194695,4.0956315994262695,1.2350332481520516,-0.040355972945690155,1.152178168296814,-2.0261828899383545,5.053323745727539,4.114315509796143,1.87076735496521,4.154671669006348,1.1842761039733887,0.620685338973999
59,21.842000000000002,158,0.0,True,-0.7457332015037537,1.108812689781189,1.1155871152877808,-0.19244244694709778,0.8551139831542969,-0.0009135365641365448,0.0,1.001027782758077,0.014603097923099995,5.529934724171956,1.3569212754567463,0.8551139831542969,1.3916245698928833,-1.3777482509613037,5.847617149353027,6.284975051879883,2.0283267498016357,5.429861068725586,1.3561766147613525,0.5292737483978271
60,21.627999999999915,372,0.0,True,0.15542742609977722,0.6619582772254944,1.135544776916504,0.48527100682258606,0.18921568989753723,0.0021686943558355174,0.03225160390138626,1.0006217062473297,0.06671116439004739,3.9433139165242515,0.9489931464195251,0.18921568989753723,1.7180513143539429,-2.4297401905059814,9.577442169189453,3.8706133365631104,2.00309419631958,3.6813976764678955,0.9835062026977539,0.2643529176712036
61,21.91000000000001,90,0.0,True,-1.7751578092575073,2.0566489696502686,1.065494179725647,-0.7478988170623779,2.1350395679473877,0.002227389835752547,0.0,0.9978809654712677,0.014339132234454155,5.594320058822632,0.9992003440856934,2.1350395679473877,1.5039591789245605,0.10102256387472153,6.740645408630371,7.63956880569458,1.564927101135254,5.504528999328613,1.0679324865341187,0.07639998197555542
62,5.549999999999895,450,0.0,False,0.4246135354042053,0.028240680694580078,1.2631354331970215,0.4374707341194153,-0.477281779050827,0.015097047667950392,0.02734375,0.9883173927664757,0.06997072976082563,3.6911735832691193,0.8499077335000038,-0.477281779050827,0.6070835590362549,-2.646165132522583,1.8906968832015991,3.740114450454712,1.0312021970748901,4.217396259307861,0.9695266485214233,0.653415322303772
63,5.549999999999903,450,0.0,False,0.638710618019104,0.0597558319568634,0.9395500421524048,0.66764897108078,-0.5923346281051636,0.0020001886878162622,0.00390625,0.9988493546843529,0.03550471016205847,4.0566613376140594,0.738990917801857,-0.5923346281051636,0.5675537586212158,-2.2522644996643066,1.9554530382156372,4.062739372253418,0.9485456943511963,4.655074119567871,0.902543842792511,0.6419880390167236
64,21.82500000000001,175,0.0,True,-0.5187278985977173,1.9528034925460815,0.90572589635849,0.45676812529563904,0.33671483397483826,0.0006524061318486929,0.0,1.0005372961362202,0.04443505282203356,7.11478837331136,0.5404790043830872,0.33671483397483826,1.9572025537490845,-1.82557213306427,6.592037677764893,7.376592636108398,1.9553388357162476,7.039876937866211,0.5434049367904663,-0.0019072294235229492
65,21.668,332,0.0,True,-0.12583407759666443,0.2900782525539398,1.2032020092010498,0.018001846969127655,0.16354891657829285,6.344867870211601e-05,0.005208333333333333,1.002198576927185,0.06662354059517384,4.817729711532593,1.6490715543429058,0.16354891657829285,1.2301260232925415,-1.414975881576538,5.8886260986328125,4.641994953155518,2.00885272026062,4.4784464836120605,1.5959259271621704,0.6250244379043579
66,5.54999999999994,450,0.0,False,0.6120147705078125,0.006039624568074942,1.2577342987060547,0.6137768626213074,-0.5422084927558899,0.042626071721315384,0.333984375,0.9810700118541718,0.21913835033774376,3.879884898662567,0.3878389447927475,-0.5422084927558899,0.5432385206222534,-1.9006507396697998,1.6540918350219727,4.028312683105469,0.6620326042175293,4.570521354675293,0.49541664123535156,0.3266787528991699
67,5.549999999999888,450,0.0,False,0.36089491844177246,0.005583819001913071,1.2967441082000732,0.36239007115364075,-0.27207982540130615,0.005248097935691476,0.013671875,0.9965180233120918,0.0571240852586925,2.378275543451309,0.4224027767777443,-0.27207982540130615,0.5675514936447144,-1.6885899305343628,2.0226051807403564,2.513418197631836,0.7517778277397156,2.7854981422424316,0.47314560413360596,0.4300568699836731
68,5.549999999999997,450,0.0,False,0.8373688459396362,0.03854261338710785,1.265066385269165,0.8553751111030579,-0.535203754901886,0.015482073184102774,0.099609375,0.9919611513614655,0.11415102891623974,3.8611588776111603,0.25350003503262997,-0.535203754901886,0.5965401530265808,-1.2693302631378174,3.335965394973755,3.9086952209472656,0.7132549285888672,4.443899154663086,0.21493707597255707,0.3004966378211975
69,5.549999999999944,450,0.0,False,0.6195833683013916,0.018814057111740112,1.05570650100708,0.6279346942901611,-0.40232232213020325,0.012163821025751531,0.056640625,0.9936927556991577,0.09692202275618911,3.076359301805496,0.4862913191318512,-0.40232232213020325,0.5962079167366028,-1.8596415519714355,1.87303626537323,3.131727457046509,0.6950358748435974,3.5340497493743896,0.6289923191070557,0.26416414976119995
70,9.54999999999987,450,0.0,False,-0.49101439118385315,0.19971460103988647,1.1069133281707764,-0.3922640085220337,-0.009103707037866116,-0.0007743469905108213,0.00390625,1.006062738597393,0.09034275449812412,2.5080063939094543,0.8044009208679199,-0.009103707037866116,0.9378228187561035,-1.3564491271972656,6.260118007659912,2.412830114364624,1.306296706199646,2.421933889389038,0.6593455672264099,0.4845840334892273
71,21.890999999999984,109,0.0,True,-1.9531723260879517,4.126854419708252,1.0660091638565063,0.10918887704610825,1.9879685640335083,0.0006597872416023165,0.0,0.9994381368160248,0.013757774606347084,3.7532706260681152,1.1793897151947021,1.9879685640335083,2.298305034637451,-1.3889771699905396,8.91977310180664,5.631494045257568,2.541693925857544,3.6435253620147705,1.1654486656188965,0.18234747648239136
72,9.549999999999866,450,0.0,False,0.4014072120189667,0.01844627596437931,1.198516607284546,0.4094318151473999,-0.0679597333073616,0.0008965634042397141,0.25,1.0160839706659317,0.15365746803581715,2.880456566810608,0.5032044872641563,-0.0679597333073616,1.155332088470459,-1.8742070198059082,7.30855655670166,2.9478368759155273,1.320834755897522,3.015796422958374,0.5427715182304382,0.23490267992019653
73,5.549999999999919,450,0.0,False,0.5044858455657959,0.016983062028884888,1.2068079710006714,0.5117705464363098,-0.297904372215271,0.01430919230915606,0.169921875,1.0001502111554146,0.17844557762145996,2.6341035068035126,0.6762292385101318,-0.297904372215271,0.4730969965457916,-2.0285706520080566,2.2415261268615723,2.639112949371338,0.9561830163002014,2.9370174407958984,0.83150714635849,0.7551960945129395
74,21.667999999999907,332,0.0,True,0.1622077375650406,0.2170686572790146,1.122575283050537,0.26961949467658997,0.4656221270561218,-0.0043879122628519935,0.0026041666666666665,1.0063674052556355,0.06042909435927868,2.975282629330953,0.8002059459686279,0.4656221270561218,1.9816505908966064,-1.0000308752059937,11.879817008972168,3.1573922634124756,2.288302421569824,2.691770076751709,0.7506595253944397,0.2500585913658142
75,9.549999999999903,450,0.0,False,-0.578955888748169,0.5818556547164917,1.2383859157562256,-0.289266437292099,-0.02588566392660141,0.006147034699097276,0.009765625,0.995415709912777,0.0524063971824944,2.3997995257377625,0.9354521110653877,-0.02588566392660141,1.0398560762405396,-2.1068623065948486,5.859451770782471,2.5221309661865234,1.3891007900238037,2.5480165481567383,1.103676676750183,0.4396246671676636
76,21.694999999999936,305,0.0,True,-0.02047829143702984,0.8353623151779175,1.0297911167144775,0.3961730897426605,0.16715757548809052,-0.0035686496645212173,0.0,1.0041571855545044,0.032143817842006685,4.534083366394043,1.2737660646438598,0.16715757548809052,1.4244215488433838,-1.8184431791305542,6.133274555206299,4.565427303314209,2.1401166915893555,4.398269176483154,1.2730426788330078,0.5570015907287598
77,21.81400000000005,186,0.0,True,-0.3502025604248047,0.8885302543640137,0.9197484850883484,0.09314281493425369,0.5533041954040527,0.0032167971755067506,0.0,0.9984844326972961,0.053706144293149315,6.017167886098226,1.1087077458699544,0.5533041954040527,1.55557382106781,-1.997781753540039,5.3169403076171875,6.361908435821533,1.5094574689865112,5.808603763580322,1.1196544170379639,-0.06203663349151611
78,21.734999999999957,265,0.0,True,-0.859862208366394,2.512779474258423,1.168899416923523,0.3953586220741272,0.5519685745239258,-0.018851256184279918,0.04756944477558136,1.0232683181762696,0.0830716498196125,3.4745266914367674,1.659749722480774,0.5519685745239258,1.5924657583236694,-2.6501829624176025,6.756526947021484,3.5856404304504395,2.5174713134765625,3.0336720943450928,1.54791259765625,0.5998607873916626
79,9.549999999999914,450,0.0,False,0.8868205547332764,0.21049025654792786,1.1159802675247192,0.9909496903419495,-0.34924015402793884,0.014310731552541256,0.033203125,0.9912896603345871,0.10063227917999029,4.218205630779266,1.0141144394874573,-0.34924015402793884,0.929578959941864,-1.7553168535232544,4.966394424438477,4.137866973876953,1.3907665014266968,4.487107276916504,1.110517978668213,0.5532504916191101
80,-0.45000000000000034,450,0.0,False,0.5211042165756226,0.12151266634464264,1.1835874319076538,0.5806769728660583,-0.7824810743331909,0.011835668119601905,0.33203125,1.0128162801265717,0.22955233231186867,3.6974869072437286,0.2154074478894472,-0.7824810743331909,0.3079330325126648,-1.713307499885559,0.042517468333244324,3.919282913208008,0.09527762979269028,4.701764106750488,0.29829728603363037,-9.445521354675293
81,9.549999999999885,450,0.0,False,0.3903283476829529,0.008038561791181564,1.2325836420059204,0.3931150436401367,-0.27304235100746155,-0.010595414787530899,0.130859375,1.0192737206816673,0.10950169898569584,3.736306816339493,1.1358662471175194,-0.27304235100746155,0.9590961933135986,-1.7966331243515015,5.6786417961120605,3.785604953765869,1.4914029836654663,4.058647632598877,1.159647822380066,0.5864439010620117
82,21.783000000000015,217,0.0,True,-0.4832271337509155,0.9653149247169495,1.0839749574661255,-0.0016536463517695665,0.8136627674102783,0.006458601914346218,0.009999999776482582,0.9945915043354034,0.040028663352131844,3.844314396381378,1.6318001449108124,0.8136627674102783,1.5958527326583862,-1.9320675134658813,6.1279401779174805,4.359321117401123,2.1680452823638916,3.545658588409424,1.5873740911483765,0.4581875801086426
83,21.570999999999902,429,0.0,True,-0.1427900344133377,1.1637555360794067,1.1321214437484741,0.4379556179046631,0.17101800441741943,0.00687407622379916,0.022321428571428572,0.9969878537314278,0.0823795534670353,3.415931224822998,1.243281032357897,0.17101800441741943,1.3490920066833496,-1.3083996772766113,7.307405471801758,3.277998208999634,2.082716941833496,3.106980323791504,1.1709556579589844,0.5804123282432556
84,21.772000000000055,228,0.0,True,0.024425745010375977,1.0523854494094849,1.0228283405303955,0.5495956540107727,0.11352144181728363,0.0022470449621323496,0.0,0.9981602430343628,0.02823492093011737,6.450209736824036,1.2092658877372742,0.11352144181728363,1.4296211004257202,-2.0690979957580566,4.753107070922852,6.49601936340332,1.3899269104003906,6.382498264312744,1.2505208253860474,-0.057932496070861816
85,21.710999999999984,289,0.0,True,-0.06089209392666817,0.6654237508773804,1.155686616897583,0.2706640958786011,0.3106086552143097,0.0009355433285236359,0.003125,1.000074064731598,0.043805190548300746,4.203553867340088,1.4746094703674317,0.3106086552143097,1.3784092664718628,-1.8754920959472656,5.513898849487305,4.206089496612549,2.1573426723480225,3.895480155944824,1.4625575542449951,0.5917576551437378
86,21.89399999999999,106,0.0,True,-1.8167105913162231,4.1307854652404785,1.1016443967819214,0.24758049845695496,1.9764994382858276,-0.0013331768568605185,0.0,1.0015953481197357,0.02229814976453781,4.469738960266113,1.4997559189796448,1.9764994382858276,2.2923576831817627,-0.6200687885284424,9.932411193847656,6.315043926239014,2.443171977996826,4.3385443687438965,1.515619158744812,0.11964738368988037
87,5.549999999999874,450,0.0,False,0.12230505049228668,0.12971088290214539,1.2410948276519775,0.1859194040298462,-0.47881171107292175,0.004440594231709838,0.013671875,0.9984703809022903,0.07031156402081251,2.967422693967819,0.827097125351429,-0.47881171107292175,0.4050573706626892,-1.773434042930603,1.7649585008621216,3.072322130203247,1.0687034130096436,3.551133632659912,0.9580644965171814,0.8563457131385803
88,21.806,194,0.0,True,-2.332547426223755,5.679340839385986,1.2511003017425537,0.5058718919754028,0.6107950806617737,-0.005393080413341522,0.0,1.005960151553154,0.028324381913989782,5.2746217250823975,1.1514645516872406,0.6107950806617737,1.5797958374023438,-1.7082104682922363,6.395230293273926,5.87550687789917,1.8348921537399292,5.264711856842041,1.2359484434127808,0.2587224245071411
89,9.549999999999894,450,0.0,False,0.47612929344177246,0.03782719746232033,1.2322628498077393,0.49381062388420105,-0.14249035716056824,0.008794931462034583,0.009765625,0.9939264729619026,0.06958670169115067,3.157648265361786,0.9180314093828201,-0.14249035716056824,0.9958043694496155,-1.6652616262435913,6.349445343017578,3.2676589488983154,1.4486252069473267,3.410149335861206,1.055715799331665,0.5274628400802612
90,21.887999999999998,112,0.0,True,-1.9120407104492188,4.424554347991943,1.101828694343567,0.29913464188575745,1.7261500358581543,-0.004920134088024497,0.0,1.005966603755951,0.044942233711481094,5.161194324493408,0.9610473811626434,1.7261500358581543,2.1510140895843506,-0.6183494925498962,8.841108322143555,6.834246635437012,1.9822394847869873,5.108096599578857,0.9675542116165161,-0.1775362491607666
91,5.549999999999866,450,0.0,False,0.753841757774353,0.013070350512862206,1.2514402866363525,0.7591254711151123,-0.3625122904777527,-0.0010990556329488754,0.1328125,1.0093286409974098,0.11399465566501021,2.5974214673042297,0.7197526693344116,-0.3625122904777527,0.61236172914505,-2.3879101276397705,2.121952533721924,2.66371488571167,1.0153987407684326,3.0262269973754883,0.7927664518356323,0.6363004446029663
92,21.55200000000007,448,0.0,True,0.5201302766799927,0.8536299467086792,1.0196781158447266,0.9459255933761597,-0.38208338618278503,0.005252075248530933,0.04241071428571429,0.9995815839086261,0.09191470593214035,5.395709378378732,1.3586220060076033,-0.38208338618278503,1.2670986652374268,-4.369416236877441,4.807082653045654,5.381300449371338,1.585720419883728,5.7633843421936035,1.4033987522125244,0.36149007081985474
93,9.550000000000066,450,0.0,False,0.3290078938007355,0.00405395682901144,1.0274535417556763,0.330007404088974,-0.3311168849468231,0.006767194718122482,0.013671875,0.996886745095253,0.07543660933151841,3.138316333293915,0.7894304245710373,-0.3311168849468231,1.1020591259002686,-3.819056987762451,5.4128241539001465,3.472456216812134,1.057816743850708,3.8035728931427,1.1347969770431519,-0.08539772033691406
94,21.754000000000012,246,0.0,True,-0.27382975816726685,0.8350638151168823,1.1124883890151978,0.14258965849876404,0.3160034716129303,-0.0032524503767490387,0.00390625,1.004493162035942,0.04633657820522785,4.9031081199646,1.2498272359371185,0.3160034716129303,1.391990303993225,-2.1990630626678467,5.413119792938232,5.008120059967041,1.8673510551452637,4.692116737365723,1.2665996551513672,0.4443255066871643
95,-0.45000000000000034,450,0.0,False,1.0028291940689087,0.0833582878112793,1.3810412883758545,1.0431272983551025,-0.6777976155281067,-0.007224389933981001,0.044921875,1.0126419365406036,0.08375319978222251,3.3303151428699493,0.3761220797896385,-0.6777976155281067,0.3218810260295868,-1.632774829864502,0.026071906089782715,3.2895376682281494,0.16109170019626617,3.9673352241516113,0.36342424154281616,-2.992494583129883
96,21.65499999999992,345,0.0,True,-0.11899815499782562,0.5506850481033325,1.2015079259872437,0.1551428586244583,0.3726414144039154,-0.0030842674896121025,0.0026041666666666665,1.0048572917779286,0.05866757407784462,3.077589273452759,0.8355653882026672,0.3726414144039154,1.6104817390441895,-1.932183027267456,7.261322021484375,3.175563335418701,2.053619384765625,2.802921772003174,0.8235247731208801,0.3850048780441284
97,21.794999999999987,205,0.0,True,-1.0895735025405884,1.3130782842636108,1.1743266582489014,-0.4342086911201477,0.7001453042030334,0.003393102204427123,0.00390625,0.9989106357097626,0.06160542741417885,4.625571131706238,1.1132133603096008,0.7001453042030334,1.5587692260742188,-1.2384767532348633,6.3385443687438965,5.019865989685059,2.005693197250366,4.31972074508667,1.0665582418441772,0.39600318670272827
98,21.747999999999955,252,0.0,True,-1.2503459453582764,3.4270668029785156,1.1816279888153076,0.4620058238506317,0.6197716593742371,-0.0012809574836865067,0.019791666883975267,1.0034867078065872,0.0645484896376729,3.5368276238441467,1.2382629215717316,0.6197716593742371,1.864688754081726,-2.2521543502807617,9.278238296508789,3.8491594791412354,2.399797201156616,3.2293882369995117,1.2055681943893433,0.3962410092353821
99,21.63099999999994,369,0.0,True,-0.20004332065582275,1.063892126083374,1.2959065437316895,0.3306068480014801,0.3092069625854492,0.0027547512048234544,0.003401360474526882,0.9982786277929941,0.041660209807256855,3.1966358423233032,1.2417245308558147,0.3092069625854492,1.6153950691223145,-1.889634609222412,8.669864654541016,3.253204107284546,2.114804983139038,2.9439971446990967,1.2449510097503662,0.4165322184562683
100,21.74599999999998,254,0.0,True,-0.18517683446407318,0.9890903234481812,1.0277661085128784,0.30834054946899414,-0.20163919031620026,0.001504776650108397,0.0,0.999283030629158,0.03813228104263544,7.061933636665344,0.9543833881616592,-0.20163919031620026,1.3004359006881714,-2.558783769607544,4.165895462036133,6.88422966003418,1.6381837129592896,7.085868835449219,0.9522114396095276,0.36983728408813477
101,21.698999999999934,301,0.0,True,0.09591034054756165,0.4972439408302307,1.090667724609375,0.3434416353702545,0.16759730875492096,0.003669164702296257,0.0,0.9977480292320251,0.050824320316314696,4.770525646209717,1.0288588047027587,0.16759730875492096,1.7002077102661133,-2.8186066150665283,8.14828109741211,4.870659828186035,2.1265861988067627,4.703062534332275,1.05497407913208,0.3607981204986572
102,21.916000000000004,84,0.0,True,-2.102980136871338,2.8932547569274902,1.036067247390747,-0.6573888063430786,2.4267375469207764,-0.00114293530350551,0.0,1.001260221004486,0.014966434799134731,5.840078115463257,1.9001725912094116,2.4267375469207764,1.5699703693389893,-0.3690832555294037,6.6393351554870605,8.130903244018555,1.8739651441574097,5.704164981842041,1.8939725160598755,0.29812490940093994
103,21.837000000000018,163,0.0,True,-0.7921274304389954,2.9802911281585693,0.9582593441009521,0.6970598697662354,0.6768492460250854,-0.0030322520372768245,0.009523809577027956,1.004752516746521,0.05415472015738487,6.58687178293864,1.1258258819580078,0.6768492460250854,2.0763638019561768,-1.152206301689148,8.471002578735352,6.972654819488525,2.2740821838378906,6.295804500579834,1.1283981800079346,0.16632914543151855
104,21.78700000000004,213,0.0,True,-0.32372722029685974,1.012676477432251,0.9248234033584595,0.1816861927509308,0.17078489065170288,0.003788621397688985,0.0,0.9970533400774002,0.03872109530493617,7.202956557273865,1.550386369228363,0.17078489065170288,1.4851670265197754,-1.7990683317184448,5.720003128051758,6.979686737060547,1.5646411180496216,6.808902263641357,1.5418206453323364,0.09900766611099243
105,9.549999999999912,450,0.0,False,0.3697478771209717,0.006268208380788565,1.1829016208648682,0.3716990649700165,-0.37759631872177124,0.03856251551769674,0.134765625,0.9773330017924309,0.157175631262362,4.779910504817963,1.252986878156662,-0.37759631872177124,1.077620506286621,-2.546600103378296,5.645371913909912,4.992551326751709,1.8006194829940796,5.370146751403809,1.4429422616958618,0.6418311595916748
106,21.654999999999923,345,0.0,True,0.23481181263923645,0.5356308817863464,1.1262993812561035,0.5015009641647339,-0.16484355926513672,0.006466192736600836,0.0330208328862985,0.9976783792177836,0.08553941299517949,5.230798085530599,1.237447202205658,-0.16484355926513672,1.2886028289794922,-2.216906785964966,6.044314384460449,5.366967678070068,2.006256580352783,5.531811237335205,1.220795750617981,0.5874608755111694
107,21.728999999999964,271,0.0,True,-0.174031600356102,0.2374725639820099,1.1529879570007324,-0.056448306888341904,0.1967560350894928,0.001961606368422508,0.003125,0.9997529149055481,0.05408994928002357,5.1607026100158695,1.6397965908050538,0.1967560350894928,1.3590736389160156,-1.8674497604370117,6.675363063812256,5.216529846191406,2.2072131633758545,5.019773483276367,1.5738967657089233,0.6208619475364685
108,5.549999999999874,450,0.0,False,0.4161134958267212,0.08813291788101196,1.307520866394043,0.4588724374771118,-0.6606371998786926,0.019623166881501675,0.060546875,0.9868009760975838,0.10987177677452564,4.368194580078125,0.5728075280785561,-0.6606371998786926,0.5974986553192139,-2.297104597091675,2.8744678497314453,4.388370990753174,0.8298074007034302,5.049007892608643,0.5961064696311951,0.4815351366996765
109,21.720999999999993,279,0.0,True,0.22394581139087677,0.21873824298381805,1.2363580465316772,0.33207857608795166,0.290916383266449,0.00799257755279541,0.03369565233588219,0.9943548440933228,0.06871687546372414,4.873929405212403,1.1246859550476074,0.290916383266449,1.3609399795532227,-1.1051162481307983,6.501152992248535,5.009902477264404,1.8659400939941406,4.7189860343933105,1.1760330200195312,0.46803557872772217
110,21.592999999999936,407,0.0,True,0.4134118854999542,0.5899004936218262,1.1889376640319824,0.7071731686592102,-0.026269827038049698,0.007334870153239795,0.03377329238823482,0.9963436467306954,0.07448224297591619,4.320806775774274,1.5635852813720703,-0.026269827038049698,1.283277988433838,-2.4626762866973877,6.347311019897461,4.372615337371826,2.0949912071228027,4.398885726928711,1.5846421718597412,0.6247876882553101
111,21.55799999999993,442,0.0,True,0.1282457858324051,0.7479941844940186,1.1657981872558594,0.5010770559310913,-0.24513408541679382,0.0073048485709088186,0.037561576281275065,0.9971362948417664,0.08793607567037855,4.7562176159449985,1.544747267450605,-0.24513408541679382,1.1088584661483765,-1.9561638832092285,5.5052032470703125,4.897218227386475,1.9952023029327393,5.142352104187012,1.568723201751709,0.691128134727478
112,21.678999999999945,321,0.0,True,0.21098171174526215,0.11799492686986923,0.8547714948654175,0.26912441849708557,0.05868546664714813,0.028937263724704582,0.049479166666666664,0.9785464306672415,0.08950064703822136,5.231864770253499,1.1849365830421448,0.05868546664714813,1.3025027513504028,-1.8365333080291748,6.523317813873291,4.787915229797363,2.084840774536133,4.72922945022583,1.3760863542556763,0.609688401222229
113,21.61099999999994,389,0.0,True,0.3060694634914398,0.31167468428611755,1.1622968912124634,0.4607445001602173,-0.031009115278720856,0.01967101278049605,0.25580357228006634,0.9941169449261257,0.16823776066303253,4.634350436074393,1.73328583581107,-0.031009115278720856,1.3074983358383179,-1.8611396551132202,6.568748950958252,4.663381099700928,2.196302890777588,4.694390296936035,1.6842211484909058,0.6455966234207153
114,21.881000000000007,119,0.0,True,-1.2091729640960693,1.444521188735962,0.9750243425369263,-0.4878873825073242,1.3496863842010498,0.0013487593387253582,0.0,0.9994053840637207,0.03760613687336445,6.093146562576294,1.999987006187439,1.3496863842010498,1.5396647453308105,-1.299249529838562,6.828526020050049,7.3291239738464355,1.9776612520217896,5.979437828063965,1.9824528694152832,0.3938941955566406
115,5.549999999999898,450,0.0,False,0.3605485260486603,0.03760606795549393,1.2945894002914429,0.37805697321891785,-0.3980104327201843,-0.00034925469662994146,0.0859375,1.007034756243229,0.10112647712230682,3.0565221905708313,0.6919511631131172,-0.3980104327201843,0.4364393651485443,-2.228874921798706,1.175253987312317,3.250941038131714,0.8903788328170776,3.648951530456543,0.7838727235794067,0.7597307562828064
116,21.572999999999908,427,0.0,True,0.09457655996084213,0.37081179022789,1.1873958110809326,0.278795063495636,0.08169150352478027,0.0054757191932627135,0.09816237539052963,1.002298082624163,0.12609332587037766,3.7337749685559953,1.2503442934581213,0.08169150352478027,1.5415244102478027,-1.5315580368041992,9.71485424041748,3.723421096801758,2.1182451248168945,3.6417295932769775,1.305861234664917,0.47039955854415894
117,5.549999999999871,450,0.0,False,1.2998836040496826,0.3238227367401123,1.190683364868164,1.4606043100357056,-0.5905150175094604,-0.0060494032222777605,0.0078125,1.0094343721866608,0.07283521443605423,3.8383466005325317,0.9441913068294525,-0.5905150175094604,0.5619304776191711,-2.6932590007781982,1.8195836544036865,3.936598777770996,1.151031732559204,4.527113437652588,0.9715585708618164,0.7616634964942932
118,21.79999999999997,200,0.0,True,-1.1531089544296265,1.3665995597839355,1.1304668188095093,-0.47093963623046875,0.8707461357116699,0.001637422712519765,0.0,0.9992595911026001,0.040713125839829445,4.044593036174774,1.6097694486379623,0.8707461357116699,1.8315812349319458,-1.5493419170379639,9.048316955566406,4.654604434967041,2.8091936111450195,3.783858060836792,1.834465742111206,0.5749019980430603
119,21.792999999999957,207,0.0,True,-0.17722856998443604,0.4903976023197174,1.1960375308990479,0.06677419692277908,0.717279851436615,0.014606420882046223,0.10963542014360428,0.9940390884876251,0.12150547467172146,4.518467664718628,1.4678578972816467,0.717279851436615,1.957535743713379,-2.0102694034576416,8.730783462524414,4.831067085266113,2.708756923675537,4.113787651062012,1.6641451120376587,0.47774893045425415
120,5.549999999999876,450,0.0,False,0.5160971283912659,0.059642184525728226,1.2130062580108643,0.5447052121162415,-0.5757436156272888,0.010765084531158209,0.021484375,0.992585226893425,0.07731916569173336,4.125686466693878,0.7366652265191078,-0.5757436156272888,0.5025785565376282,-2.269313097000122,2.245129108428955,4.052302360534668,0.9600250720977783,4.628046035766602,0.8399227857589722,0.7259418368339539
121,2.5500000000000003,450,0.0,False,0.9357060194015503,0.14257191121578217,0.8578290939331055,1.0061341524124146,-1.244154453277588,0.03820197843015194,0.14453125,0.9817731529474258,0.21106411144137383,7.056832909584045,0.29205060563981533,-1.244154453277588,0.45474281907081604,-2.495896339416504,1.3483283519744873,7.094580173492432,0.48725399374961853,8.33873462677002,0.31958621740341187,0.12899458408355713
122,21.756000000000004,244,0.0,True,-0.7783319354057312,1.587013840675354,1.0527945756912231,0.014122189953923225,0.5489854216575623,-0.0033747637644410133,0.0,1.004086285829544,0.03748541232198477,4.229343593120575,1.8564065992832184,0.5489854216575623,1.44194495677948,-1.4806019067764282,6.4692792892456055,4.595399856567383,2.3563554286956787,4.046414375305176,1.8915091753005981,0.6255310773849487
123,5.549999999999872,450,0.0,False,1.0500413179397583,0.054624877870082855,1.193188190460205,1.0761605501174927,-0.4509299099445343,0.0193363216239959,0.083984375,0.9908201843500137,0.13706595171242952,3.067653566598892,0.6270357593894005,-0.4509299099445343,0.4796745777130127,-2.0550131797790527,2.316547393798828,3.154237747192383,0.9285318851470947,3.6051673889160156,0.6981940865516663,0.7331299781799316
124,5.549999999999887,450,0.0,False,0.5657004117965698,0.04522242024540901,1.1919865608215332,0.5871196389198303,-0.6544371247291565,-0.0050995261408388615,0.0234375,1.0079307928681374,0.0706688235513866,3.81654354929924,1.273758128285408,-0.6544371247291565,0.5812558531761169,-3.549790859222412,0.9652501344680786,4.009289741516113,1.3277456760406494,4.663727283477783,1.4304150342941284,0.8083517551422119
125,21.692000000000007,308,0.0,True,-0.7038283944129944,1.5479212999343872,1.1119015216827393,0.0690203532576561,0.4657532274723053,0.0028274111449718476,0.03894230797886848,1.000429058074951,0.0742122009396553,3.568671941757202,1.3647806882858275,0.4657532274723053,1.6114245653152466,-1.160638689994812,7.969998836517334,3.876904010772705,2.1023786067962646,3.4111506938934326,1.2994983196258545,0.4125133156776428
126,21.668999999999947,331,0.0,True,-0.28209999203681946,0.5256169438362122,1.1811668872833252,-0.020472686737775803,0.352139949798584,-0.005300484132021666,0.041666666666666664,1.0089248915513356,0.07920248868564765,3.7859057585398355,1.2149711747964222,0.352139949798584,1.5419868230819702,-1.452730417251587,7.995346546173096,3.7804102897644043,2.2188127040863037,3.4282705783843994,1.2465722560882568,0.5170301198959351
127,0.5499999999999996,450,0.0,False,1.2129004001617432,0.0004216625529807061,0.9687196016311646,1.2121425867080688,-1.2868964672088623,0.036493258783593774,0.12890625,0.9719463139772415,0.11739491624757648,7.227135598659515,0.12847826536744833,-1.2868964672088623,0.26706257462501526,-2.27510404586792,0.04817759245634079,6.808643341064453,0.18166056275367737,8.095540046691895,0.1678452491760254,-1.1612489223480225
128,21.602000000000025,398,0.0,True,-0.4552532136440277,1.1134867668151855,1.060533046722412,0.10042963922023773,4.878595063928515e-05,0.006926126378987517,0.11065051066023963,0.9996229665619987,0.11218225423778806,4.201855727604458,1.821042844227382,4.878595063928515e-05,1.3776946067810059,-3.739351272583008,5.607795715332031,4.356958866119385,2.1698741912841797,4.356910228729248,2.04449200630188,0.5968776941299438
129,5.549999999999903,450,0.0,False,0.36094507575035095,0.004107519518584013,1.2133052349090576,0.36178553104400635,-0.24157467484474182,0.01798815920483321,0.005859375,0.9840746447443962,0.04714966472238302,2.338179588317871,0.554109551012516,-0.24157467484474182,0.5393072366714478,-1.4251763820648193,2.85050368309021,2.3497490882873535,0.8597328066825867,2.5913236141204834,0.5476986169815063,0.6064993143081665
130,21.625999999999983,374,0.0,True,0.02677212841808796,0.5408971905708313,0.9574790000915527,0.2962632477283478,-0.16581079363822937,0.012049109985431036,0.04523533955216408,0.9922587772210439,0.09048888459801674,5.297146240870158,0.9263953467210134,-0.16581079363822937,1.1401931047439575,-1.9027812480926514,4.886546611785889,5.362937927246094,1.5971304178237915,5.528748512268066,0.9474462866783142,0.490345299243927
131,21.58099999999996,419,0.0,True,-0.016454491764307022,0.7805776000022888,1.096509575843811,0.3727377951145172,-0.054215554147958755,0.016416798744882857,0.19521683880261012,0.9979772652898516,0.15310146978923253,4.3925323486328125,1.1332933476993017,-0.054215554147958755,1.2058876752853394,-1.6948095560073853,5.062838077545166,4.399603366851807,1.799096941947937,4.453819274902344,1.1345552206039429,0.5507329106330872
132,21.656000000000077,344,0.0,True,0.19437174499034882,1.3173325061798096,0.9972870349884033,0.852040708065033,-0.14958354830741882,0.029674665071070194,0.2222222238779068,0.9865030149618784,0.1846956585844358,5.665617068608602,2.3837287425994873,-0.14958354830741882,1.6270201206207275,-1.5726338624954224,6.645610332489014,5.895877838134766,2.1875240802764893,6.045461177825928,2.5990827083587646,0.44680243730545044
133,21.578999999999905,421,0.0,True,-0.23275533318519592,1.4489929676055908,1.0596883296966553,0.4906814694404602,0.13077285885810852,0.004706127702125481,0.008325289668781417,0.9965818268912179,0.042680323656116216,3.5697852543422153,0.8581942915916443,0.13077285885810852,1.347395658493042,-1.6653095483779907,6.311976909637451,3.480604648590088,1.8639062643051147,3.3498318195343018,0.8273254632949829,0.4774327278137207
134,21.751000000000005,249,0.0,True,-0.5852783918380737,1.565983533859253,1.0677999258041382,0.1966455727815628,0.45515432953834534,0.005516149336472154,0.06393914483487606,1.001718670129776,0.11538413725793362,4.490185022354126,1.6748627126216888,0.45515432953834534,1.595855474472046,-1.6469411849975586,5.829936504364014,4.673202991485596,2.1607067584991455,4.218048572540283,1.6125479936599731,0.45449918508529663
135,5.549999999999877,450,0.0,False,0.46322980523109436,0.0008715289295651019,1.2141218185424805,0.4624514579772949,-0.3139817714691162,0.011704751988872886,0.001953125,0.9912436753511429,0.0710014495998621,2.66587433218956,0.3464515432715416,-0.3139817714691162,0.597555935382843,-1.487536907196045,3.616123676300049,2.689110279083252,0.723258376121521,3.0030922889709473,0.3510773181915283,0.3173938989639282
136,5.549999999999871,450,0.0,False,0.46540409326553345,0.007288577035069466,1.2167984247207642,0.4678315818309784,-0.41664785146713257,0.038877581944689155,0.12109375,0.9718660786747932,0.13137050718069077,2.9449781477451324,0.4549061171710491,-0.41664785146713257,0.5474132895469666,-1.6786408424377441,2.9513134956359863,3.0357840061187744,0.8075507879257202,3.4524316787719727,0.4486915171146393,0.5404942035675049
137,21.602000000000018,398,0.0,True,-0.2778286635875702,1.333908200263977,1.0647951364517212,0.38806062936782837,0.0878041610121727,0.012775115402681487,0.11096939018794469,0.9940105591501508,0.1082411717091288,4.312022481645856,1.4554352590015955,0.0878041610121727,1.3058233261108398,-2.195911407470703,5.475668907165527,4.2466020584106445,1.8785902261734009,4.1587982177734375,1.4348512887954712,0.5168247222900391
138,21.583999999999982,416,0.0,True,-0.3230491280555725,1.0987262725830078,1.0559380054473877,0.22525806725025177,-0.00512621970847249,-0.002370873200041907,0.011160714285714286,1.0059165273393904,0.08065084527645792,4.308092321668353,1.6609936611992973,-0.00512621970847249,1.2228018045425415,-2.502687931060791,6.037229061126709,4.316707134246826,2.0831751823425293,4.32183313369751,1.7006890773773193,0.6554433703422546
139,5.549999999999882,450,0.0,False,-1.3105100393295288,1.8018832206726074,1.1675300598144531,-0.41073596477508545,-0.2942136824131012,0.0019558892818167806,0.103515625,1.00474514067173,0.10618148790672421,2.483004927635193,0.5080237202346325,-0.2942136824131012,0.6102137565612793,-1.3267003297805786,3.250814199447632,2.5532736778259277,0.8238825798034668,2.847486972808838,0.4118930399417877,0.4514283537864685
140,9.549999999999986,450,0.0,False,0.2111774981021881,0.059500254690647125,1.024367332458496,0.2399032562971115,-0.14703145623207092,0.005398902576416731,0.0703125,1.0001330152153969,0.10252746567130089,3.8380153477191925,1.6192516088485718,-0.14703145623207092,1.2441179752349854,-3.854858636856079,6.694103240966797,3.726973295211792,1.8278570175170898,3.874004602432251,1.9382272958755493,0.5367251634597778
141,21.85199999999999,148,0.0,True,-1.2237560749053955,1.8186358213424683,1.0227081775665283,-0.31546086072921753,1.4351165294647217,-0.003236279279614488,0.0,1.003540317217509,0.023273435110847156,3.604275385538737,1.3377248446146648,1.4351165294647217,1.7542015314102173,-0.6902588605880737,7.218470573425293,4.961021423339844,2.420560121536255,3.525904655456543,1.3292322158813477,0.47479695081710815
142,21.86900000000004,131,0.0,True,-0.8515776991844177,0.5567126870155334,0.9357212781906128,-0.5741570591926575,1.47723388671875,0.015215698008735975,0.005208333333333333,0.9882304271062216,0.07381230965256691,5.000310897827148,0.694864829381307,1.47723388671875,2.0961203575134277,-3.612495183944702,7.079652786254883,6.183592796325684,1.658735752105713,4.706359386444092,0.9745085835456848,-0.5969010591506958
143,21.606999999999978,393,0.0,True,-0.7161136269569397,2.098722219467163,1.06602942943573,0.332181453704834,0.03984453156590462,0.000395681442958968,0.004464285714285714,1.0012649212564741,0.05640898112739835,4.296157428196499,1.4089904768126351,0.03984453156590462,1.2273669242858887,-2.6665456295013428,5.020023345947266,4.191627502441406,2.017516613006592,4.151782989501953,1.4863916635513306,0.6299039125442505
144,21.586999999999932,413,0.0,True,0.08128576725721359,0.29836636781692505,1.134406566619873,0.22933454811573029,0.22020547091960907,-0.00414140841790608,0.011622536927461624,1.0052759987967355,0.044297266219343455,3.2415858677455356,1.399038485118321,0.22020547091960907,1.2249104976654053,-1.6624319553375244,6.466584205627441,3.256702184677124,2.0632266998291016,3.036497116088867,1.2975947856903076,0.6475359201431274
145,9.549999999999878,450,0.0,False,0.3210298717021942,0.04110443964600563,1.2040386199951172,0.3403780460357666,0.025060094892978668,-0.007179823704063892,0.013671875,1.0110436901450157,0.07104596216231585,2.7770377099514008,0.8049461841583252,0.025060094892978668,1.1602964401245117,-1.8383798599243164,7.919435977935791,2.7900900840759277,1.5250122547149658,2.7650301456451416,0.8230464458465576,0.42111629247665405
146,21.659999999999933,340,0.0,True,-0.8702126741409302,2.215641736984253,0.9961977005004883,0.2366119921207428,0.3057037889957428,0.0037530960204700627,0.0,0.9973867237567902,0.04411216173321009,3.815248966217041,1.6601780652999878,0.3057037889957428,1.4438623189926147,-1.7944313287734985,7.3434929847717285,3.8468031883239746,2.4300711154937744,3.5410993099212646,1.653804063796997,0.6469683647155762
147,9.549999999999956,450,0.0,False,0.5750455260276794,0.11034800112247467,0.8939486742019653,0.6293255686759949,-0.5936542749404907,0.015028227819129825,0.095703125,0.9951032996177673,0.1419410277158022,5.327031791210175,0.6678479239344597,-0.5936542749404907,0.9259170293807983,-2.385324239730835,4.950073719024658,5.521718978881836,1.1039549112319946,6.115372657775879,0.7410843372344971,0.2965366840362549
148,21.76300000000003,237,0.0,True,-0.1367901712656021,0.8174193501472473,0.8153352737426758,0.2711041569709778,0.041437096893787384,-0.004654577234759927,0.009461805690079927,1.0054432451725006,0.03712510270997882,6.726673245429993,0.758649468421936,0.041437096893787384,1.378706693649292,-1.6080273389816284,4.65725040435791,6.6982340812683105,1.5226284265518188,6.656797409057617,0.7309922575950623,0.18010938167572021
149,21.77700000000002,223,0.0,True,-0.46338754892349243,0.6804965734481812,0.9173284769058228,-0.12405659258365631,0.2777555584907532,-0.0018381995614618063,0.0078125,1.002489224076271,0.03508316492661834,6.070863604545593,1.9386423826217651,0.2777555584907532,1.348402976989746,-1.9201072454452515,5.771252632141113,6.0699663162231445,2.1120059490203857,5.792211055755615,2.0105597972869873,0.59238600730896
150,5.5499999999998595,450,0.0,False,1.1153936386108398,0.86294025182724,0.7581034302711487,1.5461057424545288,-0.6992406249046326,0.012171855429187417,0.12109375,1.003340721130371,0.17932182364165783,4.302854955196381,0.8214315846562386,-0.6992406249046326,0.8608809113502502,-3.036604881286621,3.1211981773376465,4.3853631019592285,0.975236713886261,5.084604263305664,0.830636739730835,0.2207692265510559
151,21.824000000000005,176,0.0,True,-0.6404542326927185,1.097635269165039,0.7459423542022705,-0.09238254278898239,0.5784688591957092,0.006410876289010048,0.013888889302810034,0.9952611128489176,0.052627151211102806,6.228764375050862,1.2367649873097737,0.5784688591957092,1.3698819875717163,-1.5930793285369873,5.485469818115234,6.595244407653809,1.72012197971344,6.016775608062744,1.2491872310638428,0.36576855182647705
152,5.5499999999998675,450,0.0,False,0.2698180377483368,0.1950508952140808,1.014114499092102,0.3663293719291687,-0.6483015418052673,0.005909431260079145,0.001953125,0.9962242394685745,0.06032283464446664,4.0371483862400055,0.6696941629052162,-0.6483015418052673,0.6115664839744568,-2.3990933895111084,1.563050389289856,4.146955490112305,0.9222217798233032,4.795257091522217,0.7683334946632385,0.5602391362190247
153,5.549999999999863,450,0.0,False,0.8798786401748657,0.09661270678043365,1.1630243062973022,0.9270219802856445,-0.3761577904224396,0.0004956063348799944,0.02734375,1.0035825222730637,0.09172187279909849,2.547752231359482,0.5574388466775417,-0.3761577904224396,0.6907305121421814,-2.6317427158355713,2.9368717670440674,2.679877519607544,0.8791772723197937,3.056035280227661,0.6507650017738342,0.3827453851699829
154,5.549999999999866,450,0.0,False,0.30197978019714355,0.055040277540683746,1.1148908138275146,0.32838502526283264,-0.4300273358821869,0.0016632038168609142,0.017578125,1.0018454864621162,0.08374461997300386,2.8150772750377655,0.7154766023159027,-0.4300273358821869,0.5054320096969604,-2.4527149200439453,1.7549808025360107,2.961960792541504,0.9411661624908447,3.3919880390167236,0.8142035007476807,0.7116015553474426
155,21.77700000000003,223,0.0,True,-0.27887579798698425,0.582462728023529,0.9621960520744324,0.011393370106816292,0.6611835956573486,-0.00016903190407902002,0.0,1.0004273355007172,0.022222544997930527,4.794862866401672,1.470840573310852,0.6611835956573486,1.484542727470398,-1.503296136856079,5.6524434089660645,5.135556221008301,1.9652190208435059,4.474372386932373,1.483825445175171,0.4293583631515503
156,21.723999999999947,276,0.0,True,0.03986619785428047,0.7242065072059631,1.1134788990020752,0.40085598826408386,0.143312007188797,0.006283501163125038,0.1975000023841858,1.0052690982818604,0.15625988841056823,5.380360889434814,1.0106990814208985,0.143312007188797,1.5175890922546387,-2.2239603996276855,7.975933074951172,5.349150657653809,2.08162522315979,5.205839157104492,1.0493357181549072,0.4685000777244568
157,21.741000000000007,259,0.0,True,1.047899603843689,0.35950276255607605,1.1218984127044678,1.2265291213989258,0.1322811245918274,-0.003732067346572876,0.0,1.0047852754592896,0.04398604929447174,5.7999662399292,0.6914441898465157,0.1322811245918274,1.893306016921997,-1.4703811407089233,7.798950672149658,5.906982421875,1.5534234046936035,5.7747015953063965,0.8780584335327148,-0.48546338081359863
158,21.83599999999999,164,0.0,True,-0.450076699256897,0.8893576860427856,1.0057353973388672,-0.006403591483831406,0.6512388586997986,-0.0027155072117845216,0.0,1.0032524466514587,0.031099621206521988,6.305283546447754,0.8750905791918436,0.6512388586997986,1.7946174144744873,-1.5204856395721436,7.195940971374512,6.8371758460998535,1.8957581520080566,6.185937404632568,0.9113253355026245,0.10385572910308838
159,21.767000000000067,233,0.0,True,-0.1369745433330536,1.4333029985427856,0.8063084483146667,0.5788706541061401,-0.19747649133205414,-0.002599220722913742,0.0,1.0035541951656342,0.0417358810082078,7.88445520401001,0.6933538615703583,-0.19747649133205414,1.5154110193252563,-2.8346781730651855,5.406796455383301,7.640381813049316,1.438164234161377,7.837858200073242,0.6906192898750305,-0.11030900478363037
160,5.549999999999875,450,0.0,False,0.7114496231079102,0.035052958875894547,1.1229972839355469,0.7278531193733215,-0.771043598651886,0.008278071880340576,0.068359375,0.9978483393788338,0.1107858270406723,4.562056243419647,0.8796309903264046,-0.771043598651886,0.47593754529953003,-2.556990146636963,1.2248668670654297,4.72360897064209,1.0904412269592285,5.49465274810791,1.0535147190093994,0.8094998002052307
161,21.82899999999999,171,0.0,True,-0.6605770587921143,0.7942224740982056,1.052970290184021,-0.2645187973976135,1.021273136138916,0.0034885058800379434,0.0,0.9969791968663534,0.028005681621531647,4.49166218439738,1.249077836672465,1.021273136138916,1.559450626373291,-0.5683344602584839,6.380862236022949,5.302443981170654,2.2215335369110107,4.281170845031738,1.232251763343811,0.5072376728057861
162,21.903000000000013,97,0.0,True,-1.6865971088409424,2.1640379428863525,0.9211700558662415,-0.6054993271827698,1.5080528259277344,0.0021194012369960546,0.0,0.998494565486908,0.03303171321749687,7.206815481185913,0.8039213716983795,1.5080528259277344,1.3468126058578491,-0.3621733486652374,4.978687763214111,8.543642044067383,1.4211361408233643,7.03558874130249,0.7887188792228699,0.10186225175857544
163,21.801999999999968,198,0.0,True,-0.216429203748703,0.10278400033712387,1.1602146625518799,-0.16619741916656494,0.9559229612350464,0.014580652816221118,0.0572916679084301,0.9884005635976791,0.0689137876033783,3.916625201702118,1.6049059629440308,0.9559229612350464,1.8894795179367065,-0.9217178225517273,9.373282432556152,4.445304870605469,2.7248435020446777,3.489381790161133,1.642956018447876,0.5191593170166016
164,5.549999999999872,450,0.0,False,0.045316219329833984,0.31276848912239075,1.1462721824645996,0.20055419206619263,-0.8605718016624451,-0.021119741490110755,0.083984375,1.031784102320671,0.10812014760449529,5.784856975078583,1.0511706620454788,-0.8605718016624451,0.6499266028404236,-3.4806766510009766,1.8072748184204102,5.243655681610107,1.1283321380615234,6.104227542877197,1.035677194595337,0.6682165861129761
165,-0.45000000000000034,450,0.0,False,0.9673749804496765,0.04038581624627113,1.0942519903182983,0.9864736199378967,-1.0827629566192627,0.0345949181355536,0.19140625,0.988803543150425,0.23259681090712547,5.34566056728363,0.23764139972627163,-1.0827629566192627,0.32166072726249695,-2.0791125297546387,-0.06508016586303711,5.458825588226318,0.14760415256023407,6.541588306427002,0.30562230944633484,-3.748961925506592
166,21.59400000000004,406,0.0,True,-0.5838108062744141,1.8901729583740234,1.1443296670913696,0.3601313531398773,0.08286722004413605,0.009384320516671454,0.03551136382988521,0.9948507717677525,0.0894641535622733,4.122635909489223,1.5762733391353063,0.08286722004413605,1.3815703392028809,-1.7728348970413208,6.521944046020508,4.214006423950195,1.8508704900741577,4.131139755249023,1.4786423444747925,0.44282209873199463
167,21.575999999999976,424,0.0,True,0.21408994495868683,0.960335910320282,1.1155532598495483,0.6931423544883728,-0.21207746863365173,0.011021491938403674,0.04330357164144516,0.9925412876265389,0.08651355228253774,4.959364550454276,0.4304584733077458,-0.21207746863365173,1.572994589805603,-1.436368703842163,9.167863845825195,5.091211795806885,1.6119877099990845,5.303289413452148,0.4695735275745392,0.047793805599212646
168,21.658999999999942,341,0.0,True,0.06184198707342148,1.1954489946365356,1.1906142234802246,0.6583758592605591,0.09333069622516632,0.004020059869314234,0.0026041666666666665,0.9978378713130951,0.05794491867224375,4.466226975123088,1.2347174088160198,0.09333069622516632,1.3650753498077393,-2.2983524799346924,5.687897205352783,4.468226909637451,2.0438289642333984,4.374896049499512,1.2193735837936401,0.5539082288742065
169,5.54999999999986,450,0.0,False,0.9578608274459839,0.08243019133806229,1.1349637508392334,0.9979409575462341,-0.5183241367340088,0.01446355483494699,0.021484375,0.9890213757753372,0.06861455366015434,3.490311950445175,0.5160052627325058,-0.5183241367340088,0.7100622057914734,-1.8477907180786133,3.247490644454956,3.6053152084350586,0.8064562678337097,4.123639106750488,0.5279539227485657,0.22476893663406372
170,21.73800000000002,262,0.0,True,-0.21192091703414917,0.8182181715965271,1.018410325050354,0.19616976380348206,0.06747899204492569,0.0075584232807159426,0.00625,0.993716812133789,0.047695353999733923,5.713995742797851,1.118681001663208,0.06747899204492569,1.2337907552719116,-1.979880928993225,4.131183624267578,5.7099833488464355,1.7693699598312378,5.6425042152404785,1.1503279209136963,0.5137654542922974
171,21.66799999999993,332,0.0,True,0.22107814252376556,0.19014513492584229,1.111086130142212,0.31503963470458984,0.03196799010038376,0.01382216935356458,0.0026041666666666665,0.9898773630460104,0.08456682662169139,4.611472765604655,1.089658409357071,0.03196799010038376,1.3071506023406982,-1.8712416887283325,5.669740200042725,4.775681495666504,1.9817380905151367,4.743713855743408,1.0594218969345093,0.5649304389953613
172,5.54999999999988,450,0.0,False,0.5764812231063843,0.17062819004058838,0.953030526638031,0.6608422994613647,-0.4570479094982147,-0.02227744786068797,0.123046875,1.0366566553711891,0.14218254573643208,3.3163252472877502,0.9081107378005981,-0.4570479094982147,0.5449295043945312,-2.6828532218933105,2.1313421726226807,3.248227119445801,1.0939111709594727,3.705275058746338,0.9047889709472656,0.7518486976623535
173,5.549999999999995,450,0.0,False,0.6555825471878052,0.0006364571745507419,1.353851556777954,0.6545469164848328,-0.5393102765083313,0.023039773106575012,0.103515625,0.9828054010868073,0.09658317174762487,3.640350431203842,0.29655051603913307,-0.5393102765083313,0.5668497681617737,-1.518122911453247,2.498979330062866,3.8327605724334717,0.6934680342674255,4.3720703125,0.36624664068222046,0.3318362236022949
174,21.562999999999914,437,0.0,True,-0.247675359249115,0.5705649256706238,1.208216905593872,0.036398887634277344,0.16837617754936218,0.007784253518496241,0.17633928571428573,1.0026607854025704,0.1295916172010558,3.1867144107818604,1.5531171730586462,0.16837617754936218,1.2264097929000854,-1.3702600002288818,6.831234931945801,3.1995348930358887,2.186859130859375,3.031158685684204,1.4494388103485107,0.685493528842926
175,-0.45000000000000034,450,0.0,False,0.39775550365448,0.012425931170582771,1.2816517353057861,0.40268683433532715,-0.5071014165878296,0.07562224986031651,0.40625,0.9674695581197739,0.30510617047548294,2.4195700883865356,0.18731499649584293,-0.5071014165878296,0.245115265250206,-1.2405389547348022,0.31166872382164,2.5680365562438965,0.13455311954021454,3.0751380920410156,0.2480912208557129,-2.318584442138672
176,5.549999999999876,450,0.0,False,0.2682703733444214,0.007301854435354471,1.3861520290374756,0.2705351412296295,-0.1052093580365181,0.017134058638475835,0.080078125,0.9918769374489784,0.1269210884347558,1.4257094860076904,0.7686978951096535,-0.1052093580365181,0.4921235144138336,-2.1313538551330566,2.8810415267944336,1.5427768230438232,1.057456135749817,1.6479861736297607,0.7657838463783264,0.7834174036979675
177,9.549999999999914,450,0.0,False,0.007745867595076561,0.01078115776181221,1.3653377294540405,0.011771108955144882,-0.06695033609867096,0.0163831680547446,0.001953125,0.9862583950161934,0.05925259040668607,2.741038218140602,1.0413675233721733,-0.06695033609867096,0.9950790405273438,-2.1736984252929688,5.975138187408447,2.9632506370544434,1.4730443954467773,3.030200719833374,1.2254587411880493,0.54366534948349
178,21.61799999999993,382,0.0,True,-0.13519905507564545,0.7012630105018616,1.196668267250061,0.21423578262329102,0.23311296105384827,-0.002868540740261475,0.1076948915918668,1.010617067416509,0.12017300724983215,3.5902203718821206,1.1137519280115764,0.23311296105384827,1.4328707456588745,-1.595629096031189,7.3403472900390625,3.5357186794281006,2.0044288635253906,3.302605628967285,1.100801944732666,0.488986074924469
179,21.5919999999999,408,0.0,True,0.09710481017827988,0.832328200340271,1.0934772491455078,0.5121753811836243,0.033390261232852936,0.003927052154072693,0.08928571428571429,1.0049349069595337,0.11831829377583095,3.8372437272753035,1.1895753826413835,0.033390261232852936,1.4560071229934692,-3.146162986755371,8.03012466430664,3.9221222400665283,2.0376410484313965,3.888732433319092,1.2078832387924194,0.4894106984138489
180,-0.45000000000000034,450,0.0,False,0.7807546257972717,0.0075117191299796104,1.0933845043182373,0.7834171056747437,-0.7035865783691406,0.018647354561835527,0.16796875,0.9964211210608482,0.17291426844894886,3.4127440452575684,0.10089542251080275,-0.7035865783691406,0.1391894519329071,-1.2021031379699707,-0.04270744323730469,3.5137202739715576,0.09494121372699738,4.217306613922119,0.11814403533935547,-1.1493275165557861
181,9.549999999999976,450,0.0,False,-0.01789569854736328,0.11345025151968002,1.0796551704406738,0.037749771028757095,-0.13366059958934784,0.00529739516787231,0.009765625,0.9964093640446663,0.056836663745343685,3.636709600687027,1.524147391319275,-0.13366059958934784,1.073218584060669,-2.549160957336426,5.518893241882324,3.733856678009033,1.7069674730300903,3.8675174713134766,1.6884404420852661,0.6047008633613586
182,21.83200000000005,168,0.0,True,-0.614018440246582,2.225057601928711,0.9725232124328613,0.49753785133361816,0.5763341784477234,0.008782248323162397,0.056250000993410744,0.9958691795667013,0.08988342682520549,6.914496898651123,1.3621827363967896,0.5763341784477234,2.143521547317505,-2.534973621368408,5.890829563140869,7.282576084136963,1.676687240600586,6.706242084503174,1.4103893041610718,-0.6343742609024048
183,5.549999999999899,450,0.0,False,0.11112625151872635,0.08629609644412994,1.065671443939209,0.1532086282968521,-0.4087688624858856,0.01858137722592801,0.123046875,0.9901858270168304,0.12859050277620554,2.947348117828369,0.9271430596709251,-0.4087688624858856,0.4453926086425781,-1.6634759902954102,1.5112192630767822,3.051459550857544,1.0207691192626953,3.460228204727173,0.988102376461029,0.8096157908439636
184,21.67399999999992,326,0.0,True,-0.13900552690029144,0.21026307344436646,1.1101508140563965,-0.03498414158821106,0.34342581033706665,-0.0008925728228253623,0.005208333333333333,1.003415693839391,0.0669417455792427,3.7515321175257363,0.9484077294667562,0.34342581033706665,1.6740894317626953,-1.5799497365951538,7.696957111358643,3.67547345161438,2.15120005607605,3.332047700881958,0.8481298685073853,0.39438629150390625
185,21.61200000000002,388,0.0,True,0.5228237509727478,0.17866875231266022,1.0327863693237305,0.6111253499984741,-0.2831626236438751,0.03308739433331149,0.15848214285714285,0.9806477001735142,0.1672608447926385,5.681192329951695,0.7757636585405895,-0.2831626236438751,1.0651122331619263,-1.8135755062103271,4.330711364746094,5.734428882598877,1.3561710119247437,6.017591953277588,0.8813813328742981,0.383175253868103
186,21.707,293,0.0,True,-0.27725663781166077,0.660119891166687,1.1627439260482788,0.05164056271314621,0.350463330745697,-0.0036018526181578634,0.003125,1.0056444644927978,0.06264737024903297,4.424741172790528,1.3759485483169556,0.350463330745697,1.478200078010559,-1.1434918642044067,6.7018256187438965,4.5777668952941895,2.009848117828369,4.227303981781006,1.3176037073135376,0.4590715169906616
187,5.549999999999873,450,0.0,False,0.22256329655647278,0.11964649707078934,1.076492428779602,0.2813100516796112,-0.49992835521698,0.024261622806079686,0.068359375,0.9814545884728432,0.09859832655638456,3.7841964662075043,0.5152989849448204,-0.49992835521698,0.6084430813789368,-1.5454943180084229,2.577726364135742,3.797948122024536,0.8851119875907898,4.297876834869385,0.6059063673019409,0.5274546146392822
188,21.72399999999997,276,0.0,True,-0.7782090306282043,3.5787110328674316,1.1754661798477173,1.009971022605896,0.46645069122314453,0.0062961427494883536,0.0,0.9947505116462707,0.04355322122573853,4.318108940124512,1.0623671531677246,0.46645069122314453,1.842767596244812,-1.485654592514038,9.368818283081055,4.410834789276123,2.200761318206787,3.9443843364715576,1.0425856113433838,0.2988753914833069
189,9.549999999999933,450,0.0,False,0.3911069631576538,0.015900906175374985,1.224139928817749,0.39783328771591187,-0.31987372040748596,0.0011980263516306877,0.01171875,1.001292385160923,0.06677979091182351,4.510846674442291,1.1084257811307907,-0.31987372040748596,1.0997881889343262,-1.7743544578552246,6.316915035247803,4.5811638832092285,1.5028765201568604,4.901037216186523,1.3308055400848389,0.4644850492477417
190,21.798999999999957,201,0.0,True,-0.1771145462989807,0.30804866552352905,1.127747893333435,-0.024217961356043816,0.7963514924049377,0.004816437605768442,0.0,0.9954478889703751,0.019209501799196005,4.295618057250977,0.8946644961833954,0.7963514924049377,2.266155958175659,-2.510298252105713,10.248710632324219,4.839982032775879,2.375936269760132,4.043630599975586,0.9411458373069763,0.09027516841888428
191,21.829000000000015,171,0.0,True,-0.8643364310264587,1.2266396284103394,1.0794068574905396,-0.252096027135849,0.9149305820465088,0.00041550475483139354,0.0,0.9999348918596903,0.025541532784700394,5.4019538561503095,2.297334353129069,0.9149305820465088,1.6717835664749146,-1.5208988189697266,6.534624099731445,6.010972023010254,2.404069662094116,5.096042156219482,2.2759041786193848,0.5164226293563843
192,5.549999999999863,450,0.0,False,0.5906314849853516,0.043181419372558594,1.198567509651184,0.6110236048698425,-0.4255618751049042,0.0011275180149823427,0.025390625,1.0024214684963226,0.08240832481533289,3.3741404712200165,0.5191619396209717,-0.4255618751049042,0.7164055109024048,-2.578193187713623,2.865807056427002,3.4375765323638916,0.8753628730773926,3.8631386756896973,0.6160330772399902,0.33020538091659546
193,21.663999999999938,336,0.0,True,0.33068209886550903,0.34468764066696167,1.1576520204544067,0.5018682479858398,0.23340678215026855,0.014226402466495832,0.3984375,1.0019199748833973,0.17029733210802078,4.048454483350118,1.5387598474820454,0.23340678215026855,1.3690272569656372,-1.1029844284057617,6.7749104499816895,4.024681568145752,2.2810628414154053,3.791274309158325,1.4845572710037231,0.6397950053215027
194,21.86800000000003,132,0.0,True,-1.6275427341461182,1.916602611541748,0.8871675729751587,-0.670128583908081,0.9038286805152893,-0.005085202554861705,0.0,1.0052436987559001,0.014940019852171341,6.73638900121053,1.3266222874323528,0.9038286805152893,1.577732801437378,-1.6542329788208008,5.9735822677612305,7.578876495361328,1.4569451808929443,6.675047874450684,1.3431439399719238,-0.17268264293670654
195,21.676999999999964,323,0.0,True,-0.04858642816543579,0.3097875118255615,1.137943148612976,0.1051693856716156,-0.20529159903526306,0.017787890198330086,0.078125,0.9883327682813009,0.10030180340011914,6.206945260365804,0.8521496653556824,-0.20529159903526306,1.7961727380752563,-1.8262757062911987,9.136483192443848,6.045049667358398,1.7609105110168457,6.250341415405273,0.9109174013137817,-0.0404508113861084
196,9.549999999999956,450,0.0,False,0.8823591470718384,0.006937630940228701,1.0763946771621704,0.884751558303833,-0.6248331665992737,-0.002139477524906397,0.03125,1.0066808685660362,0.09581183269619942,5.945405066013336,1.1976875960826874,-0.6248331665992737,0.9962668418884277,-2.307133197784424,4.9093098640441895,6.075409412384033,1.4650027751922607,6.700242042541504,1.3105133771896362,0.5375396609306335
197,21.58499999999998,415,0.0,True,0.029116453602910042,0.8435512185096741,1.02003014087677,0.4498720169067383,-0.17782902717590332,0.0033847265211599214,0.0,0.9974064401217869,0.03722905181348324,4.714074884142194,1.5006630761282784,-0.17782902717590332,1.344655990600586,-2.6766557693481445,6.276602745056152,4.882145404815674,1.8831316232681274,5.059974193572998,1.5177749395370483,0.49012815952301025
198,21.75399999999996,246,0.0,True,-0.40638113021850586,1.049975872039795,0.9686726331710815,0.11763813346624374,0.3165722191333771,-0.0015946845524013042,0.013165509328246117,1.0041498243808746,0.06850176583975554,5.020503640174866,1.3867040872573853,0.3165722191333771,1.562261700630188,-1.9983692169189453,6.204107284545898,5.131338119506836,2.27349853515625,4.814765930175781,1.3730978965759277,0.527808427810669
199,9.549999999999889,450,0.0,False,-0.32914507389068604,0.8031006455421448,1.0016484260559082,0.07140360027551651,-0.27025777101516724,0.008110628928989172,0.048828125,0.9976984933018684,0.10143342427909374,4.147942095994949,1.0643725171685219,-0.27025777101516724,1.0426695346832275,-1.4702603816986084,5.738731384277344,4.134914875030518,1.5180034637451172,4.405171871185303,0.9839082956314087,0.5282109975814819
200,9.55000000000003,450,0.0,False,0.06853438168764114,0.18117237091064453,1.0206763744354248,0.15809988975524902,-0.4427994191646576,0.01151821156963706,0.060546875,0.9939918667078018,0.10703514516353607,5.026082336902618,1.768414556980133,-0.4427994191646576,1.2292004823684692,-2.852644920349121,6.5330634117126465,5.043185234069824,1.6460926532745361,5.4859843254089355,1.908320665359497,0.44238197803497314
201,21.69699999999996,303,0.0,True,-0.6989397406578064,1.8325775861740112,1.0757784843444824,0.21627327799797058,0.2891218662261963,0.0005344587378203868,0.0,0.9998818039894104,0.02803742289543152,4.266676425933838,1.4102261781692504,0.2891218662261963,1.31544029712677,-1.5398894548416138,6.023862838745117,4.346360206604004,2.20381236076355,4.0572381019592285,1.4405919313430786,0.6437187194824219
202,21.894000000000013,106,0.0,True,-1.5376689434051514,3.189883232116699,0.9700740575790405,0.05630259960889816,1.5177356004714966,-0.0003418324631638825,0.0,1.0004011690616608,0.0099001822527498,6.800696134567261,0.7845200598239899,1.5177356004714966,2.147142171859741,-1.4493443965911865,7.882874488830566,8.169856071472168,2.515717029571533,6.652120590209961,0.7792754769325256,0.2715529203414917
203,21.74499999999997,255,0.0,True,-0.552624523639679,1.3173630237579346,1.0869550704956055,0.10497003048658371,0.35030555725097656,-0.0020076200598850846,0.0,1.0021627694368362,0.01731924246996641,5.005800843238831,1.2959670424461365,0.35030555725097656,1.3780324459075928,-2.4968698024749756,6.012162208557129,5.056400775909424,2.1326744556427,4.706094741821289,1.2503981590270996,0.5824872255325317
204,5.549999999999871,450,0.0,False,0.21621333062648773,0.05516747757792473,1.1916722059249878,0.24260538816452026,-0.40422821044921875,-0.007653660606592894,0.009765625,1.0102830827236176,0.0658545009791851,2.704675167798996,0.7217739000916481,-0.40422821044921875,0.5056491494178772,-2.080674648284912,2.4828743934631348,2.9548254013061523,1.0243173837661743,3.359053611755371,0.8669629096984863,0.7563146352767944
205,21.948,52,0.0,True,-4.180941581726074,11.619861602783203,0.9042049050331116,1.6280850172042847,4.179969310760498,-0.000740601506549865,0.0,1.0007503032684326,0.004319746978580952,5.917617321014404,0.48094314336776733,4.179969310760498,2.476806402206421,0.7199583649635315,8.893762588500977,10.050549507141113,2.5275866985321045,5.870578765869141,0.47743478417396545,0.039777398109436035
206,21.792999999999978,207,0.0,True,-0.5110788345336914,0.926023542881012,0.9380550980567932,-0.049005117267370224,0.3831562101840973,0.0033336684573441744,0.0,0.9974079728126526,0.036616801749914885,5.888046622276306,1.8537725806236267,0.3831562101840973,1.494240164756775,-3.576735496520996,6.379729270935059,5.815195083618164,2.4616827964782715,5.432039260864258,1.8168416023254395,0.6315516829490662
207,21.791999999999966,208,0.0,True,-0.6473057866096497,2.1283512115478516,0.901934027671814,0.4159678816795349,0.22377830743789673,0.005199473816901445,0.0,0.9959168136119843,0.04423249652609229,6.376899242401123,1.5698077082633972,0.22377830743789673,1.3625001907348633,-1.9366393089294434,5.822065353393555,6.286601543426514,2.3181893825531006,6.0628228187561035,1.514469861984253,0.6545578837394714
208,21.78700000000002,213,0.0,True,-0.21259059011936188,1.1539223194122314,1.0669219493865967,0.36330366134643555,0.26958855986595154,0.00751724187284708,0.0,0.9933515042066574,0.03944978071376681,6.499009490013123,1.8506567776203156,0.26958855986595154,1.385654091835022,-1.9710781574249268,5.217170238494873,6.470794677734375,2.074451446533203,6.201206207275391,1.9644826650619507,0.5538272261619568
209,21.719000000000065,281,0.0,True,0.6301533579826355,0.7005956172943115,1.033998966217041,0.9794171452522278,-0.3646581768989563,0.003177957981824875,0.053125,1.000203800201416,0.07898104339838027,7.767842864990234,1.9407418966293335,-0.3646581768989563,1.746773600578308,-3.5076868534088135,6.531579971313477,7.564851760864258,1.6945760250091553,7.929510116577148,2.188375234603882,-0.0625542402267456
210,21.772000000000006,228,0.0,True,0.40981265902519226,0.2830309271812439,0.9374665021896362,0.5503906607627869,-0.12643714249134064,0.0030193634156603366,0.0,0.9984502047300339,0.05202511139214039,7.382018566131592,1.0245424211025238,-0.12643714249134064,1.0608088970184326,-1.7010631561279297,4.446778774261475,7.492532253265381,1.5097694396972656,7.618969440460205,1.071601390838623,0.5063114166259766
211,9.549999999999924,450,0.0,False,0.8300877809524536,0.05500594526529312,0.9003980159759521,0.8566903471946716,-0.4260375201702118,0.002615350764244795,0.025390625,1.000033937394619,0.07187234051525593,4.936678171157837,1.1503896266222,-0.4260375201702118,1.0542062520980835,-3.6575567722320557,5.266708850860596,5.0941853523254395,1.47658109664917,5.5202226638793945,1.2280364036560059,0.49027419090270996
212,9.549999999999926,450,0.0,False,0.9342728853225708,0.10949811339378357,1.0967962741851807,0.9879251718521118,-0.45288389921188354,6.745290011167526e-05,0.001953125,1.001177430152893,0.04490213701501489,5.326111555099487,1.0530733540654182,-0.45288389921188354,1.0625331401824951,-2.725719928741455,4.780559539794922,5.460413455963135,1.5831786394119263,5.913297653198242,1.1502091884613037,0.5495723485946655
213,21.88400000000003,116,0.0,True,-1.0695202350616455,2.2008450031280518,0.8241561055183411,0.030078111216425896,1.2055214643478394,0.0012834666995331645,0.0,0.9989027976989746,0.019069735892117023,7.201684474945068,0.936279684305191,1.2055214643478394,1.7614779472351074,-1.4918841123580933,6.041612148284912,8.334278106689453,2.2124826908111572,7.128756999969482,0.9873624444007874,0.3661381006240845
214,21.86500000000001,135,0.0,True,-2.1685707569122314,2.8077383041381836,0.9740093946456909,-0.7656756043434143,1.2682043313980103,0.009817837427059809,0.0,0.9919137358665466,0.051066214218735695,5.754739920298259,1.2599667310714722,1.2682043313980103,1.7089316844940186,-0.9597963690757751,7.07613468170166,6.722118854522705,2.0309133529663086,5.453914165496826,1.3097649812698364,0.29194557666778564
215,21.843000000000035,157,0.0,True,-0.25961750745773315,0.7407733201980591,0.9384862184524536,0.10983067005872726,0.4698113799095154,-0.0018890961073338985,0.0,1.0024590094884236,0.03268414922058582,7.4756706555684405,0.8669206102689108,0.4698113799095154,1.2695118188858032,-1.7075554132461548,4.38602876663208,7.546403884887695,1.444765329360962,7.076593399047852,0.8885418176651001,0.22789061069488525
216,21.843999999999987,156,0.0,True,-0.7733304500579834,1.675492763519287,0.9446864128112793,0.0634712427854538,0.5786257386207581,-0.00023523914084459344,0.0,1.000455101331075,0.01938331623872121,7.098300139109294,1.5929450988769531,0.5786257386207581,1.834091305732727,-1.1997482776641846,7.581864356994629,7.375971794128418,2.099545478820801,6.797346115112305,1.5765560865402222,0.23688268661499023
217,5.549999999999865,450,0.0,False,0.8069732189178467,0.17432749271392822,1.230433702468872,0.8929065465927124,-0.7634050846099854,-0.0031695617362856865,0.005859375,1.0048759877681732,0.05428723804652691,4.66117799282074,0.7091303244233131,-0.7634050846099854,0.6834015250205994,-3.129826545715332,1.6473475694656372,4.726661205291748,0.8999789953231812,5.4900665283203125,0.7826093435287476,0.42338335514068604
218,5.549999999999951,450,0.0,False,0.8811352252960205,0.3939267098903656,0.9455379843711853,1.077152967453003,-0.7150093913078308,0.004402040271088481,0.0078125,0.9971180409193039,0.053249156568199396,4.778643369674683,0.6044234707951546,-0.7150093913078308,0.5776859521865845,-2.504103183746338,1.8159406185150146,4.799335479736328,0.8309798240661621,5.514345169067383,0.6890997290611267,0.5167157649993896
219,9.54999999999994,450,0.0,False,0.8908625841140747,0.03951168432831764,0.945541501045227,0.9096728563308716,-0.4387001395225525,-0.003484426997601986,0.060546875,1.0067252814769745,0.0811887513846159,4.980892658233643,1.3123256862163544,-0.4387001395225525,0.969788134098053,-2.385679244995117,6.002631664276123,4.969892501831055,1.4574440717697144,5.408592700958252,1.286501407623291,0.5572383403778076
220,21.60699999999997,393,0.0,True,-0.06884310394525528,0.9073359370231628,1.0085874795913696,0.38381627202033997,-0.14845213294029236,-0.004192616258348737,0.011160714285714286,1.0064646431377955,0.06362160215420383,4.83071756362915,1.9005510125841414,-0.14845213294029236,1.216050624847412,-1.7434308528900146,6.3247246742248535,4.970435619354248,2.242694616317749,5.118887901306152,1.951646089553833,0.7059893012046814
221,5.549999999999891,450,0.0,False,0.45913171768188477,0.02013930305838585,1.2080278396606445,0.4679933190345764,-0.43965569138526917,0.016116788377985358,0.037109375,0.9871656224131584,0.07378487987443805,3.0549346208572388,0.7014053389430046,-0.43965569138526917,0.6103004813194275,-2.7962541580200195,2.652963638305664,3.2280290126800537,1.040547251701355,3.66768479347229,0.7817928194999695,0.655995786190033
222,5.549999999999892,450,0.0,False,0.45906782150268555,0.01185312308371067,1.1645690202713013,0.46382981538772583,-0.4237251281738281,0.01403454877436161,0.01171875,0.9891339167952538,0.07478856109082699,3.1398467421531677,0.6275355368852615,-0.4237251281738281,0.5485277771949768,-2.4471957683563232,2.273484468460083,3.274226665496826,0.9830310940742493,3.6979517936706543,0.6920267343521118,0.6886401176452637
223,9.550000000000066,450,0.0,False,0.1925756335258484,0.12146446853876114,1.069366455078125,0.25223851203918457,-0.40662893652915955,0.024862620746716857,0.134765625,0.987671785056591,0.15404698438942432,4.614220559597015,1.6968971490859985,-0.40662893652915955,1.2702518701553345,-4.031702041625977,5.946266174316406,4.562259197235107,1.7026093006134033,4.968887805938721,2.096956968307495,0.44339174032211304
224,21.68799999999999,312,0.0,True,0.1350167840719223,0.5390836000442505,1.1110920906066895,0.4034475088119507,0.23712994158267975,0.02145909070968628,0.1696428596973419,0.992399537563324,0.15467893332242966,4.1551391124725345,1.3565591812133788,0.23712994158267975,1.4411441087722778,-3.469451904296875,5.528517723083496,4.245146751403809,2.00368332862854,4.008017539978027,1.3638386726379395,0.48268312215805054
225,5.549999999999895,450,0.0,False,0.5302449464797974,0.002217269269749522,1.173720121383667,0.5301798582077026,-0.455818235874176,0.00961509463377297,0.068359375,0.9967608079314232,0.1116463728249073,3.187464565038681,0.7265043780207634,-0.455818235874176,0.47558122873306274,-2.31569504737854,2.587556838989258,3.332955837249756,1.035469651222229,3.788774251937866,0.8849186897277832,0.7890523672103882
226,-0.45000000000000034,450,0.0,False,1.573964238166809,0.03033091127872467,1.010082483291626,1.588119626045227,-0.8450522422790527,-0.03817732469178736,0.123046875,1.0788554325699806,0.1915808506309986,4.279134571552277,0.15479758474975824,-0.8450522422790527,0.2280757874250412,-1.51656973361969,0.36171987652778625,4.322425842285156,0.1157984510064125,5.167478561401367,0.20388375222682953,-2.8792924880981445
227,5.549999999999874,450,0.0,False,0.11791637539863586,0.06240329146385193,1.1949119567871094,0.14792311191558838,-0.2513519823551178,-0.0019472765270620584,0.10546875,1.0106125846505165,0.11765278782695532,1.9525525867938995,0.710888110101223,-0.2513519823551178,0.3327910006046295,-1.4392943382263184,1.4118399620056152,2.1344797611236572,0.958005428314209,2.385831832885742,0.7681459188461304,0.8793278336524963
228,21.634999999999906,365,0.0,True,-0.6272683143615723,1.8331129550933838,1.0921322107315063,0.28819602727890015,0.2585563659667969,0.0028051547706127167,0.020023148506879807,0.9996753931045532,0.06842660779754321,3.3933900594711304,1.0002625385920207,0.2585563659667969,1.6539822816848755,-1.6188020706176758,8.352478981018066,3.397099256515503,2.075575590133667,3.138542890548706,0.9438195824623108,0.3649841547012329
229,21.921000000000006,79,0.0,True,-2.62506365776062,5.34867000579834,0.8842142820358276,0.048387132585048676,2.89011812210083,-0.00190876389387995,0.0,1.0020623803138733,0.017534643411636353,5.046754598617554,0.9237858951091766,2.89011812210083,2.112630605697632,0.11930656433105469,7.640544891357422,7.794834136962891,2.07407808303833,4.904716491699219,0.9059209823608398,-0.0375208854675293
230,21.70799999999997,292,0.0,True,-0.33592817187309265,0.6942291259765625,1.0449576377868652,0.010141433216631413,0.400386780500412,0.005841965414583683,0.00868055559694767,0.995529580116272,0.049710904434323314,4.122251749038696,1.311528730392456,0.400386780500412,1.3922535181045532,-0.9343757629394531,5.789601802825928,4.153057098388672,2.092271566390991,3.7526705265045166,1.2654794454574585,0.5572072267532349
231,21.791000000000047,209,0.0,True,-0.3361491858959198,1.1417490243911743,0.9120123982429504,0.2338133156299591,0.37336239218711853,-0.004725793900433928,0.00390625,1.0054350197315216,0.0379585949704051,6.129476070404053,0.9342774748802185,0.37336239218711853,1.5231298208236694,-1.3655153512954712,4.8015594482421875,6.276716232299805,1.427378535270691,5.903354167938232,0.9270195364952087,-0.13866376876831055
232,21.663999999999962,336,0.0,True,-0.4761013686656952,1.3333700895309448,0.9846437573432922,0.18959903717041016,0.07884993404150009,0.0036923522129654884,0.059895833333333336,1.001642922560374,0.10242112850149472,4.754536469777425,1.5515196919441223,0.07884993404150009,1.3113164901733398,-2.854459762573242,5.717232704162598,4.62733268737793,2.146526575088501,4.548482894897461,1.5080087184906006,0.6267992258071899
233,21.860000000000028,140,0.0,True,-1.015380620956421,2.684154510498047,1.0988410711288452,0.3255977928638458,1.2849823236465454,-1.8264322231213253e-05,0.0,1.000128984451294,0.014703612153728804,5.374944686889648,1.7353692054748535,1.2849823236465454,1.7559622526168823,-1.4597477912902832,7.061608791351318,6.629262924194336,1.9955042600631714,5.344281196594238,1.7700598239898682,0.2256717085838318
234,5.549999999999931,450,0.0,False,0.7996957302093506,0.08460177481174469,1.2264615297317505,0.8407701253890991,-0.5111369490623474,0.007128736702725291,0.0625,1.0009074360132217,0.1264039007946849,3.520131438970566,0.7030238434672356,-0.5111369490623474,0.5366764664649963,-2.0585215091705322,2.176863193511963,3.5485260486602783,0.9492508172988892,4.05966329574585,0.8149271011352539,0.6803584694862366
235,5.549999999999861,450,0.0,False,0.4234077036380768,0.06642027199268341,1.1678310632705688,0.45544999837875366,-0.2798561751842499,0.006259160116314888,0.017578125,0.9958415627479553,0.06278611812740564,1.964124247431755,0.5697056911885738,-0.2798561751842499,0.4561489522457123,-2.9949395656585693,1.7574808597564697,2.0678024291992188,0.8930239677429199,2.347658395767212,0.6204162240028381,0.7390921115875244
236,5.549999999999864,450,0.0,False,0.019655562937259674,0.2572472393512726,1.1722253561019897,0.14710696041584015,-0.5121157765388489,0.05872026109136641,0.33203125,0.956653781235218,0.14268330112099648,3.4483722746372223,0.639390841126442,-0.5121157765388489,0.6283473968505859,-2.817417621612549,1.8987562656402588,3.5052003860473633,0.9196016192436218,4.0173163414001465,0.6993522644042969,0.5331254005432129
237,21.70999999999998,290,0.0,True,-0.27353718876838684,0.8855289220809937,1.1762850284576416,0.16805098950862885,0.5428054332733154,-0.0016289930790662766,0.0,1.0021766781806947,0.03067186251282692,3.506732368469238,1.313524603843689,0.5428054332733154,1.432729959487915,-1.9573262929916382,6.056140899658203,3.779083013534546,2.136220693588257,3.2362775802612305,1.3021045923233032,0.5501823425292969
238,5.549999999999867,450,0.0,False,0.7874261140823364,0.10086258500814438,1.1411268711090088,0.8367162942886353,-0.3696019649505615,0.007285880274139345,0.001953125,0.9933651760220528,0.031521276803687215,2.6522301733493805,0.6922690570354462,-0.3696019649505615,0.5015446543693542,-2.527564525604248,2.2572009563446045,2.652984619140625,0.9955750703811646,3.0225863456726074,0.7420167326927185,0.7462120056152344
239,21.783,217,0.0,True,-1.0799832344055176,2.1193737983703613,1.1364928483963013,-0.021432828158140182,0.5272448658943176,0.0030053312657400966,0.0,0.997495710849762,0.031394966412335634,5.054217338562012,1.3402806222438812,0.5272448658943176,1.7444844245910645,-1.700395107269287,6.8184895515441895,5.417491912841797,1.8873181343078613,4.890246868133545,1.3541929721832275,0.14563393592834473
240,21.562000000000076,438,0.0,True,0.5247058272361755,0.3667769134044647,1.055098295211792,0.7070391774177551,-0.41460981965065,0.006169154973966735,0.052827381661960056,0.9984412619045803,0.09094941509621483,6.094505241938999,0.784402242728642,-0.41460981965065,1.1951751708984375,-2.041898727416992,4.555448055267334,5.867648601531982,1.1441521644592285,6.282258987426758,0.8427316546440125,-0.09117770195007324
241,21.886000000000003,114,0.0,True,-1.70940101146698,2.370227813720703,1.0713075399398804,-0.5253584384918213,1.4548949003219604,0.001400565030053258,0.0,0.9989176094532013,0.023990171030163765,5.4795122146606445,1.113965928554535,1.4548949003219604,1.392301321029663,-1.1195847988128662,5.196842193603516,6.94186544418335,1.8470476865768433,5.486969947814941,1.1277437210083008,0.43178820610046387
242,21.61299999999995,387,0.0,True,-0.1847008913755417,0.2813907861709595,1.0503981113433838,-0.045055896043777466,0.2126854658126831,0.018702234540666853,0.0699404776096344,0.9883997355188642,0.09892342665365764,3.604365757533482,1.1672088078090124,0.2126854658126831,1.5360273122787476,-2.684994697570801,7.386628150939941,3.7114453315734863,2.0382468700408936,3.498760223388672,1.2644636631011963,0.43208378553390503
243,21.82600000000001,174,0.0,True,-0.6459296941757202,0.9856705069541931,0.8921860456466675,-0.1539866328239441,0.5067731738090515,0.0018565092856685321,0.007246376946568489,0.9994139273961385,0.04373090776304404,6.654903093973796,0.8423295418421427,0.5067731738090515,1.2755531072616577,-1.4237744808197021,4.893200874328613,6.971325874328613,1.5272903442382812,6.464553356170654,0.841256320476532,0.3024844527244568
244,21.813000000000002,187,0.0,True,-0.4950351417064667,0.7149490118026733,1.002335786819458,-0.13856297731399536,0.638812780380249,-0.010626891007026037,0.0716807891925176,1.0153320829073589,0.08936991170048714,5.750149567921956,0.8808444142341614,0.638812780380249,1.4299683570861816,-1.397200107574463,5.384489059448242,6.1007843017578125,1.6925694942474365,5.461972236633301,0.8805155158042908,0.28622734546661377
245,21.69,310,0.0,True,0.03344856575131416,0.6191132664680481,0.988726019859314,0.3420164883136749,0.061209045350551605,0.008659563213586807,0.07025462985038758,0.9975178599357605,0.10378546714782715,5.399177932739258,1.4145856618881225,0.061209045350551605,1.2701243162155151,-2.050375461578369,6.004467487335205,5.238683223724365,1.862965703010559,5.177474498748779,1.3746870756149292,0.5351822376251221
246,21.86700000000004,133,0.0,True,-0.2002720832824707,0.47440433502197266,0.7618560194969177,0.03616822883486748,0.9660196304321289,-0.001334874580303828,0.0,1.001524806022644,0.019040082581341267,7.260649045308431,1.2970666686693828,0.9660196304321289,1.7803854942321777,-1.4050935506820679,5.93301248550415,7.702831268310547,1.6136474609375,6.73681116104126,1.518188238143921,-0.21733689308166504
247,21.890000000000022,110,0.0,True,-1.6209105253219604,3.4000189304351807,0.8509672284126282,0.07824797183275223,1.2602894306182861,-0.003842347301542759,0.0,1.0041829347610474,0.025163015350699425,7.119776487350464,1.181891143321991,1.2602894306182861,2.0462327003479004,-1.1907565593719482,6.78589391708374,8.246066093444824,2.0271003246307373,6.985776901245117,1.1846892833709717,-0.018965959548950195
248,21.633999999999922,366,0.0,True,0.4237883388996124,0.48812517523765564,1.1107045412063599,0.6667401790618896,-0.24694079160690308,-0.0020803632214665413,0.014492753893136978,1.0039359430472057,0.05507960977653662,5.49587607383728,1.383727252483368,-0.24694079160690308,1.3358161449432373,-2.780113458633423,6.725903511047363,5.371931552886963,2.038714647293091,5.618873119354248,1.3547576665878296,0.5706807374954224
249,21.86100000000004,139,0.0,True,-2.0602996349334717,4.971920490264893,1.0195248126983643,0.42464107275009155,1.243409276008606,-0.010536108165979385,0.0,1.0111314455668132,0.029977155849337578,5.8677442868550616,2.5260842641194663,1.243409276008606,2.293794870376587,-3.0604166984558105,7.388816833496094,7.341247081756592,2.010767698287964,6.097837924957275,2.6573729515075684,-0.30132365226745605
250,5.549999999999994,450,0.0,False,0.700363039970398,0.0029526459984481335,1.4032775163650513,0.7004361152648926,-0.37064290046691895,-0.01281548582483083,0.1328125,1.0187445357441902,0.09970297664403915,2.9825815558433533,0.2765400670468807,-0.37064290046691895,0.5364508628845215,-1.2385765314102173,2.2759835720062256,2.9526970386505127,0.654022753238678,3.3233399391174316,0.3494906425476074,0.32721829414367676
251,5.549999999999869,450,0.0,False,0.7385804653167725,0.012795832008123398,1.1788716316223145,0.7437995076179504,-0.5344800353050232,0.040139702847227454,0.15234375,0.9736956879496574,0.1476027937605977,3.3266462683677673,0.5347271785140038,-0.5344800353050232,0.6165598630905151,-2.2798776626586914,1.9747921228408813,3.510582447052002,0.8504500985145569,4.045062065124512,0.6444249749183655,0.47440314292907715
252,21.674999999999976,325,0.0,True,-0.1211799904704094,0.2008523941040039,1.0054270029067993,-0.021759221330285072,0.3024956285953522,-0.001211371272802353,0.0026041666666666665,1.0022314091523488,0.043534442161520324,4.301181475321452,2.0217078924179077,0.3024956285953522,1.3522114753723145,-3.03684401512146,6.782192707061768,4.1840739250183105,2.3805603981018066,3.881578207015991,1.921244502067566,0.6773505210876465
253,5.549999999999947,450,0.0,False,0.5802677273750305,0.005649648141115904,1.293745517730713,0.5817988514900208,-0.46514105796813965,0.03512006183154881,0.2265625,0.9797154441475868,0.16937934793531895,3.326761782169342,0.5340377017855644,-0.46514105796813965,0.5253806710243225,-3.0239455699920654,2.1886472702026367,3.4632720947265625,0.8287034630775452,3.9284133911132812,0.6459280252456665,0.598070502281189
254,21.750999999999976,249,0.0,True,-0.54544997215271,0.7644140720367432,1.0305508375167847,-0.1642734855413437,0.3491259217262268,-0.003535407711751759,0.0,1.004082977771759,0.03188631497323513,4.677888035774231,1.3435615301132202,0.3491259217262268,1.38377046585083,-1.3491384983062744,5.592286586761475,4.835325717926025,2.1500906944274902,4.486199855804443,1.2948782444000244,0.5857957601547241
255,21.677999999999944,322,0.0,True,0.07368393242359161,0.047051701694726944,1.024070143699646,0.09618571400642395,-0.32826873660087585,0.005118765868246555,0.026041666666666668,0.9981645345687866,0.07793747633695602,6.464930772781372,0.9702103833357493,-0.32826873660087585,1.674674153327942,-3.0820140838623047,8.252908706665039,6.4072442054748535,1.8401602506637573,6.7355122566223145,1.0218336582183838,0.17177319526672363
256,21.652000000000122,348,0.0,True,0.3112368583679199,1.0576355457305908,1.0142565965652466,0.8390403985977173,-0.28567105531692505,0.0010842209837088983,0.0,0.9995022813479105,0.0338965787862738,6.107168436050415,1.5089829961458843,-0.28567105531692505,1.4330248832702637,-2.781592845916748,6.192720890045166,6.209453105926514,1.3960591554641724,6.495124340057373,1.658767819404602,-0.053658246994018555
257,21.733999999999938,266,0.0,True,-1.6053158044815063,5.222688674926758,1.077876091003418,1.0049506425857544,0.5004515051841736,0.010380617901682853,0.048125000298023225,0.9970985054969788,0.113700969517231,3.9812163352966308,1.162167739868164,0.5004515051841736,1.9211835861206055,-2.2171454429626465,8.794732093811035,4.170960903167725,2.4170897006988525,3.670508861541748,1.1748840808868408,0.3682398796081543
258,5.549999999999917,450,0.0,False,0.18012303113937378,0.0247991681098938,1.3823516368865967,0.19114026427268982,-0.2301684468984604,0.0041587610030546784,0.0546875,1.0008674189448357,0.09055208042263985,2.2155009508132935,0.6270157173275948,-0.2301684468984604,0.47040635347366333,-1.579103708267212,1.6270724534988403,2.246915102005005,0.7632004618644714,2.477083444595337,0.6606577038764954,0.620100200176239
259,5.549999999999867,450,0.0,False,-0.043371036648750305,0.11339816451072693,1.1788091659545898,0.012149236164987087,-0.33197516202926636,-0.003077111206948757,0.033203125,1.0073979124426842,0.09262371808290482,2.483935981988907,0.7168783992528915,-0.33197516202926636,0.5157780051231384,-2.462952136993408,2.3590588569641113,2.5294721126556396,1.0274685621261597,2.861447334289551,0.7532191276550293,0.7480069398880005
260,21.767999999999976,232,0.0,True,-0.3443680703639984,0.48940277099609375,1.0368139743804932,-0.10070350021123886,0.6352315545082092,0.006299752742052078,0.03281250037252903,0.9971328377723694,0.07228205725550652,4.065683722496033,1.5372928082942963,0.6352315545082092,1.4717694520950317,-1.7608872652053833,6.965860366821289,4.443000316619873,2.340407133102417,3.8077688217163086,1.513802409172058,0.6045453548431396
261,5.549999999999875,450,0.0,False,0.6163767576217651,0.003315831534564495,1.1344902515411377,0.6169001460075378,-0.5342687368392944,0.02298103296197951,0.048828125,0.9828613102436066,0.08854751661419868,3.7783335149288177,0.5991631671786308,-0.5342687368392944,0.5796193480491638,-1.8397603034973145,2.484053134918213,3.8058054447174072,0.9751969575881958,4.340074062347412,0.6768706440925598,0.6467345952987671
262,21.788999999999966,211,0.0,True,-0.5164579749107361,2.3399081230163574,0.9453974366188049,0.6525506973266602,0.561058759689331,0.00029408035334199667,0.0,1.0005477368831635,0.04114220291376114,4.892585635185242,1.2499440908432007,0.561058759689331,1.6535900831222534,-1.6242194175720215,6.790491580963135,5.304616928100586,2.309504747390747,4.743558883666992,1.2645834684371948,0.48735350370407104
263,5.549999999999927,450,0.0,False,2.1986145973205566,0.7948794364929199,1.0502684116363525,2.595004081726074,-0.5466517806053162,0.01973095186986029,0.197265625,0.9977239146828651,0.1831383230164647,3.8726586997509003,0.8684187307953835,-0.5466517806053162,0.5204960703849792,-2.946786403656006,1.7250250577926636,3.756821870803833,1.0674598217010498,4.303473472595215,1.030646800994873,0.7622438669204712
264,21.65099999999993,349,0.0,True,-0.17512823641300201,0.5884283185005188,1.1502842903137207,0.11793563514947891,0.2140062302350998,0.010181261226534843,0.16262571762005487,0.999507079521815,0.1260599506398042,3.6800804138183594,1.2641184329986572,0.2140062302350998,1.4037604331970215,-2.7585034370422363,6.66190242767334,3.7544569969177246,2.140547275543213,3.5404505729675293,1.2473807334899902,0.5699326992034912
265,21.58399999999991,416,0.0,True,-0.012731023132801056,0.4094672203063965,1.0770583152770996,0.19092553853988647,0.013474983163177967,-0.001752121906195368,0.004464285714285714,1.0032480188778468,0.04926689474710396,4.006557975496564,1.1508140393665858,0.013474983163177967,1.3239749670028687,-1.3983852863311768,6.434985637664795,3.993478298187256,1.9152641296386719,3.980003595352173,1.1210362911224365,0.5221383571624756
266,-0.45000000000000034,450,0.0,False,0.5906587839126587,0.0920415073633194,1.1444038152694702,0.6355351209640503,-0.6940177083015442,0.016397873871028423,0.087890625,0.9964710623025894,0.16476865485310555,3.4441677629947662,0.14050054550170898,-0.6940177083015442,0.21673285961151123,-1.2953240871429443,-0.04448556900024414,3.5432205200195312,0.1339387148618698,4.23723840713501,0.21187326312065125,-1.6184065341949463
267,9.549999999999995,450,0.0,False,0.13292497396469116,0.02544339746236801,0.863129734992981,0.14478354156017303,-0.03710924834012985,0.014355745981447399,0.015625,0.9882571324706078,0.0654591303318739,3.4852235913276672,1.3288866132497787,-0.03710924834012985,1.0750274658203125,-2.354275941848755,6.228883743286133,3.510408878326416,1.6428059339523315,3.547518014907837,1.5558178424835205,0.5717803239822388
268,5.549999999999869,450,0.0,False,0.34206509590148926,0.01254604198038578,1.143876075744629,0.34719425439834595,-0.3162669241428375,-0.00392035162076354,0.015625,1.008027121424675,0.06952860881574452,2.3280296325683594,0.7071249336004257,-0.3162669241428375,0.38919830322265625,-1.4574549198150635,1.4186805486679077,2.4407994747161865,0.9869090914726257,2.757066488265991,0.7677226662635803,0.8444795608520508
269,21.889,111,0.0,True,-2.0175116062164307,3.075355291366577,1.015223741531372,-0.48084917664527893,2.0046350955963135,-0.011472917161881924,0.0,1.0119562149047852,0.028160509653389454,4.190006732940674,2.263244390487671,2.0046350955963135,1.854763388633728,-0.18856380879878998,8.140039443969727,6.059569358825684,2.633289337158203,4.054934978485107,2.232154369354248,0.5038878917694092
270,21.826999999999995,173,0.0,True,-0.7778189778327942,0.7386440634727478,1.0536407232284546,-0.40955057740211487,1.0835164785385132,0.017248048757513363,0.060069446762402855,0.9887603322664896,0.09670050690571468,4.342197895050049,1.7844984928766887,1.0835164785385132,1.67665433883667,-2.1163830757141113,7.159584045410156,5.117259502410889,2.4342267513275146,4.033743381500244,1.771646499633789,0.52557772397995
271,21.611999999999917,388,0.0,True,-1.584099531173706,5.108212947845459,0.9906671643257141,0.9690162539482117,-0.22938646376132965,-0.0013004368437188013,0.011160714285714286,1.0031866686684745,0.054662724025547504,5.250936099461147,1.3291370953832353,-0.22938646376132965,1.3559280633926392,-3.209521532058716,6.034389019012451,5.227779865264893,1.9731496572494507,5.4571661949157715,1.4257323741912842,0.5277704000473022
272,9.549999999999994,450,0.0,False,0.4452263116836548,0.02782300114631653,1.0320301055908203,0.45810577273368835,-0.40225428342819214,0.025588438380509615,0.072265625,0.9804260358214378,0.09543926268815994,3.773396670818329,1.3797351568937302,-0.40225428342819214,1.030178189277649,-2.764033079147339,5.471775054931641,4.037463665008545,1.5212005376815796,4.439718723297119,1.6229382753372192,0.5413812398910522
273,21.57199999999999,428,0.0,True,-0.2593800127506256,0.8681535124778748,1.0647358894348145,0.17363201081752777,-0.002519553992897272,0.001806249442909445,0.002232142857142857,0.9996469702039447,0.049181176881705015,4.182155915669033,1.6051116330283028,-0.002519553992897272,1.1799468994140625,-1.8445801734924316,5.232214450836182,4.165918350219727,2.0124526023864746,4.168437957763672,1.6443837881088257,0.6562255620956421
274,21.742999999999988,257,0.0,True,-0.18114760518074036,0.036333829164505005,0.823793888092041,-0.16380448639392853,0.2524077296257019,-0.00210772305727005,0.003125,1.0024149775505067,0.02057821787893772,5.455294513702393,1.301732325553894,0.2524077296257019,1.4116551876068115,-2.3734474182128906,5.31883430480957,5.197272777557373,2.0902137756347656,4.944864749908447,1.664409875869751,0.5438834428787231
275,5.549999999999999,450,0.0,False,0.44630223512649536,0.03516438603401184,1.2550017833709717,0.46262940764427185,-0.4589654505252838,0.01039794203825295,0.119140625,0.9985021874308586,0.13436994329094887,3.3130594193935394,0.2274580616503954,-0.4589654505252838,0.5879297852516174,-1.4149017333984375,2.57389235496521,3.46889066696167,0.6935404539108276,3.927855968475342,0.2797800302505493,0.2813667058944702
276,21.82400000000004,176,0.0,True,-0.9467934370040894,1.6635606288909912,0.8706392049789429,-0.11588376015424728,0.7111985087394714,0.001015608198940754,0.0,0.9999493360519409,0.04122212156653404,5.9040985107421875,1.6787813504536946,0.7111985087394714,1.5729238986968994,-1.438596248626709,5.407492637634277,6.42068338394165,1.79701566696167,5.7094855308532715,1.6948968172073364,0.2338537573814392
277,5.549999999999869,450,0.0,False,0.49189603328704834,0.006857909727841616,1.13850736618042,0.49418649077415466,-0.3580542802810669,0.00958838383667171,0.07421875,0.9951779693365097,0.09334826096892357,2.721669375896454,0.6712991669774055,-0.3580542802810669,0.5778080224990845,-1.744006633758545,2.5498111248016357,2.7408604621887207,1.0450767278671265,3.0989151000976562,0.7763859629631042,0.6943173408508301
278,21.95000000000001,50,0.0,True,-4.503391742706299,11.37369155883789,1.0105611085891724,1.1824434995651245,4.497823238372803,-0.0008547735051251948,0.0,1.0008797645568848,0.007028781343251467,4.7187018394470215,1.2998954057693481,4.497823238372803,1.638859510421753,1.8755438327789307,8.328580856323242,9.196809768676758,1.4818530082702637,4.698986530303955,1.304836630821228,-0.22313177585601807
279,9.550000000000173,450,0.0,False,1.0428675413131714,0.039801545441150665,1.055901050567627,1.061712384223938,-0.5126007795333862,0.015994403162039816,0.1640625,1.0000976026058197,0.1872307574376464,5.3050417304039,1.2398349195718765,-0.5126007795333862,1.2936160564422607,-1.6943851709365845,6.21519136428833,5.48157262802124,0.9687748551368713,5.994173526763916,1.7123689651489258,-0.7830566167831421
280,5.5500000000000345,450,0.0,False,0.3734801113605499,0.0044551114551723,1.2508970499038696,0.3744567632675171,-0.2877216339111328,0.0092568394029513,0.0546875,0.9943934082984924,0.07621354795992374,2.2807982861995697,0.3651135414838791,-0.2877216339111328,0.3852027356624603,-1.2319166660308838,1.698453664779663,2.3931148052215576,0.624854326248169,2.6808364391326904,0.41072601079940796,0.6199671030044556
281,5.549999999999895,450,0.0,False,0.4037981927394867,0.0012755785137414932,1.1801671981811523,0.403255820274353,-0.2992406189441681,0.006793529726564884,0.060546875,0.9973665922880173,0.08505444368347526,2.4595195651054382,0.630971223115921,-0.2992406189441681,0.518252968788147,-1.6276218891143799,2.1287484169006348,2.541402578353882,0.9339526891708374,2.8406429290771484,0.6619549989700317,0.6920828819274902
282,5.54999999999986,450,0.0,False,0.20114390552043915,0.009756035171449184,1.2515370845794678,0.20477038621902466,-0.1964826136827469,-0.005167106166481972,0.044921875,1.00983177870512,0.0835395494941622,1.636767953634262,0.5921205803751945,-0.1964826136827469,0.5194173455238342,-1.955075740814209,2.4337821006774902,1.745835781097412,0.8747990131378174,1.9423184394836426,0.5718269348144531,0.6474535465240479
283,21.64200000000001,358,0.0,True,-0.33551710844039917,1.283650517463684,0.9540562033653259,0.3053540885448456,0.16634391248226166,-0.0006666717429955801,0.0,1.0022061864535015,0.05408981007834276,3.940610686937968,0.8988201518853506,0.16634391248226166,1.361359715461731,-2.818262815475464,7.195217609405518,3.8502795696258545,1.6852964162826538,3.6839356422424316,0.8423126935958862,0.3474809527397156
284,21.897000000000034,103,0.0,True,-1.7782232761383057,4.375226020812988,0.8492591977119446,0.4085404872894287,1.952255129814148,0.0003776728408411145,0.0,0.9999212026596069,0.022891687229275703,5.601600885391235,1.467976450920105,1.952255129814148,2.3270013332366943,-0.9387800693511963,7.674563884735107,7.422301769256592,1.8994923830032349,5.470046520233154,1.4989169836044312,-0.500784158706665
285,5.549999999999886,450,0.0,False,0.9194282293319702,0.004111441783607006,0.9878733158111572,0.9204960465431213,-0.5707846283912659,-0.012423481559380889,0.0234375,1.0165659561753273,0.08046600269153714,3.786924511194229,0.8115728422999382,-0.5707846283912659,0.45134201645851135,-1.8221123218536377,1.9077372550964355,3.809276819229126,1.0261714458465576,4.380061626434326,0.9564779996871948,0.8065487146377563
286,9.549999999999992,450,0.0,False,-0.01165907084941864,0.10660433769226074,1.049739122390747,0.040593359619379044,-0.22789540886878967,0.01824325160123408,0.03515625,0.9850679039955139,0.06512777181342244,3.3569145798683167,1.2888072431087494,-0.22789540886878967,1.0569689273834229,-2.714583158493042,5.844191551208496,3.5829224586486816,1.5286308526992798,3.8108177185058594,1.5482416152954102,0.5218994617462158
287,5.549999999999867,450,0.0,False,0.06815960258245468,0.05560692027211189,1.1996746063232422,0.09476338326931,-0.27742525935173035,0.010519290110096335,0.0078125,0.9913839772343636,0.0564572517760098,1.7482841461896896,0.8722745031118393,-0.27742525935173035,0.42614245414733887,-2.821539878845215,1.3310301303863525,1.9342823028564453,1.1373242139816284,2.211707592010498,1.068821907043457,0.8596084117889404
288,-0.45000000000000034,450,0.0,False,0.5391467809677124,0.013522982597351074,1.2417105436325073,0.544666588306427,-0.5363345146179199,0.011808779090642929,0.021484375,0.9922389760613441,0.08561762887984514,2.637332648038864,0.16137157753109932,-0.5363345146179199,0.1880030483007431,-1.2244330644607544,0.00656554102897644,2.6959104537963867,0.10865355283021927,3.2322447299957275,0.17478995025157928,-1.9939289093017578
289,21.903000000000006,97,0.0,True,-2.1128835678100586,3.266552448272705,1.0496412515640259,-0.4806569814682007,2.6173601150512695,0.0006811458151787519,0.0,0.9994115829467773,0.012742213439196348,3.3994075059890747,1.407342553138733,2.6173601150512695,1.9983935356140137,-0.08360189944505692,8.441057205200195,6.0044050216674805,2.2758870124816895,3.387044668197632,1.4164541959762573,0.2289888858795166
290,5.549999999999882,450,0.0,False,-0.06586836278438568,0.021791748702526093,1.388866662979126,-0.056361354887485504,-0.06929603219032288,0.011772952391766012,0.087890625,0.9937760308384895,0.09715254046022892,1.221484549343586,0.6718238443136215,-0.06929603219032288,0.37200847268104553,-1.2726309299468994,2.2184982299804688,1.3014792203903198,0.8484399914741516,1.3707752227783203,0.6871463060379028,0.8077512979507446
291,5.549999999999919,450,0.0,False,0.47420182824134827,0.0487452931702137,1.196505069732666,0.4973779618740082,-0.10441339015960693,-0.005309579544700682,0.0390625,1.0089997574687004,0.08143679611384869,1.76811084151268,0.8605421558022499,-0.10441339015960693,0.45934852957725525,-2.10249924659729,1.6100363731384277,1.853349208831787,0.9775180220603943,1.9577627182006836,1.0175983905792236,0.7791816592216492
292,9.54999999999987,450,0.0,False,-1.3743882179260254,3.3238019943237305,1.2530269622802734,0.2862597405910492,0.11861450970172882,0.02781951066572219,0.20703125,0.9824685603380203,0.13124490343034267,1.5024668723344803,0.6157466992735863,0.11861450970172882,0.8470670580863953,-0.7837583422660828,5.3179473876953125,1.5562368631362915,1.1911664009094238,1.4376221895217896,0.5973873138427734,0.49430257081985474
293,21.621000000000016,379,0.0,True,-0.35408031940460205,1.2744337320327759,1.2105650901794434,0.2819259762763977,0.3548174798488617,0.02384167443960905,0.18299788236618042,0.994504451751709,0.202954130868117,3.0429672797520957,0.610767607887586,0.3548174798488617,1.6587365865707397,-1.2085082530975342,7.846009254455566,3.3077590465545654,1.8875759840011597,2.952941417694092,0.4943420886993408,0.22777122259140015
294,21.742999999999963,257,0.0,True,0.4760172367095947,0.3392375707626343,1.2043098211288452,0.6444317102432251,0.583747148513794,0.007971963472664356,0.009375,0.9934412121772767,0.04371257573366165,3.413433074951172,1.0761567592620849,0.583747148513794,1.623542308807373,-2.1476011276245117,6.657397270202637,3.8675897121429443,2.2238848209381104,3.2838430404663086,1.2436422109603882,0.4670301079750061
295,21.87999999999999,120,0.0,True,-2.2093281745910645,4.297627925872803,1.2014307975769043,-0.06171564385294914,2.196026563644409,-0.0022097595501691103,0.0,1.0024370551109314,0.02061895001679659,2.638787269592285,1.508333444595337,2.196026563644409,2.186957597732544,-1.5313996076583862,8.724756240844727,4.714669227600098,2.6929593086242676,2.5186426639556885,1.4652538299560547,0.3404904007911682
296,5.5499999999999385,450,0.0,False,0.8298407196998596,0.0009469089563935995,1.0881431102752686,0.829226016998291,-0.6558446288108826,0.03314462420530617,0.177734375,0.9845921918749809,0.1922878697514534,4.241890907287598,1.3110165446996689,-0.6558446288108826,0.548690915107727,-3.9180917739868164,1.153639793395996,4.096424102783203,1.3452355861663818,4.7522687911987305,1.486464023590088,0.8336362242698669
297,9.550000000000022,450,0.0,False,0.12487822771072388,0.039363354444503784,1.1212537288665771,0.1434386521577835,-0.17376671731472015,-0.003421533154323697,0.017578125,1.0067727789282799,0.07820053910836577,3.2853916585445404,1.442927598953247,-0.17376671731472015,1.0135695934295654,-2.5175280570983887,5.450079917907715,3.5605955123901367,1.5867218971252441,3.7343621253967285,1.6958599090576172,0.5919573903083801
298,9.549999999999978,450,0.0,False,-0.04846876114606857,0.11695484817028046,1.1334269046783447,0.008875235915184021,-0.23957501351833344,0.010847735800780356,0.060546875,0.9958114996552467,0.11336958874017,3.2814607322216034,1.3030414804816246,-0.23957501351833344,1.0412691831588745,-3.9377241134643555,5.172644138336182,3.410531759262085,1.441919207572937,3.650106906890869,1.4976164102554321,0.478512167930603
299,21.841000000000005,159,0.0,True,-1.3106149435043335,2.1565043926239014,1.1194661855697632,-0.2334822118282318,1.2709910869598389,0.0087333545088768,0.01075268785158793,0.9931080142656962,0.05634308482209841,3.9119948546091714,0.9263687133789062,1.2709910869598389,1.5221381187438965,-1.4278504848480225,6.7158708572387695,4.917084693908691,2.041980266571045,3.6460933685302734,0.894139289855957,0.44434529542922974
300,21.873000000000054,127,0.0,True,-1.2213455438613892,3.030093193054199,1.0570175647735596,0.29264402389526367,1.1636302471160889,0.005481783766299486,0.0,0.9950829148292542,0.03220931068062782,5.354050159454346,0.8794646263122559,1.1636302471160889,2.2781102657318115,-1.609131932258606,6.275859832763672,6.259374141693115,2.064896583557129,5.095743656158447,0.8565675020217896,-0.21717464923858643
301,5.549999999999863,450,0.0,False,0.25887376070022583,0.014923224225640297,1.2205238342285156,0.26511484384536743,-0.25549599528312683,-0.011323775514028966,0.0,1.0140475183725357,0.0601066795643419,2.1595931202173233,0.6778230592608452,-0.25549599528312683,0.64312744140625,-2.5837550163269043,2.5153512954711914,2.1494364738464355,0.9844565391540527,2.4049322605133057,0.6970565915107727,0.5732229948043823
302,21.737000000000016,263,0.0,True,0.5235335826873779,0.5673681497573853,1.0619285106658936,0.8061557412147522,0.24160249531269073,-0.00425446629524231,0.003125,1.0057933568954467,0.050458984822034834,5.142957496643066,1.1521592617034913,0.24160249531269073,1.3036372661590576,-2.0771219730377197,4.8760666847229,5.272256851196289,1.7112351655960083,5.030653953552246,1.1574546098709106,0.4196445941925049
303,5.549999999999868,450,0.0,False,0.24886921048164368,0.014532502740621567,1.2980518341064453,0.25483742356300354,-0.3718671500682831,0.008065497037023306,0.091796875,0.9972154200077057,0.09704367350786924,2.712618410587311,0.7442287355661392,-0.3718671500682831,0.46175602078437805,-2.186014413833618,2.3422839641571045,2.8830251693725586,1.1027377843856812,3.254892110824585,0.8690515756607056,0.8246601223945618
304,21.710000000000008,290,0.0,True,-0.9443486332893372,2.1116600036621094,1.1471084356307983,0.11033426225185394,0.5125558972358704,-0.0010090882889926434,0.0,1.002507472038269,0.05204559862613678,3.452199172973633,1.2844713926315308,0.5125558972358704,1.5642294883728027,-2.1301045417785645,6.712460041046143,3.616947650909424,1.8545676469802856,3.104391574859619,1.2218716144561768,0.2885971665382385
305,21.835999999999995,164,0.0,True,-0.4730275571346283,1.138222336769104,1.119375228881836,0.09496423602104187,0.8481747508049011,-0.0021824979533751807,0.0,1.002446174621582,0.020798192049066227,5.262178738911946,1.1354889074961345,0.8481747508049011,1.6717534065246582,-1.869530200958252,6.095905780792236,5.920167446136475,1.86138916015625,5.071992874145508,1.1409873962402344,0.1933780312538147
306,9.550000000000015,450,0.0,False,0.746573805809021,0.05768635869026184,1.2409815788269043,0.7741760015487671,-0.13848884403705597,-0.01569711253978312,0.30859375,1.032507985830307,0.15194215439260006,3.598941594362259,1.2786327749490738,-0.13848884403705597,1.0634878873825073,-2.2542195320129395,5.338772773742676,3.8321876525878906,1.6303499937057495,3.9706766605377197,1.546712875366211,0.5744962692260742
307,9.549999999999919,450,0.0,False,0.26907995343208313,0.00785875879228115,1.2490772008895874,0.2717602550983429,-0.15412208437919617,-0.00046642892993986607,0.216796875,1.0111855417490005,0.13958794344216585,3.0355381667613983,1.041595846414566,-0.15412208437919617,0.9013817310333252,-1.6223453283309937,5.879714012145996,3.261899471282959,1.5102450847625732,3.4160213470458984,1.2820221185684204,0.6437764167785645
308,21.882999999999996,117,0.0,True,-2.1729001998901367,4.428444862365723,1.1337225437164307,0.0401885099709034,1.7943525314331055,-0.0001931479200720787,0.0,1.0004513263702393,0.02217696700245142,4.673442840576172,1.0669353902339935,1.7943525314331055,2.039135217666626,-0.6748087406158447,8.561628341674805,6.3481292724609375,2.0381667613983154,4.553776741027832,1.0974456071853638,-0.0009505748748779297
309,9.550000000000189,450,0.0,False,-0.26651400327682495,0.536495566368103,1.1451373100280762,0.000588642549701035,-0.6258821487426758,0.015310734743252397,0.068359375,0.987468883395195,0.05506169656291604,5.438584506511688,0.7370828911662102,-0.6258821487426758,0.9905925989151001,-3.9110615253448486,3.606351375579834,5.163269519805908,0.7194783091545105,5.789151668548584,0.8842913508415222,-0.8956347703933716
310,21.888999999999996,111,0.0,True,-2.461958646774292,4.908048629760742,1.1902341842651367,-0.009124565869569778,2.2730064392089844,0.0012703212269116193,0.0,0.9990081787109375,0.023047951981425285,3.087656855583191,1.4844360947608948,2.2730064392089844,1.8231732845306396,-0.9118313789367676,7.696070671081543,5.382068157196045,2.48195743560791,3.1090617179870605,1.5122660398483276,0.4604058861732483
311,21.814000000000032,186,0.0,True,-0.5949896574020386,1.3019993305206299,1.052170753479004,0.054957836866378784,0.7292647957801819,0.005324488893772165,0.0,0.9961456457773844,0.05164176598191261,5.307624181111653,0.7686029672622681,0.7292647957801819,1.7247339487075806,-1.1876442432403564,5.549062728881836,5.791049957275391,1.5702321529388428,5.061784744262695,0.7640289664268494,-0.20647001266479492
312,21.582999999999963,417,0.0,True,0.09482958167791367,0.37250468134880066,1.2124630212783813,0.2798694372177124,0.11048798263072968,-0.0013602749843682563,0.08096591063908168,1.0064263343811035,0.09480853910957064,3.7495643411363875,1.3864585161209106,0.11048798263072968,1.1645545959472656,-1.6975910663604736,5.477648735046387,3.6341848373413086,1.9563933610916138,3.5236966609954834,1.3473856449127197,0.6456704139709473
313,21.554999999999943,445,0.0,True,-0.02148812636733055,1.5226199626922607,1.1630545854568481,0.7386587858200073,-0.06166907399892807,0.02434250260038035,0.1567988864013127,0.9876795155661446,0.1598172773207937,4.150241647447858,0.896044203213283,-0.06166907399892807,1.554917573928833,-2.2990622520446777,8.521638870239258,4.2354326248168945,1.8011120557785034,4.297101974487305,1.0159707069396973,0.2546963691711426
314,21.906000000000013,94,0.0,True,-2.3329689502716064,4.6578240394592285,1.040629267692566,-0.005097559653222561,2.26916766166687,-0.0011422188254073262,0.0,1.0012141466140747,0.011485051363706589,5.2730958461761475,1.1195685863494873,2.26916766166687,2.0438408851623535,-0.544109582901001,6.8700666427612305,7.485610485076904,2.2358837127685547,5.216443061828613,1.1724365949630737,0.1644049882888794
315,5.54999999999987,450,0.0,False,0.5772732496261597,0.0007730398792773485,1.2058253288269043,0.5764539837837219,-0.4266839027404785,0.0008176944684237242,0.0078125,1.0001532509922981,0.039286001585423946,2.8962241411209106,0.8074503913521767,-0.4266839027404785,0.41711750626564026,-1.7229125499725342,2.1037096977233887,3.0202343463897705,1.1494879722595215,3.44691801071167,0.9418848752975464,0.868323564529419
316,21.585999999999913,414,0.0,True,-0.512107789516449,0.8508968353271484,1.1329771280288696,-0.08779235184192657,0.20854617655277252,0.005634660175668874,0.09851190501025744,1.00514440877097,0.14010887699467794,3.117262397493635,1.0706972479820251,0.20854617655277252,1.3090468645095825,-1.7088520526885986,5.934818267822266,3.0710699558258057,1.9520103931427002,2.8625240325927734,0.9323697686195374,0.5502759218215942
317,5.54999999999987,450,0.0,False,-0.15114519000053406,0.2931377589702606,1.2807395458221436,-0.0058570499531924725,-0.5314226150512695,0.010585110867395997,0.060546875,0.9940642416477203,0.09002993535250425,3.1018471121788025,1.1172760725021362,-0.5314226150512695,0.6651010513305664,-3.0269665718078613,1.1847660541534424,3.2074735164642334,1.230162501335144,3.738896369934082,1.338369369506836,0.7076855897903442
318,21.853,147,0.0,True,-1.446586012840271,1.8579118251800537,1.0124744176864624,-0.5186426043510437,1.364039659500122,0.015107549726963043,0.0,0.9866135120391846,0.05019542574882507,4.538711229960124,1.6609747012456257,1.364039659500122,1.506557822227478,-2.064098596572876,6.811374664306641,5.69404411315918,2.2150866985321045,4.330005168914795,1.5916621685028076,0.5374165773391724
319,21.660999999999973,339,0.0,True,-0.3282308280467987,0.7958865761756897,1.0716966390609741,0.06864076107740402,0.2749119997024536,0.0036630433363219104,0.04523026322325071,0.9995901981989542,0.07682483146588008,3.938901424407959,1.842785358428955,0.2749119997024536,1.3136682510375977,-1.33259117603302,6.309700012207031,3.7410480976104736,2.291890859603882,3.4661362171173096,1.7011739015579224,0.6714634895324707
320,21.85500000000001,145,0.0,True,-0.8700107336044312,1.1569712162017822,0.9947351813316345,-0.29251986742019653,0.6747460961341858,0.0011517805978655815,0.0,0.9990134437878927,0.015762748507161934,6.5917487144470215,1.2273309230804443,0.6747460961341858,1.2865078449249268,-0.7696230411529541,4.707375526428223,7.060508728027344,1.7590678930282593,6.385762691497803,1.2858165502548218,0.46511590480804443
321,21.85799999999999,142,0.0,True,-0.9742968678474426,1.3815796375274658,1.1804113388061523,-0.28468745946884155,1.307615876197815,-0.0017503872513771057,0.0,1.0021279851595561,0.026091440270344417,4.365805943806966,1.4543991486231487,1.307615876197815,1.8059190511703491,-0.6773020029067993,6.936174392700195,5.5962066650390625,2.2450509071350098,4.288590908050537,1.4465450048446655,0.35294049978256226
322,21.57399999999991,426,0.0,True,0.0996987521648407,0.7462781667709351,1.1064351797103882,0.47173139452934265,-0.13962803781032562,0.003972152181501899,0.009034864072288786,1.0023484059742518,0.10836731855358396,4.217035395758493,1.3880791834422521,-0.13962803781032562,1.2529534101486206,-2.374065399169922,5.556232452392578,4.236296653747559,2.0237300395965576,4.375924587249756,1.3521102666854858,0.6166771650314331
323,9.549999999999928,450,0.0,False,1.2177278995513916,0.44045546650886536,1.2219520807266235,1.4367337226867676,-0.22581276297569275,-0.005209261900745332,0.01953125,1.007816106081009,0.07180865993723273,3.722397357225418,1.5128235667943954,-0.22581276297569275,1.0955023765563965,-2.0957651138305664,6.834755897521973,3.8646974563598633,1.8328675031661987,4.090510368347168,1.7400530576705933,0.6427563428878784
324,21.66399999999999,336,0.0,True,0.18968915939331055,1.446231722831726,1.0836347341537476,0.911721408367157,-0.22250689566135406,-0.005239546609421571,0.0625,1.0103185574213664,0.10161927963296573,5.703287998835246,1.2491639057795207,-0.22250689566135406,1.5502501726150513,-2.0105369091033936,6.752269744873047,5.921555995941162,1.6557071208953857,6.144063472747803,1.346105694770813,0.12332916259765625
325,21.912000000000013,88,0.0,True,-1.5626734495162964,1.7021541595458984,1.044808268547058,-0.712641179561615,1.7348690032958984,0.0071249911561608315,0.0,0.9944136738777161,0.05189979448914528,7.047633171081543,1.4664345979690552,1.7348690032958984,1.3642445802688599,-0.6256500482559204,5.190807819366455,8.655247688293457,1.349135160446167,6.920379161834717,1.478103518486023,-0.022524118423461914
326,5.549999999999862,450,0.0,False,0.00396844744682312,0.15972858667373657,1.178621768951416,0.08265411853790283,-0.5037776231765747,0.004568974953144789,0.11328125,1.003736451268196,0.11596716893836856,3.523364782333374,0.7119612619280815,-0.5037776231765747,0.5789059996604919,-3.2752981185913086,1.3021044731140137,3.6671926975250244,1.024092674255371,4.170970439910889,0.8820043802261353,0.6804509162902832
327,21.780999999999985,219,0.0,True,-0.39272576570510864,0.7070460319519043,1.125726342201233,-0.04032847657799721,0.6048182845115662,0.0028688169550150633,0.013165509328246117,0.9985988140106201,0.050135827623307705,4.543858885765076,2.1293965876102448,0.6048182845115662,1.6733520030975342,-2.224674940109253,7.268942356109619,4.836102485656738,2.5162513256073,4.231284141540527,2.0543127059936523,0.5577512979507446
328,21.853999999999992,146,0.0,True,-0.6751757860183716,1.2056313753128052,0.9718388319015503,-0.07333193719387054,0.7427282333374023,0.002972775798601409,0.0,0.9974446892738342,0.027801254764199257,6.960899353027344,1.641399582227071,0.7427282333374023,1.4556962251663208,-1.1910340785980225,5.182687759399414,7.310831069946289,2.096050500869751,6.568102836608887,1.6735764741897583,0.5176769495010376
329,21.869000000000014,131,0.0,True,-0.6988282203674316,0.5992211103439331,1.1021040678024292,-0.40031975507736206,1.169786810874939,0.023662779480218887,0.0,0.9777429302533468,0.032691629603505135,6.135687033335368,2.0664206743240356,1.169786810874939,1.531078815460205,-1.1250057220458984,6.091456413269043,6.961248874664307,1.9299101829528809,5.791461944580078,1.9469215869903564,0.37060844898223877
330,21.677000000000014,323,0.0,True,-0.08409415185451508,0.36562567949295044,1.1725293397903442,0.09754616022109985,-0.24065864086151123,0.01887443537513415,0.049479166666666664,0.9864979982376099,0.0927666195978721,6.444934050242106,1.2776482179760933,-0.24065864086151123,1.2384381294250488,-2.0011041164398193,5.986221790313721,6.377224922180176,1.6739962100982666,6.617883682250977,1.4335119724273682,0.4526820182800293
331,21.78699999999997,213,0.0,True,-0.7235342264175415,2.208289861679077,1.0316216945648193,0.379579097032547,0.17762690782546997,0.016518440563231707,0.0234375,0.9868334978818893,0.07761753257364035,6.513422727584839,1.448517769575119,0.17762690782546997,1.604217290878296,-2.111687660217285,7.33505916595459,6.620607852935791,2.205817699432373,6.442981243133545,1.4483691453933716,0.4710833430290222
332,21.59799999999995,402,0.0,True,0.34142813086509705,0.6301039457321167,1.1526305675506592,0.6553274393081665,-0.45332327485084534,0.05487269030085632,0.633680556501661,0.9806545717375619,0.26942802539893557,6.01014518737793,1.5054265090397425,-0.45332327485084534,1.0314491987228394,-2.203559637069702,5.655519485473633,6.086413383483887,1.8376171588897705,6.539736270904541,1.5083506107330322,0.6849455833435059
333,21.67200000000004,328,0.0,True,-0.6974237561225891,1.3478401899337769,1.1639316082000732,-0.024667592719197273,-0.2207280546426773,-0.00149186576406161,0.08333333333333333,1.0068825781345367,0.0987817719578743,5.9182182153066,1.8051171898841858,-0.2207280546426773,1.3915438652038574,-2.5963964462280273,5.714312553405762,6.064971923828125,1.9630364179611206,6.285699367523193,1.9850139617919922,0.49749886989593506
334,21.654999999999987,345,0.0,True,-0.02549877017736435,0.6981270909309387,1.1778677701950073,0.32238689064979553,-0.03853653743863106,0.0002962881699204445,0.046354164679845176,1.0052178303400676,0.08986918752392133,4.785661617914836,1.6998752156893413,-0.03853653743863106,1.2473211288452148,-1.7320724725723267,4.813211441040039,4.746908187866211,2.2056024074554443,4.785445213317871,1.7992645502090454,0.6801825761795044
335,21.758,242,0.0,True,-0.1808643937110901,1.1180552244186401,1.109099268913269,0.3770541250705719,0.0883631706237793,0.005811021896079183,0.012812499888241291,0.9970416575670242,0.07255412638187408,6.176650285720825,1.1964482963085175,0.0883631706237793,1.3679299354553223,-2.302478313446045,4.314359188079834,6.20718240737915,1.8144259452819824,6.118819713592529,1.2520017623901367,0.4316062927246094
336,21.69900000000004,301,0.0,True,-0.060609638690948486,0.6703115701675415,1.1643394231796265,0.2733817994594574,0.055928681045770645,-0.0007577866315841674,0.0704166680574417,1.0073892712593078,0.11208328604698181,5.230732059478759,1.5086854696273804,0.055928681045770645,1.2549115419387817,-1.5012495517730713,5.5492472648620605,5.28114128112793,1.8656080961227417,5.225212574005127,1.6008063554763794,0.5475345849990845
337,21.715999999999973,284,0.0,True,-0.48354971408843994,1.4028513431549072,1.131365418434143,0.2167445868253708,0.2922940254211426,0.0008234098553657532,0.02366071492433548,1.0019070148468017,0.07155570462346077,4.700142574310303,1.0330275535583495,0.2922940254211426,1.4924414157867432,-1.5177195072174072,6.104576587677002,4.815723419189453,1.9548184871673584,4.523429870605469,1.0533106327056885,0.417116641998291
338,21.705999999999953,294,0.0,True,0.14364387094974518,0.5988472700119019,1.1145392656326294,0.4419529438018799,0.05514178052544594,0.005099870357662439,0.008388157933950424,0.9972978115081788,0.06374490708112716,5.30117244720459,1.670860481262207,0.05514178052544594,1.250770092010498,-1.7316619157791138,5.327310562133789,5.242927551269531,2.2649362087249756,5.187786102294922,1.6185779571533203,0.6950398683547974
339,-0.45000000000000034,450,0.0,False,1.5461299419403076,0.03233775123953819,1.1915278434753418,1.5611072778701782,-1.2604656219482422,0.06456776824779809,0.396484375,0.9679462611675262,0.25749647431075573,6.359408378601074,0.26866506040096283,-1.2604656219482422,0.3794538974761963,-2.1595892906188965,0.1543511152267456,6.4843525886535645,0.24984955787658691,7.74481725692749,0.3533168137073517,-1.306539535522461
340,21.608999999999916,391,0.0,True,0.7337822318077087,0.15439143776893616,1.1886528730392456,0.8097892999649048,-0.4077582359313965,-0.004138102754950523,0.024872449891907827,1.006809685911451,0.06378466955253057,5.632246971130371,0.9437108550752912,-0.4077582359313965,1.231608510017395,-3.5445289611816406,6.013693809509277,5.786595344543457,1.6696803569793701,6.1943535804748535,0.9673734307289124,0.45590001344680786
341,9.54999999999987,450,0.0,False,-0.16376471519470215,0.9705631136894226,1.1835618019104004,0.3203332722187042,-0.40691977739334106,-0.004579819506034255,0.0,1.005490466952324,0.039610216626897454,4.1847124099731445,0.7324039116501808,-0.40691977739334106,1.1929837465286255,-3.1182994842529297,6.508542537689209,4.465755462646484,1.3575481176376343,4.872674942016602,0.8276222944259644,0.22774869203567505
342,21.933000000000007,67,0.0,True,-4.251150131225586,9.121874809265137,0.9746736884117126,0.30881258845329285,3.1070313453674316,0.002748092170804739,0.0,0.9973529577255249,0.011946319369599223,6.311200141906738,0.9458001255989075,3.1070313453674316,2.085296630859375,0.06142887473106384,7.580904006958008,8.877219200134277,2.229177236557007,5.770186424255371,1.0709213018417358,0.12492257356643677
343,21.66300000000004,337,0.0,True,-0.028708120808005333,0.8451165556907654,1.0489501953125,0.3928011953830719,-0.08125977218151093,0.012724685172239939,0.058057598769664764,0.9917927881081899,0.08926680311560631,5.6456771691640215,1.3308327595392864,-0.08125977218151093,1.3699649572372437,-2.8394901752471924,5.513538360595703,5.5365777015686035,1.5747871398925781,5.617837429046631,1.3072690963745117,0.2432103157043457
344,9.550000000000017,450,0.0,False,0.5858637094497681,0.017951510846614838,1.3122210502624512,0.5935272574424744,-0.15820516645908356,0.00528959312941879,0.021484375,0.9962348863482475,0.052784524857997894,3.5940675735473633,0.9436677545309067,-0.15820516645908356,1.0651286840438843,-2.285264253616333,5.472484588623047,3.8251826763153076,1.272308588027954,3.9833877086639404,1.0751066207885742,0.2991594076156616
345,21.874000000000038,126,0.0,True,-1.3868329524993896,2.2398111820220947,1.0218498706817627,-0.2679492235183716,1.2741001844406128,0.0007311609806492925,0.0,0.9994722008705139,0.01960099907591939,5.883439540863037,0.5494000315666199,1.2741001844406128,1.832737684249878,-1.2560358047485352,5.572695255279541,7.093530654907227,2.1541690826416016,5.819430351257324,0.5469517111778259,0.2761625647544861
346,21.632999999999996,367,0.0,True,-0.1566423624753952,0.7332583069801331,1.1465014219284058,0.2088402956724167,0.1533704400062561,0.006405085946122806,0.018450797845919926,0.9960393706957499,0.06731389090418816,4.27774453163147,1.1978779633839924,0.1533704400062561,1.3157494068145752,-1.462569236755371,5.774194717407227,4.296930313110352,1.9651494026184082,4.143559455871582,1.117775559425354,0.5517139434814453
347,5.549999999999873,450,0.0,False,0.3554095923900604,0.030734719708561897,1.3336610794067383,0.36944329738616943,-0.5311329364776611,0.017648470122367144,0.177734375,1.001943089067936,0.2001434564590454,3.598041385412216,0.4352780878543854,-0.5311329364776611,0.6279624700546265,-2.225567102432251,1.4897199869155884,3.7971441745758057,0.7111653089523315,4.328277111053467,0.5144652128219604,0.22030234336853027
348,21.730999999999934,269,0.0,True,-0.774418294429779,1.5985249280929565,1.1391503810882568,0.023705018684267998,0.4153633117675781,-0.003313000127673149,0.18100961595773696,1.014536488056183,0.14023052603006364,4.743136024475097,1.3442599058151246,0.4153633117675781,1.5597906112670898,-3.1605958938598633,6.776188850402832,4.617456912994385,2.4834070205688477,4.202093601226807,1.2547420263290405,0.6055092811584473
349,21.870000000000005,130,0.0,True,-0.7620140314102173,0.35345423221588135,1.0942000150680542,-0.5863811373710632,1.3765435218811035,0.00039181672036647797,0.0,1.0000011523564656,0.02593347057700157,6.0887370109558105,1.325789252916972,1.3765435218811035,1.4917305707931519,-0.8833696842193604,6.882397651672363,6.74423360824585,2.052121162414551,5.367690086364746,1.5996301174163818,0.4715854525566101
350,5.5499999999998755,450,0.0,False,0.19452404975891113,0.25367340445518494,1.3666698932647705,0.31999409198760986,-0.5647037029266357,0.002474152250215411,0.185546875,1.0080350041389465,0.14151114225387573,4.134240984916687,0.6246951892971992,-0.5647037029266357,0.8430396914482117,-3.4082438945770264,2.5520057678222656,4.255390644073486,0.8431872725486755,4.820094585418701,0.7448268532752991,0.00034987926483154297
351,21.879,121,0.0,True,-1.859717845916748,3.4677021503448486,1.0987516641616821,-0.12696552276611328,1.3579448461532593,-0.0028858198784291744,0.0,1.0032598972320557,0.02676026988774538,5.8005125522613525,1.7038609385490417,1.3579448461532593,1.64872407913208,-0.44599124789237976,7.003722667694092,7.042805194854736,2.027359962463379,5.684860706329346,1.6910557746887207,0.33864545822143555
352,-0.45000000000000034,450,0.0,False,0.9366807341575623,0.040219008922576904,1.102568507194519,0.9556876420974731,-0.7531653046607971,0.004253486404195428,0.0625,1.0034122243523598,0.1256813150830567,3.765633374452591,0.24072450958192348,-0.7531653046607971,0.25564366579055786,-1.9467062950134277,-0.04406166076660156,3.711601972579956,0.09785491973161697,4.4647674560546875,0.25136250257492065,-5.82502555847168
353,-0.45000000000000034,450,0.0,False,0.45539432764053345,0.012589098885655403,1.2880275249481201,0.46040084958076477,-0.5793724656105042,0.0051496452651917934,0.080078125,1.0009604394435883,0.10901820473372936,2.626259207725525,0.1554229874163866,-0.5793724656105042,0.22235794365406036,-1.679213285446167,-0.03336811065673828,2.8125016689300537,0.06383201479911804,3.391874074935913,0.21773046255111694,-11.13464641571045
354,21.692999999999934,307,0.0,True,-0.44639021158218384,1.12740159034729,1.2490665912628174,0.11606151610612869,0.33441072702407837,0.0050637848675251,0.015625,0.997298288345337,0.06307756528258324,4.163948965072632,1.3629974365234374,0.33441072702407837,1.4363949298858643,-2.5924339294433594,6.378089427947998,4.126673221588135,2.312061309814453,3.792262554168701,1.3113093376159668,0.6140339970588684
355,21.600999999999935,399,0.0,True,0.28218671679496765,0.2995759844779968,1.2429357767105103,0.43073177337646484,-0.1013883501291275,0.0034393008931406905,0.23556547718388693,1.0066562720707484,0.13663860091141292,4.694666385650635,1.5587966101510184,-0.1013883501291275,1.1853245496749878,-2.0688869953155518,5.594422340393066,4.7629313468933105,2.0417466163635254,4.864320278167725,1.5357389450073242,0.6629681587219238
356,21.81900000000003,181,0.0,True,-0.17207224667072296,0.8689894676208496,1.0859137773513794,0.2613365948200226,0.11203336715698242,0.0010804836250220735,0.0,0.9993068178494772,0.02730550616979599,7.857751528422038,1.2347100178400676,0.11203336715698242,1.2763680219650269,-1.6667125225067139,4.849149227142334,7.868078231811523,1.3652479648590088,7.756044387817383,1.3532060384750366,0.1259651780128479
357,5.550000000000001,450,0.0,False,1.0042599439620972,0.036648161709308624,1.230972170829773,1.0213531255722046,-0.8565237522125244,0.015903550432994962,0.208984375,1.0036457553505898,0.20147672574967146,5.593839049339294,0.3303209953010082,-0.8565237522125244,0.7033071517944336,-1.8105146884918213,3.4643630981445312,5.664929389953613,0.8888569474220276,6.521453380584717,0.31552067399024963,0.3739250898361206
358,5.549999999999872,450,0.0,False,0.47019216418266296,0.00010065001697512344,1.3134770393371582,0.4689290225505829,-0.491866797208786,-0.003590649925172329,0.08203125,1.0079030767083168,0.08285372448153794,3.642020523548126,0.5249723866581917,-0.491866797208786,0.5678759813308716,-1.874522089958191,2.170966625213623,3.7772445678710938,0.7259270548820496,4.269111156463623,0.6101115942001343,0.3880428075790405
359,21.818000000000005,182,0.0,True,-0.9390061497688293,1.2960729598999023,1.2068032026290894,-0.2921764850616455,0.9666023254394531,0.0004766936569164197,0.0,1.0011077920595806,0.05437333509325981,4.4191521008809405,1.2435332934061687,0.9666023254394531,1.4791182279586792,-0.6679360270500183,5.64444637298584,5.153040885925293,2.045151710510254,4.186438083648682,1.2133114337921143,0.4769360423088074
360,5.5499999999998995,450,0.0,False,0.4119817614555359,0.06318289041519165,1.3236076831817627,0.442249596118927,-0.6597145199775696,0.009949450730346143,0.01953125,0.9915091916918755,0.0443551130592823,4.711351573467255,0.5951437130570412,-0.6597145199775696,0.48679882287979126,-1.9157991409301758,1.8029276132583618,4.543906211853027,0.8287792205810547,5.203620433807373,0.6005503535270691,0.654998242855072
361,21.659999999999968,340,0.0,True,-0.4631775915622711,0.9314653277397156,1.1827658414840698,0.0013723063748329878,0.3196297287940979,-0.005670528393238783,0.08333333333333333,1.012269119421641,0.10393263213336468,3.7661757469177246,1.3113223910331726,0.3196297287940979,1.3782914876937866,-2.302520513534546,5.787096977233887,3.851121664047241,2.009422779083252,3.531491994857788,1.262843370437622,0.5295218825340271
362,5.549999999999894,450,0.0,False,0.6146883368492126,0.005867878906428814,1.3552744388580322,0.6162669658660889,-0.48915258049964905,0.016558211878873408,0.25,0.9957838207483292,0.1482904739677906,3.2975795567035675,0.457274217158556,-0.48915258049964905,0.5042056441307068,-1.6577210426330566,1.484917402267456,3.3727664947509766,0.6522365808486938,3.8619189262390137,0.5586717128753662,0.40240758657455444
363,21.592999999999975,407,0.0,True,-0.3106614649295807,0.7126994132995605,1.2623777389526367,0.04442586377263069,0.10548706352710724,0.003313443490437099,0.10267857142857142,1.0032492194856917,0.1147677909050669,4.014505726950509,1.4848301921572005,0.10548706352710724,1.2333601713180542,-2.320977210998535,5.847445011138916,3.9992597103118896,2.002821207046509,3.8937723636627197,1.5180686712265015,0.6207762956619263
364,21.66299999999992,337,0.0,True,0.5379499793052673,0.3317857086658478,1.2645212411880493,0.7025783061981201,0.12052753567695618,0.016347101734330256,0.13219975493848324,0.9896615644296011,0.10587992891669273,4.4272514184316,0.7853001356124878,0.12052753567695618,1.5561003684997559,-2.655679225921631,6.9443254470825195,4.5037102699279785,1.984419822692871,4.383182525634766,0.7719323039054871,0.38509494066238403
365,5.549999999999876,450,0.0,False,0.5424848794937134,3.489713344606571e-05,1.335559368133545,0.5411667823791504,-0.37358996272087097,-0.006132177193649113,0.017578125,1.0092571452260017,0.06754723051562905,2.8416342437267303,0.5186265185475349,-0.37358996272087097,0.5066401362419128,-2.1529412269592285,1.9459667205810547,2.940005302429199,0.8846641778945923,3.3135948181152344,0.5453094840049744,0.6720238327980042
366,21.64500000000004,355,0.0,True,0.2615501582622528,0.5395519137382507,1.1230063438415527,0.530203104019165,0.05373415723443031,0.0009513685945421457,0.0,0.9995178878307343,0.02886083722114563,4.7129833698272705,1.5382646322250366,0.05373415723443031,1.3466919660568237,-2.4324469566345215,5.019702434539795,4.714816570281982,1.8806703090667725,4.6610822677612305,1.5753000974655151,0.4872434735298157
367,21.626000000000104,374,0.0,True,0.13106267154216766,0.782431423664093,1.1194086074829102,0.5211589336395264,-0.2505517899990082,0.0004455004818737507,0.03366126616795858,1.002146303653717,0.06668677739799023,5.736350854237874,0.9117850859959921,-0.2505517899990082,1.1796112060546875,-1.78885817527771,4.873711109161377,5.828446388244629,1.3371442556381226,6.07899808883667,1.093485713005066,0.2217463254928589
368,5.549999999999915,450,0.0,False,-0.5158314108848572,0.5225245952606201,1.3437998294830322,-0.2559128999710083,-0.3875371515750885,0.0051448141457512975,0.009765625,0.9975291714072227,0.06611916981637478,2.8606540262699127,0.8005953505635262,-0.3875371515750885,0.6068302392959595,-2.293419361114502,2.4694414138793945,3.111154079437256,1.02381432056427,3.4986913204193115,0.9966167211532593,0.648688793182373
369,21.891000000000005,109,0.0,True,-1.1202583312988281,1.1746246814727783,1.0209676027297974,-0.5339669585227966,1.759830117225647,0.0011529143084771931,0.0,0.9990774393081665,0.02104044146835804,5.395601272583008,1.4676414728164673,1.759830117225647,1.5813500881195068,-0.3158189356327057,6.361299514770508,7.003500938415527,1.9531536102294922,5.24367094039917,1.4982093572616577,0.34448403120040894
370,21.759999999999977,240,0.0,True,-0.36396241188049316,1.1689331531524658,1.1336452960968018,0.2193705141544342,0.5624545216560364,0.0013962889788672328,0.0,0.9990265071392059,0.028247357346117496,4.502592086791992,1.2328791618347168,0.5624545216560364,1.780837059020996,-2.147648811340332,7.1122517585754395,4.694673538208008,2.2437727451324463,4.132218837738037,1.2027994394302368,0.3700724244117737
371,21.690000000000065,310,0.0,True,0.15651874244213104,1.0095151662826538,0.9716849327087402,0.6603046655654907,-0.14587274193763733,0.013830568268895149,0.08333333432674409,0.9926883101463317,0.11208154410123825,6.6234331130981445,1.414460039138794,-0.14587274193763733,1.6040043830871582,-1.5967576503753662,7.262213706970215,6.42957067489624,1.9264880418777466,6.575443267822266,1.4247030019760132,0.3067682385444641
372,21.578999999999915,421,0.0,True,-0.05405307561159134,1.0808600187301636,1.1106022596359253,0.4852663278579712,-0.059615787118673325,0.0012037819251418114,0.026785714285714284,1.001738624913352,0.07569446308272225,4.139410529817853,1.079106228692191,-0.059615787118673325,1.496284008026123,-2.9342293739318848,8.472724914550781,4.300253868103027,1.9492591619491577,4.359869480133057,1.1825907230377197,0.41076451539993286
373,21.878000000000007,122,0.0,True,-0.9944980144500732,1.2116891145706177,0.9407817125320435,-0.3895942270755768,1.1504255533218384,0.0008268923411378637,0.0,0.9991947114467621,0.0064678615890443325,6.26106595993042,1.243551790714264,1.1504255533218384,1.3306185007095337,-0.8748967051506042,5.875933647155762,7.282992362976074,1.696655511856079,6.132566928863525,1.232467532157898,0.38493674993515015
374,21.800000000000015,200,0.0,True,-0.22203996777534485,1.3058292865753174,1.0636130571365356,0.4298110604286194,0.49010589718818665,-0.0018544774502515793,0.0,1.0019798576831818,0.014581161551177502,6.155020833015442,1.595923274755478,0.49010589718818665,1.3026407957077026,-2.253089427947998,6.190251350402832,6.180319309234619,1.9249917268753052,5.690212726593018,1.615267038345337,0.5420778393745422
375,21.853999999999978,146,0.0,True,-0.6606249809265137,2.0423808097839355,1.036705732345581,0.35952872037887573,0.7899259328842163,0.0027869376353919506,0.0,0.997392455736796,0.01783494216700395,6.406467437744141,1.2507224480311077,0.7899259328842163,2.19722318649292,-1.7940765619277954,7.556907653808594,7.02843713760376,2.1058270931243896,6.238511562347412,1.2215933799743652,-0.08868670463562012
376,21.671999999999958,328,0.0,True,0.024045564234256744,0.2377009093761444,1.0512925386428833,0.1418447345495224,-0.032142434269189835,-0.0004875659942626953,0.015625,1.0033031304677327,0.06899279293914636,5.453891277313232,1.6791311502456665,-0.032142434269189835,1.222684621810913,-3.4937238693237305,6.016919136047363,5.259350776672363,2.1074869632720947,5.2914934158325195,1.602977991104126,0.6634116172790527
377,21.751999999999946,248,0.0,True,-0.318277508020401,1.48775315284729,1.2553234100341797,0.4243437349796295,0.3561303913593292,0.001965506933629513,0.1004464328289032,1.0036540925502777,0.10165445506572723,4.692642569541931,1.285200595855713,0.3561303913593292,1.835228443145752,-2.5215749740600586,9.31943130493164,4.927713394165039,2.3648693561553955,4.571583271026611,1.314777135848999,0.39776498079299927
378,5.549999999999936,450,0.0,False,0.8284814357757568,0.0022180555388331413,1.2375996112823486,0.8283528685569763,-0.6431796550750732,0.016102348919957876,0.1953125,0.996769092977047,0.1551928697153926,4.224992990493774,0.8920599222183228,-0.6431796550750732,0.4562547206878662,-1.603294014930725,1.5260392427444458,4.390354156494141,0.9923655390739441,5.033534049987793,0.9991467595100403,0.7886163592338562
379,21.80099999999998,199,0.0,True,-0.4572864770889282,0.6966010928153992,0.9289913773536682,-0.10991492122411728,0.3360549211502075,0.009300182107836008,0.01171875,0.9919097572565079,0.045474751852452755,6.344168066978455,1.1410980820655823,0.3360549211502075,1.4647084474563599,-2.0303220748901367,5.202218055725098,6.302407264709473,1.9258304834365845,5.966352462768555,1.0161765813827515,0.42154955863952637
380,21.680999999999976,319,0.0,True,0.07607153058052063,0.7475727200508118,1.1122732162475586,0.44874560832977295,-0.13044297695159912,0.0041899153031408785,0.1319444477558136,1.005008864402771,0.1429571270942688,5.657732582092285,1.6600058794021606,-0.13044297695159912,1.1578595638275146,-1.8883521556854248,5.714422702789307,5.6196184158325195,2.0410375595092773,5.750061988830566,1.6669342517852783,0.6781823635101318
381,21.901000000000018,99,0.0,True,-1.5104838609695435,2.2019588947296143,0.9290114045143127,-0.41043341159820557,1.7422165870666504,0.0006619434570893645,0.0,0.9994814693927765,0.016267369501292706,6.87804102897644,1.460750937461853,1.7422165870666504,1.9198659658432007,-0.8291388750076294,6.702967166900635,8.522883415222168,2.235940456390381,6.780666828155518,1.4486624002456665,0.2627388834953308
382,21.687999999999924,312,0.0,True,0.0467211976647377,1.0345549583435059,1.144015908241272,0.5628547072410583,0.02945711649954319,0.0033775396645069123,0.0,0.997290289402008,0.03419003635644913,5.0226037979125975,1.407993769645691,0.02945711649954319,1.5504742860794067,-2.8750181198120117,7.59059476852417,4.96562385559082,2.2654411792755127,4.936166763305664,1.381572961807251,0.5315927267074585
383,21.787999999999954,212,0.0,True,0.035705115646123886,0.36679163575172424,1.0772408246994019,0.21802370250225067,0.025356419384479523,0.008552748593501747,0.016406250186264515,0.9941774606704712,0.07115406077355146,6.895809173583984,1.477319985628128,0.025356419384479523,1.3374171257019043,-2.535202741622925,5.22759485244751,6.868009090423584,2.3080503940582275,6.842653274536133,1.400528907775879,0.6642289757728577
384,21.613999999999983,386,0.0,True,0.5553793907165527,0.01551157608628273,0.9693124890327454,0.5621659159660339,-0.24778307974338531,0.00564646374966417,0.020089285714285716,0.9962813854217529,0.05953922761338098,5.33951084954398,1.910516347203936,-0.24778307974338531,1.2094134092330933,-3.120112895965576,6.276386737823486,5.34988260269165,2.1765496730804443,5.597666263580322,1.9632915258407593,0.6912461519241333
385,-0.45000000000000034,450,0.0,False,1.024903416633606,0.032381895929574966,0.8360271453857422,1.0402584075927734,-0.9731236696243286,0.0034258991945534945,0.060546875,1.0086963400244713,0.16499626729637384,4.87954568862915,0.15693073254078627,-0.9731236696243286,0.19350357353687286,-1.440847635269165,-0.06003427505493164,4.94233512878418,0.12080683559179306,5.915459156036377,0.14052622020244598,-1.56563401222229
386,21.805999999999973,194,0.0,True,-0.6250571608543396,0.0627763569355011,1.0651658773422241,-0.5947341918945312,0.6511791348457336,0.0001706746406853199,0.0,0.9999581724405289,0.014800927136093378,4.665968656539917,1.497534841299057,0.6511791348457336,1.6390131711959839,-2.8368101119995117,5.957152843475342,5.174241542816162,2.500056028366089,4.523062229156494,1.552056074142456,0.57020103931427
387,21.901999999999987,98,0.0,True,-2.0418715476989746,3.072096347808838,1.0825541019439697,-0.5069059133529663,1.9702917337417603,7.36855436116457e-05,0.0,1.0003827214241028,0.029517452232539654,5.090181827545166,1.5885758996009827,1.9702917337417603,1.9496084451675415,-0.7141863107681274,8.295711517333984,6.867321968078613,2.6303493976593018,4.897030353546143,1.561669111251831,0.4506261944770813
388,21.75099999999997,249,0.0,True,0.21343885362148285,0.7870628833770752,0.9543040990829468,0.6060159802436829,-0.18424959480762482,0.006375744938850403,0.058525219559669495,0.9972601681947708,0.08096903190016747,6.9422749280929565,1.269032746553421,-0.18424959480762482,1.2423261404037476,-2.2879719734191895,4.893217086791992,6.670533657073975,1.8576689958572388,6.854782581329346,1.2477461099624634,0.5527662038803101
389,5.549999999999887,450,0.0,False,0.478848397731781,0.12968792021274567,1.191504716873169,0.5425008535385132,-0.6149722337722778,0.03267466789111495,0.21484375,0.9806417599320412,0.15585090965032578,4.075183480978012,0.8284492567181587,-0.6149722337722778,0.5718785524368286,-2.873781204223633,1.9271208047866821,4.097583293914795,1.082270622253418,4.712555408477783,0.9547851085662842,0.7207868099212646
390,9.549999999999955,450,0.0,False,0.528152346611023,0.014861216768622398,1.2350211143493652,0.5343479514122009,-0.27609217166900635,-0.0016077819745987654,0.11328125,1.0106050968170166,0.11361043155193329,4.115665435791016,0.4678027518093586,-0.27609217166900635,1.2016853094100952,-3.8804218769073486,6.507009506225586,4.294177532196045,1.204429268836975,4.5702691078186035,0.5679839849472046,0.004551291465759277
391,21.882000000000033,118,0.0,True,-0.8378298282623291,1.5362601280212402,0.9656857252120972,-0.07066544890403748,1.1106324195861816,0.0033560055308043957,0.0,0.9972322881221771,0.031765107065439224,7.061097621917725,1.2753949165344238,1.1106324195861816,1.6877938508987427,-1.6097456216812134,5.177896022796631,8.058964729309082,1.455124020576477,6.9483323097229,1.2780320644378662,-0.34536099433898926
392,21.883999999999986,116,0.0,True,-1.9387166500091553,3.8956429958343506,1.1644140481948853,0.007940433919429779,1.8097018003463745,0.003148560179397464,0.0,0.9972005486488342,0.02474860195070505,4.42434287071228,1.3883573412895203,1.8097018003463745,1.9979034662246704,-1.1940375566482544,8.071927070617676,6.108022689819336,2.669419765472412,4.298320770263672,1.3548718690872192,0.43983590602874756
393,5.549999999999872,450,0.0,False,0.6232650279998779,0.0059910546988248825,1.2818336486816406,0.6249787211418152,-0.48202332854270935,0.002805087948217988,0.02734375,0.9994692876935005,0.06327216234058142,3.5300859808921814,0.7213223874568939,-0.48202332854270935,0.6464136838912964,-2.8480141162872314,2.0523102283477783,3.528909683227539,1.0543559789657593,4.010932922363281,0.819832980632782,0.6241222620010376
394,21.728,272,0.0,True,0.12642887234687805,0.9811320900917053,1.1060447692871094,0.6158888936042786,-0.05619409680366516,0.0037910696119070053,0.1,1.0030038118362428,0.11795074492692947,5.798051452636718,1.1549934506416322,-0.05619409680366516,1.2368050813674927,-2.3326358795166016,4.138427734375,5.956723690032959,1.914044737815857,6.012917995452881,1.2905703783035278,0.5824596881866455
395,9.54999999999996,450,0.0,False,0.3263298273086548,0.1631397157907486,1.029255747795105,0.40687042474746704,-0.43730002641677856,0.021545595955103636,0.064453125,0.9871435463428497,0.12008383497595787,4.987109065055847,1.0920583009719849,-0.43730002641677856,0.8098188042640686,-3.6154284477233887,3.9022717475891113,4.949717998504639,1.4216431379318237,5.387017726898193,1.2957568168640137,0.6755150556564331
396,21.764,236,0.0,True,-0.34270980954170227,0.7920619249343872,1.0966094732284546,0.0522245429456234,0.46165376901626587,-0.0007145043928176165,0.0,1.0008207261562347,0.01313822262454778,4.8543771505355835,1.5839501321315765,0.46165376901626587,1.4427433013916016,-3.0795583724975586,5.836111545562744,5.071227073669434,2.1137583255767822,4.609573841094971,1.5352705717086792,0.5341270565986633
397,21.716000000000022,284,0.0,True,-0.18713925778865814,0.7881144881248474,1.0632967948913574,0.20585468411445618,0.10581953823566437,-0.0015853965654969216,0.03928571492433548,1.0059781074523926,0.08965488523244858,5.68277063369751,1.22079176902771,0.10581953823566437,1.2738969326019287,-1.7617042064666748,5.107357025146484,5.5720953941345215,1.636996865272522,5.466275691986084,1.2251026630401611,0.3944181203842163
398,21.741999999999962,258,0.0,True,0.13491559028625488,1.5991064310073853,1.2017250061035156,0.9332670569419861,0.3183804750442505,0.0019775047898292542,0.0,0.998471486568451,0.027686883881688117,5.195944976806641,0.8136377930641174,0.3183804750442505,1.7078553438186646,-2.321805238723755,7.755993843078613,5.284405708312988,2.0746304988861084,4.966024875640869,0.8509852886199951,0.32232630252838135
399,21.69799999999995,302,0.0,True,0.028541555628180504,0.37056922912597656,1.1168440580368042,0.21270932257175446,-0.019301887601614,0.0002851462224498391,0.0,1.0000739097595215,0.02658626586198807,5.519827079772949,1.6657667636871338,-0.019301887601614,1.1566064357757568,-3.307260036468506,5.234470844268799,5.423428535461426,2.273212194442749,5.442730903625488,1.6469731330871582,0.7411243915557861
400,21.88600000000004,114,0.0,True,-1.4814603328704834,3.986626386642456,1.0751526355743408,0.5107777118682861,1.1781033277511597,-0.00215725478483364,0.0,1.0022714138031006,0.014630536083132029,7.32936692237854,2.295284390449524,1.1781033277511597,2.304788827896118,-2.058246612548828,6.740776062011719,8.429832458496094,1.3681460618972778,7.251729488372803,2.290313243865967,-1.8379020690917969
401,21.601999999999904,398,0.0,True,-0.12910588085651398,1.176019549369812,1.1287965774536133,0.4577751159667969,-0.17931613326072693,0.0009525822076414313,0.04496173560619354,1.0037189636911665,0.08831878112895149,4.913122449602399,1.582933213029589,-0.17931613326072693,1.4114176034927368,-3.539964437484741,7.4991655349731445,4.8995442390441895,2.1775524616241455,5.078860759735107,1.5481818914413452,0.5798795223236084
402,5.54999999999986,450,0.0,False,0.5075499415397644,0.19623053073883057,1.0361160039901733,0.6046290993690491,-0.6090984344482422,0.011703178752213717,0.0078125,0.9915454909205437,0.07323907501995564,3.8369536697864532,0.8098636940121651,-0.6090984344482422,0.8116490840911865,-5.199218273162842,1.9334194660186768,3.729133129119873,0.8861909508705139,4.338231563568115,0.9447818994522095,0.16115450859069824
403,5.5499999999998675,450,0.0,False,0.6763774156570435,0.04245559126138687,1.211329460144043,0.6963938474655151,-0.34581315517425537,0.05030167137738317,0.1953125,0.9607982710003853,0.09524023905396461,2.58087158203125,0.7008042111992836,-0.34581315517425537,0.5394072532653809,-2.142709732055664,2.319612979888916,2.675661087036133,1.0150680541992188,3.0214743614196777,0.7137904763221741,0.7176139950752258
404,21.68699999999994,313,0.0,True,-0.2051611989736557,0.7035036087036133,1.1268738508224487,0.1454637348651886,0.3705403804779053,-0.0008422826416790485,0.0296600878238678,1.0037402153015136,0.07054244875907897,3.592101287841797,1.7210058212280273,0.3705403804779053,1.4865771532058716,-1.6457757949829102,7.089179039001465,3.6576335430145264,2.441901206970215,3.2870934009552,1.634545922279358,0.6293885707855225
405,21.755000000000003,245,0.0,True,-0.6269974708557129,2.0716817378997803,1.0419858694076538,0.40780141949653625,0.19043786823749542,0.0013910856796428561,0.0,0.9988677948713303,0.022279764991253614,5.684884190559387,2.0882324874401093,0.19043786823749542,1.5500962734222412,-2.420745611190796,7.26938533782959,5.781600475311279,2.199083089828491,5.59116268157959,2.0782909393310547,0.5031399726867676
406,21.721000000000046,279,0.0,True,-0.16364842653274536,0.38460275530815125,1.1620924472808838,0.027490857988595963,0.08382442593574524,-0.00025480476906523106,0.027445652335882188,1.0030470848083497,0.07318910658359527,5.553844738006592,2.070278763771057,0.08382442593574524,1.4538774490356445,-1.7920506000518799,7.131540298461914,5.763476848602295,2.131960391998291,5.679652690887451,2.241450071334839,0.5349524617195129
407,5.549999999999869,450,0.0,False,0.020783141255378723,0.2663334012031555,1.183024287223816,0.15276682376861572,-0.5059085488319397,0.007744008209556341,0.193359375,1.0053932294249535,0.16337752155959606,3.301878869533539,0.7739377319812775,-0.5059085488319397,0.5134166479110718,-2.3068830966949463,1.9010945558547974,3.46223783493042,1.1549556255340576,3.968146324157715,0.9527145624160767,0.8023898601531982
408,21.796000000000024,204,0.0,True,-0.46439027786254883,0.6918003559112549,1.1219415664672852,-0.11961203813552856,0.570676326751709,-0.008148536551743746,0.0,1.0093460828065872,0.0429167365655303,5.383455872535706,1.6977171301841736,0.570676326751709,1.3969354629516602,-1.162034034729004,6.209020137786865,5.5983052253723145,2.020768165588379,5.0276288986206055,1.7112075090408325,0.5221190452575684
409,21.688999999999957,311,0.0,True,-0.39567720890045166,1.1282107830047607,1.110293984413147,0.16731788218021393,0.18301314115524292,0.00023715136921964586,0.0,1.0004390954971314,0.03514919504523277,4.543319320678711,1.3764943838119508,0.18301314115524292,1.4018157720565796,-3.250434637069702,5.458379745483398,4.489754676818848,2.070248603820801,4.306741237640381,1.344910740852356,0.5415025949478149
410,21.785000000000018,215,0.0,True,-0.30453628301620483,0.755199670791626,1.1199066638946533,0.07194364815950394,0.37858501076698303,-0.006640442181378603,0.014775815419852734,1.0081999152898788,0.052301415242254734,5.822640538215637,1.7291181981563568,0.37858501076698303,1.375260353088379,-1.7750062942504883,5.999229431152344,5.919867515563965,1.9622024297714233,5.541282653808594,1.7389793395996094,0.5087729692459106
411,21.834999999999972,165,0.0,True,-1.302225947380066,2.723453998565674,1.0844858884811401,0.058416567742824554,0.838611900806427,0.0012127187413473923,0.0,0.9993221163749695,0.029797629763682682,5.432531515757243,1.633439302444458,0.838611900806427,1.8896484375,-0.967681884765625,8.588672637939453,6.008922100067139,2.5414559841156006,5.170310020446777,1.5660582780838013,0.44716334342956543
412,21.85099999999999,149,0.0,True,-0.532319962978363,0.6688510179519653,1.125428557395935,-0.1990198791027069,0.8382266163825989,-9.8159226278464e-05,0.0,1.0002960761388142,0.019250831256310146,5.878186066945394,1.6915752092997234,0.8382266163825989,1.601332187652588,-0.969480037689209,6.836582660675049,6.320985794067383,2.3559799194335938,5.482758522033691,1.6589784622192383,0.538023829460144
413,21.73299999999998,267,0.0,True,0.06585786491632462,0.3520291745662689,1.0658472776412964,0.24080660939216614,0.008094830438494682,-0.003810525685548782,0.003125,1.004507064819336,0.036444708704948425,6.287366676330566,1.8993165254592896,0.008094830438494682,1.313446044921875,-1.8984826803207397,6.785902500152588,6.046528339385986,2.2072176933288574,6.038434028625488,1.8921996355056763,0.6458933353424072
414,21.560999999999957,439,0.0,True,0.25512924790382385,0.7943505644798279,1.1588995456695557,0.6511456370353699,-0.24854129552841187,0.002405627364558833,0.013758116800870215,1.0005972981452942,0.07912982148783547,4.932612555367606,1.8105763026646204,-0.24854129552841187,1.2712411880493164,-3.1734819412231445,6.864810943603516,5.102328300476074,2.126230478286743,5.350869655609131,1.9138294458389282,0.6425336003303528
415,21.651999999999926,348,0.0,True,0.5391883850097656,0.2726317048072815,1.2061859369277954,0.6742980480194092,-0.14802801609039307,0.0524653693040212,0.19940476616223654,0.9620810846487681,0.16376101722319922,5.231223821640015,1.2478882173697154,-0.14802801609039307,1.476108431816101,-2.5486130714416504,8.065305709838867,5.253236770629883,2.010251045227051,5.401264190673828,1.35489022731781,0.4608173966407776
416,21.876000000000012,124,0.0,True,-0.6702712178230286,0.877099871635437,1.07378351688385,-0.23279505968093872,0.8425374031066895,4.6584129449911416e-05,0.0,1.0000281929969788,0.011421815259382129,7.530410289764404,1.5769807696342468,0.8425374031066895,1.3718914985656738,-1.1204534769058228,5.695011138916016,8.320571899414062,1.5565333366394043,7.478034973144531,1.5736812353134155,0.22317582368850708
417,9.549999999999931,450,0.0,False,-0.5019606351852417,1.016597867012024,1.1577608585357666,0.005180537234991789,-0.4114092290401459,0.021240843227133155,0.015625,0.9822104722261429,0.06667825859040022,5.208684146404266,1.2551807016134262,-0.4114092290401459,1.1828851699829102,-2.6734180450439453,6.174742698669434,5.142353534698486,1.7064701318740845,5.553762435913086,1.4444085359573364,0.5195062160491943
418,5.54999999999989,450,0.0,False,1.0724881887435913,0.011597868986427784,1.1578731536865234,1.0771292448043823,-0.8454842567443848,-0.002043958054855466,0.0,1.0035543218255043,0.05050049163401127,5.345843017101288,0.9459363520145416,-0.8454842567443848,0.6756670475006104,-3.8362560272216797,1.1954841613769531,5.493100643157959,1.1950159072875977,6.338585376739502,1.1963768005371094,0.6803179979324341
419,21.697999999999944,302,0.0,True,0.2353561520576477,1.0548207759857178,1.0726113319396973,0.7616939544677734,0.15101921558380127,0.007969411090016365,0.0498641312122345,0.9978649735450744,0.09820880070328712,4.933890342712402,0.7403925061225891,0.15101921558380127,1.7366752624511719,-1.377889633178711,8.242547988891602,5.046441078186035,2.0584614276885986,4.895421981811523,0.7496877908706665,0.28821009397506714
420,21.881000000000014,119,0.0,True,-1.1497420072555542,1.2288923263549805,1.1034371852874756,-0.5363993048667908,1.4441936016082764,-0.00039391068276017904,0.0,1.000658929347992,0.021369050722569227,5.777385711669922,1.4568318128585815,1.4441936016082764,1.3746459484100342,-0.7836403846740723,6.481412887573242,7.1132426261901855,1.7909975051879883,5.6690497398376465,1.4428273439407349,0.410896360874176
421,9.55000000000003,450,0.0,False,1.1140472888946533,0.0445723794400692,1.0979183912277222,1.1352355480194092,-0.7086413502693176,0.009076606249436736,0.001953125,0.9940401390194893,0.07499959086999297,6.226918518543243,1.0861984491348267,-0.7086413502693176,0.8875923752784729,-2.043006420135498,4.326255798339844,5.7645721435546875,1.2362779378890991,6.473213195800781,1.247310757637024,0.48454004526138306
422,21.595999999999925,404,0.0,True,0.2698550224304199,0.59133380651474,1.1581379175186157,0.5643638372421265,-0.07049219310283661,0.0013677872983472688,0.0,1.0002279707363673,0.05520589490021978,4.436594418116978,1.0123265130179269,-0.07049219310283661,1.2292994260787964,-1.5753183364868164,5.2704572677612305,4.542899131774902,1.834376573562622,4.613391399383545,0.9944800138473511,0.5509048104286194
423,5.549999999999902,450,0.0,False,0.9734918475151062,0.022396817803382874,1.262397050857544,0.9834278225898743,-0.5372089147567749,-0.0017257011495530605,0.005859375,1.0023936554789543,0.035404053749516606,3.901739686727524,0.8600677698850632,-0.5372089147567749,0.46905654668807983,-1.5125632286071777,1.6023809909820557,3.8344309329986572,1.013009786605835,4.371639728546143,0.865883469581604,0.7856007814407349
424,21.793000000000006,207,0.0,True,-0.5136737823486328,0.8204997181892395,1.0778223276138306,-0.10450174659490585,0.5375912189483643,-0.0009701765957288444,0.0,1.001146987080574,0.01836309628561139,5.388433814048767,1.0605218559503555,0.5375912189483643,1.21234929561615,-1.4149374961853027,4.686842918395996,5.817615509033203,1.8539046049118042,5.280024528503418,1.0591576099395752,0.5723576545715332
425,21.825,175,0.0,True,-0.9366088509559631,1.2203595638275146,1.079781174659729,-0.3275088369846344,0.8880764245986938,0.002931480140735706,0.0,0.9979808330535889,0.040712165335814156,5.045727094014485,1.2978994051615398,0.8880764245986938,1.617760419845581,-2.2751379013061523,6.862398147583008,5.660539627075195,2.0630972385406494,4.772462844848633,1.226426601409912,0.38512206077575684
426,9.549999999999969,450,0.0,False,1.2396574020385742,0.4662189185619354,1.081393837928772,1.471685528755188,-0.5176306962966919,0.0018471996299922466,0.0,0.9986082017421722,0.02932717837393284,5.526123881340027,1.2014173120260239,-0.5176306962966919,0.8986654877662659,-3.247896671295166,4.437179088592529,4.995394229888916,1.4540133476257324,5.51302433013916,1.331676959991455,0.6180035471916199
427,-0.45000000000000034,450,0.0,False,0.5214986801147461,0.03812568634748459,1.1207642555236816,0.5394407510757446,-0.6972286105155945,0.000902988133020699,0.04296875,1.002431757748127,0.08398161036893725,3.3416606187820435,0.16153750009834766,-0.6972286105155945,0.22770176827907562,-1.3027675151824951,-0.041678428649902344,3.4994328022003174,0.08215854316949844,4.196661472320557,0.21680991351604462,-6.681159019470215
428,5.549999999999862,450,0.0,False,0.505205512046814,0.0005115090752951801,1.1190593242645264,0.5043421983718872,-0.3385956883430481,0.0009632689179852605,0.00390625,1.0002563819289207,0.046638984931632876,2.4112281501293182,0.4388355165719986,-0.3385956883430481,0.5487602353096008,-1.6161085367202759,2.698370933532715,2.495981454849243,0.8124315738677979,2.8345770835876465,0.48802652955055237,0.5437618494033813
429,21.788999999999994,211,0.0,True,-0.6490817666053772,1.255246639251709,1.0658555030822754,-0.022524302825331688,0.9356207251548767,-0.0009761641267687082,0.0,1.0020875036716461,0.0459872605279088,3.866668164730072,1.1402257978916168,0.9356207251548767,1.7332520484924316,-0.822192370891571,7.604362487792969,4.469851016998291,2.316352128982544,3.5342307090759277,1.0567647218704224,0.44009506702423096
430,21.814999999999998,185,0.0,True,-1.0282646417617798,1.0159670114517212,1.0448887348175049,-0.5213260054588318,1.0103378295898438,0.00013612816110253334,0.0,1.000250558058421,0.025622553502519924,4.274432977040608,1.7489268779754639,1.0103378295898438,1.3583515882492065,-0.7478923201560974,6.230271816253662,5.000019073486328,2.317073345184326,3.989680767059326,1.6687493324279785,0.656327486038208
431,5.549999999999964,450,0.0,False,0.7382774353027344,0.12189937382936478,1.1243869066238403,0.7981027364730835,-0.4044382572174072,0.012576736276969314,0.0546875,0.9913129881024361,0.0802036626264453,3.1206589341163635,0.6474197171628475,-0.4044382572174072,0.4101499021053314,-1.6873130798339844,0.9742590188980103,3.1055209636688232,0.782194197177887,3.5099592208862305,0.7051042318344116,0.7250485420227051
432,21.62099999999998,379,0.0,True,0.1792708933353424,0.2791265845298767,1.1407350301742554,0.31769344210624695,-0.00043825237662531435,0.001482784127195676,0.029087217524647713,0.9999516308307648,0.051769107580184937,4.234239141146342,1.6688820322354634,-0.00043825237662531435,1.1363131999969482,-1.9578303098678589,5.48985481262207,4.317178249359131,2.101309061050415,4.317615985870361,1.681635856628418,0.7075738310813904
433,-0.45000000000000034,450,0.0,False,0.5949496030807495,0.030070418491959572,1.1027295589447021,0.6088820695877075,-0.615715503692627,0.03335337806493044,0.203125,1.0045000985264778,0.33022874779999256,2.898530274629593,0.207171730697155,-0.615715503692627,0.2588798701763153,-1.3970835208892822,0.012094378471374512,3.089250326156616,0.10794153064489365,3.704965829849243,0.25531476736068726,-4.752002716064453
434,9.549999999999958,450,0.0,False,0.628097653388977,0.0665414109826088,1.2743291854858398,0.6600940227508545,-0.11149270832538605,-0.006512175430543721,0.044921875,1.0115781426429749,0.10284601338207722,3.2418807446956635,0.6413902193307877,-0.11149270832538605,0.9847801327705383,-1.8769361972808838,5.928691864013672,3.3440089225769043,1.121450662612915,3.4555015563964844,0.7648943066596985,0.22888660430908203
435,21.913000000000018,87,0.0,True,-2.866992235183716,5.556369781494141,1.0895968675613403,-0.08989693969488144,2.425759792327881,0.005539299920201302,0.0,0.9964209794998169,0.05978119373321533,5.568902969360352,1.6541547179222107,2.425759792327881,1.8649334907531738,-0.5375772714614868,6.357609748840332,7.947334289550781,1.8314274549484253,5.521574020385742,1.6355074644088745,-0.03692471981048584
436,5.54999999999987,450,0.0,False,0.5997228622436523,0.008184162899851799,1.1797142028808594,0.6026352643966675,-0.29262128472328186,-0.0030808550072833896,0.08984375,1.0116472691297531,0.10543563589453697,2.4604572057724,0.586097463965416,-0.29262128472328186,0.4581161141395569,-1.3613238334655762,2.018873453140259,2.5367255210876465,0.9465774893760681,2.8293471336364746,0.600825846195221,0.7657719850540161
437,21.940000000000005,60,0.0,True,-3.5851364135742188,10.221537590026855,1.0798078775405884,1.524552583694458,3.579242467880249,-0.001375184510834515,0.0,1.0014052391052246,0.007665757555514574,5.709982872009277,0.7557197213172913,3.579242467880249,2.8108479976654053,0.7600483894348145,10.671735763549805,9.246906280517578,2.594651937484741,5.667662620544434,0.7545803189277649,-0.17359018325805664
438,21.822000000000003,178,0.0,True,-1.0002211332321167,1.633656620979309,0.9880498051643372,-0.18438087403774261,0.8748205304145813,0.0007225965382531285,0.0,0.9993462959925333,0.0115485197554032,4.66955025990804,1.6603860060373943,0.8748205304145813,1.4168380498886108,-0.7776677012443542,6.157137870788574,5.347353458404541,2.229395866394043,4.472532749176025,1.6215788125991821,0.5961071848869324
439,5.54999999999987,450,0.0,False,0.38219699263572693,0.030582495033740997,1.22942316532135,0.39625880122184753,-0.42525795102119446,0.02508051530458033,0.119140625,0.9860999286174774,0.14519889280200005,2.855706572532654,0.8004966676235199,-0.42525795102119446,0.36771664023399353,-2.0808420181274414,1.2545535564422607,2.8958771228790283,1.0504026412963867,3.3211350440979004,0.8671099543571472,0.8774495720863342
440,5.549999999999884,450,0.0,False,0.751887321472168,0.09640335291624069,1.0387203693389893,0.7990502715110779,-0.5262920260429382,0.025356758385896683,0.078125,0.9801742285490036,0.06984913442283869,3.5148772299289703,1.0016691982746124,-0.5262920260429382,0.60700923204422,-2.854426145553589,1.3634556531906128,3.531233310699463,1.0421189069747925,4.057525634765625,1.1435779333114624,0.6607217192649841
441,21.766000000000027,234,0.0,True,-0.9157525897026062,1.3178796768188477,1.1241028308868408,-0.25793686509132385,0.5975356698036194,-0.0019726028840523213,0.0,1.0028911083936691,0.041740923188626766,4.4371232986450195,1.45133376121521,0.5975356698036194,1.4766892194747925,-1.7302638292312622,6.093104362487793,4.862245559692383,1.9479260444641113,4.264708995819092,1.4227443933486938,0.4253104329109192
442,5.549999999999956,450,0.0,False,0.9851741790771484,0.09090707451105118,1.2044990062713623,1.0294232368469238,-0.48431193828582764,0.021803783834911883,0.11328125,0.9893566370010376,0.15692713018506765,3.410252571105957,0.5868932232260704,-0.48431193828582764,0.5847123861312866,-1.878063440322876,1.9477884769439697,3.422252655029297,0.8354489207267761,3.906564235687256,0.8566749691963196,0.510170578956604
443,21.653999999999957,346,0.0,True,-0.6477699279785156,0.8406396508216858,1.0965420007705688,-0.2285466492176056,0.3718099892139435,-0.00208356324583292,0.0,1.0028006533781688,0.036379050773878895,3.3891564210255942,1.1839306751887004,0.3718099892139435,1.3723363876342773,-2.1853675842285156,5.916345596313477,3.5283007621765137,2.0210840702056885,3.1564908027648926,1.1089979410171509,0.5389454364776611
444,21.732999999999986,267,0.0,True,-0.9708045125007629,1.2832040786743164,1.067543625831604,-0.33027002215385437,0.3799586594104767,0.027086037769913675,0.16392045617103576,0.9847349524497986,0.13671165704727173,4.747152996063233,1.7423335552215575,0.3799586594104767,1.52394700050354,-4.6291961669921875,5.434728622436523,4.714434623718262,2.234870672225952,4.334475994110107,1.5860525369644165,0.5350192785263062
445,21.802000000000056,198,0.0,True,-0.569456934928894,1.3475677967071533,0.9946012496948242,0.10333236306905746,0.6458423733711243,-0.007182061672210693,0.0,1.0078383684158325,0.029433313116896898,5.654828667640686,1.4155313372612,0.6458423733711243,1.745742917060852,-1.386997103691101,5.171903610229492,6.082333564758301,1.7765198945999146,5.436490535736084,1.5212750434875488,0.03434872627258301
446,21.785999999999987,214,0.0,True,0.0044943420216441154,0.5649001598358154,1.024802327156067,0.2859196066856384,0.5287796854972839,0.0033361346650053747,0.0,0.9974552392959595,0.038149901665747166,5.445688724517822,1.1265055686235428,0.5287796854972839,1.8248305320739746,-1.3365230560302734,7.153238296508789,5.614886283874512,2.2366995811462402,5.086106300354004,1.0424096584320068,0.3343748450279236
447,-0.45000000000000034,450,0.0,False,0.6930355429649353,0.04207640141248703,1.0199717283248901,0.7130537629127502,-0.9634620547294617,0.16141072986647487,0.48828125,0.9351943656802177,0.6213670894503593,4.653976619243622,0.32498790696263313,-0.9634620547294617,0.3135366439819336,-2.201580762863159,0.04070950299501419,4.875361442565918,0.15122033655643463,5.838822841644287,0.30351459980010986,-3.298886775970459
448,21.707000000000036,293,0.0,True,0.005705962423235178,1.1834115982055664,1.1302655935287476,0.5962814688682556,0.069222092628479,0.00894052415387705,0.032685811072587966,0.9942708969116211,0.0748549684882164,5.627489948272705,1.1196388721466064,0.069222092628479,1.523482084274292,-1.711412787437439,5.66068172454834,5.656029224395752,1.9402306079864502,5.5868072509765625,1.119096040725708,0.38345038890838623
449,21.756,244,0.0,True,-0.37977471947669983,0.8703173398971558,1.1424483060836792,0.05424150079488754,0.30493345856666565,0.009864458348602057,0.09194711595773697,0.9967238008975983,0.10089151747524738,5.222733855247498,1.687747836112976,0.30493345856666565,1.3741896152496338,-2.9060609340667725,4.45590353012085,5.269079208374023,2.0932154655456543,4.964145660400391,1.6365492343902588,0.5690118074417114
450,21.617999999999995,382,0.0,True,0.17149893939495087,0.3875502645969391,1.0525046586990356,0.36422157287597656,0.05439358949661255,0.003888369770720601,0.005208333333333333,0.9975677827994028,0.05183879844844341,4.479094743728638,2.035304089387258,0.05439358949661255,1.3349179029464722,-2.123039722442627,7.00217342376709,4.532541275024414,2.298999071121216,4.478147983551025,2.08719539642334,0.6628435850143433
451,21.82899999999998,171,0.0,True,-0.9406400918960571,1.9903128147125244,1.185387372970581,0.0533309280872345,0.8968191742897034,0.004300903063267469,0.025920542577902477,0.9992303450902303,0.07751495018601418,4.6734029452006025,2.139802018801371,0.8968191742897034,1.7641035318374634,-0.9409024715423584,7.858582496643066,5.336241245269775,2.8098204135894775,4.439421653747559,2.1208667755126953,0.605823278427124
452,5.549999999999886,450,0.0,False,0.20622888207435608,0.04464208707213402,1.3248414993286133,0.22722508013248444,-0.35155051946640015,0.0029261865420266986,0.05078125,0.9997736290097237,0.06562824174761772,2.706756442785263,0.7284153625369072,-0.35155051946640015,0.4439362585544586,-2.8795742988586426,1.6441173553466797,2.81613826751709,1.069212794303894,3.1676888465881348,0.867992639541626,0.827609658241272
453,5.549999999999888,450,0.0,False,0.6822713017463684,0.009402968920767307,1.0278756618499756,0.6859449148178101,-0.4885989725589752,-0.0018398140091449022,0.00390625,1.0036056712269783,0.05549311405047774,3.740159273147583,0.34132876619696617,-0.4885989725589752,0.5912883281707764,-1.3969645500183105,2.9886300563812256,3.847270965576172,0.75165855884552,4.335869789123535,0.3904103636741638,0.38118982315063477
454,21.786000000000012,214,0.0,True,-0.2924272119998932,0.9327165484428406,1.0977095365524292,0.17283335328102112,0.480338454246521,-0.00282783224247396,0.026988636702299118,1.0048911720514297,0.05958758480846882,5.689616680145264,1.7490412592887878,0.480338454246521,1.3370903730392456,-1.4458764791488647,4.903598785400391,5.933047771453857,2.1705358028411865,5.452709197998047,1.770122766494751,0.620521068572998
455,21.849999999999987,150,0.0,True,-1.108435034751892,1.584643006324768,0.9965623021125793,-0.3171100914478302,0.6976515054702759,0.001528162198762099,0.0,0.9989194273948669,0.02865840494632721,7.155742486317952,0.8397267858187357,0.6976515054702759,1.8045408725738525,-1.584513545036316,8.019342422485352,7.518881797790527,1.9975746870040894,6.821230411529541,0.8678703904151917,0.18392997980117798
456,5.549999999999866,450,0.0,False,0.7733097076416016,0.03179583325982094,1.2477023601531982,0.7879599332809448,-0.5197934508323669,0.0035815369337797165,0.16796875,1.0123855993151665,0.16529584769159555,3.5917205810546875,0.5998520627617836,-0.5197934508323669,0.7372859716415405,-2.7703230381011963,2.1389999389648438,3.648216724395752,0.9857801198959351,4.168010234832764,0.7679004073143005,0.44061362743377686
457,21.642999999999972,357,0.0,True,-0.3435664176940918,1.1410093307495117,1.2470769882202148,0.22569116950035095,0.09130962938070297,0.002544187164554993,0.03554335733254751,1.0013259947299957,0.08274832802514236,4.387993097305298,2.378179947535197,0.09130962938070297,1.1792209148406982,-2.159402847290039,6.98271369934082,4.476537704467773,2.620302200317383,4.385228157043457,2.4721765518188477,0.7974708080291748
458,21.675000000000033,325,0.0,True,-0.06848062574863434,0.2619125545024872,1.101538896560669,0.06137411296367645,-0.0773402750492096,0.02938815951347351,0.13802083333333334,0.9786728123823801,0.11358776595443487,5.6127391656239825,1.2901655236879985,-0.0773402750492096,1.1404025554656982,-1.9463366270065308,4.70626163482666,5.7318267822265625,1.6020331382751465,5.809167385101318,1.181481957435608,0.4932737946510315
459,-0.45000000000000034,450,0.0,False,0.8644410371780396,0.03453340753912926,0.9602125883102417,0.8807474970817566,-0.6235843300819397,0.037994621554389596,0.583984375,1.027227334678173,0.44134584814310074,2.868786931037903,0.18582487106323242,-0.6235843300819397,0.21513819694519043,-1.1803269386291504,0.06892462074756622,3.130934238433838,0.09658883512020111,3.754518508911133,0.20614789426326752,-3.9611310958862305
460,21.88200000000002,118,0.0,True,-0.7102020382881165,0.5479077100753784,0.9638994336128235,-0.4372120797634125,0.8571043014526367,-0.0049395994283258915,0.018518518656492233,1.0069474577903748,0.05950062349438667,7.733816623687744,1.0999042391777039,0.8571043014526367,0.9766221642494202,-1.12527596950531,3.065169334411621,8.383889198303223,1.4507358074188232,7.526785373687744,1.0860646963119507,0.5468140840530396
461,21.920000000000016,80,0.0,True,-2.481590747833252,3.2864127159118652,0.9966155290603638,-0.8393809795379639,2.037095308303833,-0.00040982943028211594,0.0,1.0018777251243591,0.0522870272397995,6.69092583656311,1.0187823176383972,2.037095308303833,1.5202487707138062,-0.0051210373640060425,5.154961585998535,8.489320755004883,1.4943809509277344,6.4522247314453125,1.0344319343566895,-0.0349196195602417
462,5.549999999999912,450,0.0,False,0.4474032521247864,0.07565106451511383,1.0808804035186768,0.48414790630340576,-0.4793824851512909,0.02079656079877168,0.271484375,0.9948434010148048,0.17154599213972688,3.750335216522217,0.6594605520367622,-0.4793824851512909,0.591261088848114,-1.9563734531402588,1.5777084827423096,3.786566972732544,0.8267687559127808,4.265949726104736,0.8486893177032471,0.4885649085044861
463,21.79,210,0.0,True,0.3583999574184418,0.40350350737571716,1.043389081954956,0.559108316898346,-0.05329340323805809,0.03596603171899915,0.0651041679084301,0.9716940671205521,0.12178190238773823,7.407025456428528,0.738421767950058,-0.05329340323805809,1.4989259243011475,-2.506488800048828,5.257694244384766,7.667672634124756,1.4283777475357056,7.720966339111328,0.7805436849594116,-0.10122025012969971
464,21.736999999999973,263,0.0,True,0.16767528653144836,0.6504446268081665,1.2577643394470215,0.4916398227214813,0.2832290232181549,0.02127211969345808,0.090625,0.9855215072631835,0.10553403496742249,5.052722930908203,1.7008207321166993,0.2832290232181549,1.275242567062378,-2.4738755226135254,4.468292236328125,4.980139255523682,2.2997236251831055,4.6969099044799805,1.649372935295105,0.6925076246261597
465,21.621000000000013,379,0.0,True,0.19408410787582397,0.8804656267166138,1.2136626243591309,0.6331032514572144,-0.17539317905902863,0.0017061177641153336,0.00803319209565719,0.9996725718180338,0.051966482773423195,5.431185404459636,1.9618131518363953,-0.17539317905902863,1.3437057733535767,-4.6526408195495605,6.115367889404297,5.421487331390381,2.1079564094543457,5.596879482269287,2.0699574947357178,0.5936641693115234
466,21.718000000000004,282,0.0,True,0.450924813747406,0.37208136916160583,1.2057275772094727,0.6357597708702087,-0.41744863986968994,9.550824761390686e-05,0.07932692468166351,1.00546875,0.09907775148749351,7.190310955047607,0.6368315815925598,-0.41744863986968994,1.1360599994659424,-3.700125217437744,2.9568073749542236,7.468576431274414,1.278859257698059,7.886025905609131,0.6978467702865601,0.21085447072982788
467,5.549999999999933,450,0.0,False,0.5038892030715942,0.009061206132173538,1.1936627626419067,0.5072261691093445,-0.4653396010398865,0.021227042539976537,0.0625,0.9837291389703751,0.08155980007722974,3.4293467700481415,0.6461861655116081,-0.4653396010398865,0.5177446603775024,-2.255216121673584,1.7810544967651367,3.395190954208374,0.8797612190246582,3.8605306148529053,0.807651937007904,0.653660774230957
468,21.813000000000034,187,0.0,True,-0.6621987223625183,1.2370671033859253,1.180397391319275,-0.044845569878816605,0.8003858327865601,-0.0011499006456385057,0.005649717524647713,1.002657949924469,0.05270224685470263,5.0551832516988116,1.8007386922836304,0.8003858327865601,1.4930399656295776,-1.7224847078323364,6.360049724578857,5.651822090148926,1.8708757162094116,4.851436614990234,1.78049898147583,0.36312687397003174
469,5.549999999999864,450,0.0,False,0.5638404488563538,0.000510451733134687,1.353229284286499,0.5627424716949463,-0.5746632814407349,0.00959700916428119,0.0078125,0.9949434250593185,0.08192122541368008,3.5555052161216736,0.5467005893588066,-0.5746632814407349,0.665138840675354,-3.2368719577789307,1.865143060684204,3.780181884765625,0.8560332655906677,4.35484504699707,0.6970606446266174,0.3962692618370056
470,21.80600000000004,194,0.0,True,0.6376757621765137,0.5561047792434692,0.8760808706283569,0.9148520827293396,0.6292632818222046,0.008343775058165193,0.0,0.9919823706150055,0.02092905272729695,5.148963809013367,1.4199557900428772,0.6292632818222046,1.4394934177398682,-1.742421269416809,5.297022819519043,5.839854717254639,2.0424177646636963,5.210591793060303,1.7215142250061035,0.5032587051391602
471,21.944000000000003,56,0.0,True,-3.049154758453369,6.586487293243408,1.1400952339172363,0.24294880032539368,3.0506136417388916,0.0007242049905471504,0.0,0.9992818832397461,0.003377302084118128,7.903122425079346,0.42022934556007385,3.0506136417388916,2.0649092197418213,-0.026939019560813904,7.6602396965026855,10.886921882629395,2.162726402282715,7.836307525634766,0.41457754373550415,0.08841156959533691
472,5.549999999999883,450,0.0,False,0.5162632465362549,0.02916729263961315,1.3091459274291992,0.5295377373695374,-0.4860915243625641,0.008653634693473577,0.04296875,0.9944657012820244,0.07242774916812778,3.3461438715457916,0.5569659546017647,-0.4860915243625641,0.4782886207103729,-2.6996302604675293,1.434051513671875,3.376809597015381,0.7977746725082397,3.862901210784912,0.6450474262237549,0.6405655741691589
473,21.69299999999997,307,0.0,True,-0.2701787054538727,0.8268373608589172,1.055249810218811,0.14218471944332123,0.1787046641111374,0.0005466690286993981,0.05324755012989044,1.0028443813323975,0.08433520793914795,4.906088066101074,1.2456218123435974,0.1787046641111374,1.274539828300476,-2.4886205196380615,5.656634330749512,4.956690788269043,2.070277690887451,4.777985572814941,1.2354822158813477,0.6209909915924072
474,5.549999999999876,450,0.0,False,0.004667177796363831,0.24077840149402618,1.1435290575027466,0.12391285598278046,-0.4624357223510742,-0.00722521438729018,0.005859375,1.0089326277375221,0.054740714374929667,3.4771187901496887,0.5850334390997887,-0.4624357223510742,0.5830201506614685,-2.0908257961273193,2.376450300216675,3.478341579437256,0.8067666292190552,3.94077730178833,0.6578273773193359,0.4777584671974182
475,21.602999999999945,397,0.0,True,0.8205200433731079,0.6995588541030884,1.078680396080017,1.1692208051681519,0.011636174283921719,0.005850589435015406,0.25824175987924847,1.012976586818695,0.1810102335044316,4.329084941319057,1.2634094102042062,0.011636174283921719,1.2637196779251099,-3.1253790855407715,5.344709873199463,4.326849460601807,1.834311842918396,4.315213203430176,1.1780445575714111,0.5253701210021973
476,5.549999999999919,450,0.0,False,0.7267392873764038,0.03738076239824295,1.1883453130722046,0.7442413568496704,-0.6527161002159119,0.015007773647084832,0.064453125,0.9905353412032127,0.105326097458601,4.229649245738983,0.5788029432296753,-0.6527161002159119,0.6283209323883057,-2.510344982147217,1.8016910552978516,4.459438800811768,0.8306176066398621,5.112154960632324,0.7527856230735779,0.42778295278549194
477,21.54999999999989,450,0.0,True,0.42214736342430115,0.21762537956237793,1.3449654579162598,0.5296151041984558,0.21710969507694244,0.012219217838719487,0.111328125,0.99504354596138,0.10146568063646555,2.904434561729431,1.3063824623823166,0.21710969507694244,1.359574317932129,-0.9986729621887207,8.113306999206543,2.8959548473358154,2.1903762817382812,2.678844928741455,1.356864333152771,0.6147271394729614
478,5.549999999999869,450,0.0,False,0.614986777305603,0.0023657013662159443,1.3122341632843018,0.6148573756217957,-0.3526768088340759,-0.01346657273825258,0.0078125,1.0159936174750328,0.052141841035336256,2.59692844748497,0.5271446891129017,-0.3526768088340759,0.4953739047050476,-2.052375316619873,1.7198864221572876,2.727386951446533,0.7987251877784729,3.080063581466675,0.5918496251106262,0.6153448820114136
479,-0.45000000000000034,450,0.0,False,0.49492985010147095,0.04447942227125168,1.2689802646636963,0.5159005522727966,-0.5546867251396179,0.05581500520929694,0.220703125,0.9671973288059235,0.2173206675797701,2.6438607275485992,0.13102945778518915,-0.5546867251396179,0.1590079367160797,-1.0692861080169678,0.2928478717803955,2.8024051189422607,0.11843540519475937,3.3570916652679443,0.12245704233646393,-0.8024957180023193
480,21.65599999999991,344,0.0,True,0.049010492861270905,0.4253613352775574,1.262739658355713,0.26042839884757996,0.3761115074157715,0.0027000579672555127,0.0789930559694767,1.0004279514153798,0.08142835025986035,3.06725021203359,1.1735503872235615,0.3761115074157715,1.7182435989379883,-2.257122039794922,9.135704040527344,3.180009603500366,2.3895938396453857,2.803898334503174,1.2347460985183716,0.48296332359313965
481,9.54999999999987,450,0.0,False,0.06455504894256592,0.1722886562347412,1.1164917945861816,0.1495828926563263,0.009219428524374962,-0.006162273581139743,0.0,1.0074037462472916,0.042834808584302664,2.8500656187534332,0.9027901515364647,0.009219428524374962,1.2589291334152222,-2.3729734420776367,8.16843032836914,2.844193935394287,1.6074025630950928,2.834974527359009,0.8923306465148926,0.3865865468978882
482,21.76299999999998,237,0.0,True,-0.2325316220521927,0.965092658996582,1.0847885608673096,0.2489299327135086,0.39166131615638733,-0.002938764402642846,0.0055555556900799274,1.004300057888031,0.047006551176309586,4.967483401298523,1.9784118235111237,0.39166131615638733,1.37581467628479,-2.447841167449951,6.285340309143066,5.125216484069824,2.4314217567443848,4.733554840087891,1.9039149284362793,0.6798162460327148
483,21.775999999999996,224,0.0,True,-0.5609163045883179,1.869095802307129,1.005660057067871,0.3726259469985962,0.3978622257709503,-0.00542532978579402,0.0078125,1.0070239752531052,0.05371177848428488,5.7813016176223755,1.8778981864452362,0.3978622257709503,1.5801087617874146,-1.4866719245910645,7.104153633117676,5.8583760261535645,2.1587796211242676,5.460513591766357,1.8665785789489746,0.4642559885978699
484,21.78799999999999,212,0.0,True,-0.2601777911186218,0.795800507068634,0.9821158647537231,0.13674034178256989,0.32670629024505615,-0.0030557839199900627,0.01171875,1.005417376756668,0.06512153893709183,6.297956824302673,1.7376576960086823,0.32670629024505615,1.2054678201675415,-1.2384521961212158,4.806463241577148,6.31505012512207,2.2560839653015137,5.988344192504883,1.7531312704086304,0.7145035266876221
485,21.806000000000026,194,0.0,True,-1.2038084268569946,1.446491003036499,1.0361545085906982,-0.4815990924835205,-0.2910916805267334,-0.002306615002453327,0.0,1.0029941350221634,0.02945305733010173,8.393301725387573,1.1640673279762268,-0.2910916805267334,1.2030465602874756,-1.748968243598938,3.9249908924102783,8.498870849609375,1.5512824058532715,8.789962768554688,1.5775507688522339,0.39857274293899536
486,21.666999999999934,333,0.0,True,0.45837220549583435,0.47582074999809265,0.8924944996833801,0.6953900456428528,-0.33580124378204346,0.008258250852425894,0.10076121985912323,0.9980691969394684,0.11030935868620872,5.912624756495158,1.7728875676790874,-0.33580124378204346,1.517548680305481,-6.03835391998291,4.533935070037842,6.099086284637451,2.322376251220703,6.434887409210205,1.954782485961914,0.5730077028274536
487,21.76599999999996,234,0.0,True,-0.5237836241722107,1.584556221961975,1.0592751502990723,0.267435222864151,0.43788984417915344,-0.001278133480809629,0.0,1.0015943348407745,0.023973669623956084,5.010106563568115,1.4510615766048431,0.43788984417915344,1.6173239946365356,-3.5116710662841797,7.205990314483643,5.1420440673828125,2.3536882400512695,4.704154014587402,1.4214648008346558,0.5278323888778687
488,21.78599999999999,214,0.0,True,0.20150575041770935,0.4717129170894623,0.846865177154541,0.43651533126831055,0.04264498129487038,0.0014131796779111028,0.0,0.9988878816366196,0.022322998149320483,7.473963141441345,1.7186812162399292,0.04264498129487038,1.1116430759429932,-3.0580689907073975,4.428062915802002,7.297145366668701,1.9910931587219238,7.254500389099121,1.6637201309204102,0.6882922649383545
489,21.782999999999948,217,0.0,True,-0.7652636766433716,2.4123494625091553,1.0092896223068237,0.43990176916122437,0.2642815411090851,0.01965921325609088,0.16249999403953552,0.98985256254673,0.12412938848137856,5.70985221862793,1.4016798436641693,0.2642815411090851,1.7969439029693604,-4.088676452636719,8.00949764251709,5.8798112869262695,2.4440107345581055,5.615529537200928,1.3639631271362305,0.4594165086746216
490,21.73099999999993,269,0.0,True,0.5426059365272522,0.26066842675209045,1.1383180618286133,0.6718018054962158,-0.02587825432419777,0.0027695652097463608,0.0,0.9991995573043824,0.058116746693849565,5.336430835723877,1.4256206035614014,-0.02587825432419777,1.7197965383529663,-2.490459442138672,8.56701946258545,5.390897274017334,2.299423933029175,5.416775226593018,1.4798786640167236,0.44060826301574707
491,21.906999999999996,93,0.0,True,-2.230661153793335,5.044882774353027,1.0514932870864868,0.29072874784469604,2.0068576335906982,-7.406179793179035e-05,0.0,1.0000914931297302,0.005625389516353607,5.679070472717285,2.5377827882766724,2.0068576335906982,2.3029189109802246,-1.1707390546798706,8.912190437316895,7.807922840118408,2.4750864505767822,5.801065921783447,2.645801067352295,0.1342816948890686
492,21.85099999999997,149,0.0,True,-0.3171713650226593,1.525579571723938,1.0980457067489624,0.44452038407325745,0.6665142178535461,-0.003395930863916874,0.0,1.003955642382304,0.03238540391127268,6.191208362579346,1.6766397953033447,0.6665142178535461,1.9992889165878296,-2.3559510707855225,8.191361427307129,6.633788585662842,2.6839542388916016,5.967274188995361,1.6888864040374756,0.4451175928115845
493,21.875999999999998,124,0.0,True,-0.5250837206840515,1.318593144416809,0.7475247979164124,0.13346531987190247,0.440273255109787,-0.0005345989484339952,0.0,1.0006422996520996,0.014547168277204037,8.99727725982666,1.7313432693481445,0.440273255109787,1.4930684566497803,-1.5712385177612305,6.060507774353027,9.195741653442383,1.811684250831604,8.75546932220459,1.7286999225616455,0.3208051919937134
494,5.549999999999866,450,0.0,False,0.6793354749679565,0.01604459248483181,1.2046376466751099,0.6861531734466553,-0.4573710858821869,-0.0058256653137505054,0.23828125,1.0202120691537857,0.16248202417045832,3.3303899466991425,0.8283753991127014,-0.4573710858821869,0.6782482266426086,-3.7813642024993896,1.862099528312683,3.484247922897339,1.2050074338912964,3.9416189193725586,0.9516044855117798,0.6831907033920288
495,5.54999999999989,450,0.0,False,0.5842357873916626,0.2341279536485672,0.9249995350837708,0.7003747820854187,-0.5660193562507629,0.0193428301718086,0.015625,0.983051709830761,0.04945697449147701,3.7314144670963287,0.9560398831963539,-0.5660193562507629,0.5813630223274231,-3.248631000518799,1.0083694458007812,3.6981327533721924,1.1701445579528809,4.2641520500183105,1.2014840841293335,0.7531598210334778
496,21.66299999999992,337,0.0,True,0.045941900461912155,0.20377635955810547,1.1065887212753296,0.14672349393367767,0.13831385970115662,0.002717316926767429,0.0026041666666666665,0.998280942440033,0.04314095961550871,4.36482834815979,1.704617400964101,0.13831385970115662,1.6355401277542114,-2.339928150177002,8.337638854980469,4.356979846954346,2.4831745624542236,4.218666076660156,1.7031103372573853,0.5661817789077759
497,9.549999999999995,450,0.0,False,0.8774257898330688,0.015594757162034512,0.7271913290023804,0.8844959735870361,-0.6181821823120117,0.040794262662529945,0.275390625,0.9866377636790276,0.25224863551557064,5.489880084991455,0.6952419355511665,-0.6181821823120117,1.2928249835968018,-2.8834128379821777,6.5572509765625,5.818431854248047,1.0829658508300781,6.4366135597229,0.8942235112190247,-0.42511510848999023
498,5.549999999999863,450,0.0,False,2.227522850036621,1.6608377695083618,1.1252052783966064,3.056816577911377,-0.544145941734314,-0.003969698678702116,0.001953125,1.0072264671325684,0.07295243348926306,3.4416861534118652,0.8758772909641266,-0.544145941734314,0.36635822057724,-3.406240224838257,0.8759432435035706,3.41890549659729,1.0795531272888184,3.9630515575408936,0.9175943732261658,0.8848341703414917
499,5.549999999999929,450,0.0,False,0.6645374298095703,0.009484169073402882,1.1598114967346191,0.6681197285652161,-0.41090327501296997,-0.008672652300447226,0.0390625,1.0145701542496681,0.08956747595220804,2.9081936180591583,0.6406168639659882,-0.41090327501296997,0.5043887495994568,-1.5358582735061646,1.6262818574905396,3.0930826663970947,0.8982383608818054,3.503986120223999,0.760240912437439,0.6846827268600464
500,21.756000000000057,244,0.0,True,0.23965610563755035,0.6984934210777283,0.8791329860687256,0.5880237221717834,-0.1417197436094284,0.008451181929558516,0.008713942486792803,0.99334417283535,0.057698896154761314,7.196743130683899,0.7087686434388161,-0.1417197436094284,1.3219354152679443,-2.174626350402832,4.558350086212158,7.175768852233887,1.3842135667800903,7.317488670349121,0.7399942278862,0.08795905113220215
501,5.549999999999866,450,0.0,False,0.5437542796134949,0.04080354794859886,1.2415664196014404,0.5629144906997681,-0.23440656065940857,-0.007366168894805014,0.005859375,1.008566863834858,0.03746207640506327,2.0877945572137833,0.5592042505741119,-0.23440656065940857,0.4777480661869049,-1.2919877767562866,2.2890264987945557,2.1339221000671387,0.90165114402771,2.368328809738159,0.5347126722335815,0.7192493677139282
502,5.5499999999998675,450,0.0,False,0.6345092058181763,0.006140800658613443,1.1258931159973145,0.6364537477493286,-0.5645667910575867,0.004542626906186342,0.021484375,1.000097744166851,0.09546725545078516,3.606841742992401,0.45918506011366844,-0.5645667910575867,0.6123496890068054,-2.477356195449829,2.405473232269287,3.7931792736053467,0.8211877346038818,4.357746601104736,0.5787351131439209,0.4439496397972107
503,21.604000000000013,396,0.0,True,-0.30370423197746277,1.9267815351486206,0.9496058225631714,0.6587369441986084,-0.2843162417411804,0.017665714557681764,0.0409226194024086,0.9862353716577802,0.07615110650658607,5.615045479365757,1.0441233686038427,-0.2843162417411804,1.226051688194275,-2.9435830116271973,4.573080062866211,5.734201908111572,1.5171020030975342,6.01851749420166,1.0000964403152466,0.34688758850097656
504,21.888000000000005,112,0.0,True,-1.3571748733520508,1.5922664403915405,0.8576325178146362,-0.5618993043899536,1.2482707500457764,0.003141330904327333,0.0,0.997071236371994,0.019653603434562683,6.813072443008423,1.0684637427330017,1.2482707500457764,1.3469970226287842,-1.2874884605407715,5.840594291687012,7.985016345977783,1.4674724340438843,6.736745834350586,1.0745130777359009,0.15745455026626587
505,0.5499999999999996,450,0.0,False,0.6094933748245239,0.02097657136619091,1.241853952407837,0.6187397837638855,-0.6344729661941528,0.013440212002024055,0.099609375,0.9996287673711777,0.17170340195298195,3.4530121982097626,0.29508407041430473,-0.6344729661941528,0.4191305339336395,-1.6527727842330933,1.0722205638885498,3.545835018157959,0.38616883754730225,4.1803083419799805,0.3539681136608124,-0.17799675464630127
506,5.549999999999865,450,0.0,False,0.3728196620941162,0.03344646841287613,1.1062941551208496,0.38843661546707153,-0.33211949467658997,0.0005335197784006596,0.076171875,1.0043259412050247,0.08621728420257568,2.3590378165245056,0.7702760919928551,-0.33211949467658997,0.5255783200263977,-2.0788896083831787,2.3762216567993164,2.5449328422546387,1.0619455575942993,2.8770525455474854,0.7771862149238586,0.7550539970397949
507,21.805999999999976,194,0.0,True,-2.2772722244262695,1.2096298933029175,0.910230278968811,-1.6733675003051758,0.6167153716087341,0.006671207025647163,0.0,0.9937057793140411,0.02330742683261633,5.0595808029174805,1.16848886013031,0.6167153716087341,1.60045325756073,-1.186815619468689,5.952417373657227,5.256984710693359,2.1187081336975098,4.6402692794799805,1.2750794887542725,0.42938441038131714
508,21.922000000000004,78,0.0,True,-1.9203940629959106,3.487863063812256,0.8988111019134521,-0.17736133933067322,2.5531275272369385,0.0005670107493642718,0.0,0.999584823846817,0.016344533301889896,6.50839638710022,1.3096064925193787,2.5531275272369385,2.568296432495117,-0.5856747031211853,8.326118469238281,8.779814720153809,2.7142395973205566,6.226686954498291,1.1821218729019165,0.10464775562286377
509,21.912,88,0.0,True,-2.5895915031433105,7.2461981773376465,1.0986120700836182,1.0324089527130127,2.488222599029541,0.0003823119914159179,0.0,0.9996845424175262,0.011505055241286755,4.829270124435425,1.8870418071746826,2.488222599029541,2.3813958168029785,-0.2837193012237549,9.2985200881958,7.100595951080322,2.2686502933502197,4.612373352050781,1.9503564834594727,-0.10186433792114258
510,-0.45000000000000034,450,0.0,False,1.1409659385681152,0.0006992944981902838,1.197392463684082,1.1401182413101196,-0.659441351890564,-0.001883281278423965,0.212890625,1.0213070884346962,0.1903192764148116,3.3410114347934723,0.1789210680872202,-0.659441351890564,0.25075769424438477,-1.1226552724838257,0.17460130155086517,3.2517220973968506,0.076057069003582,3.911163330078125,0.25404462218284607,-9.869976997375488
511,21.651999999999965,348,0.0,True,-0.6669188141822815,2.3427224159240723,1.1976171731948853,0.5032447576522827,0.33873748779296875,0.00817758326108257,0.0427827388048172,0.9948618610699972,0.0673080983882149,3.559712370236715,2.5442442099253335,0.33873748779296875,1.3607691526412964,-1.0360950231552124,7.954198837280273,3.600076913833618,2.7698519229888916,3.2613396644592285,2.5149118900299072,0.758645236492157
512,21.773999999999972,226,0.0,True,-1.1084433794021606,3.2813994884490967,1.0026713609695435,0.5312536954879761,0.41544175148010254,0.001551107270643115,0.0,0.9988767057657242,0.027261362876743078,5.314379930496216,1.641687959432602,0.41544175148010254,1.759154200553894,-3.2719924449920654,8.55335807800293,5.539147853851318,2.350602149963379,5.123705863952637,1.6405181884765625,0.4399206042289734
513,5.549999999999861,450,0.0,False,-0.6796305179595947,0.5185535550117493,1.1428848505020142,-0.4214966297149658,-0.19231745600700378,-0.0022455849684774876,0.0078125,1.0028021782636642,0.03299421723932028,2.0559059232473373,0.851442463696003,-0.19231745600700378,0.4234302341938019,-1.665437936782837,1.7024062871932983,1.9271801710128784,0.982728898525238,2.119497537612915,0.6978932023048401,0.8143494129180908
514,21.898000000000003,102,0.0,True,-1.9874804019927979,3.660860538482666,0.9759886860847473,-0.15802611410617828,1.5519660711288452,-0.0014688491355627775,0.0,1.0018078684806824,0.02590856235474348,6.215456008911133,2.4891602993011475,1.5519660711288452,1.867749571800232,-1.8434581756591797,7.860849857330322,7.49770975112915,2.2474398612976074,5.945743560791016,2.4296391010284424,0.309345006942749
515,21.694000000000003,306,0.0,True,0.1953231543302536,0.8515037894248962,1.0463494062423706,0.6200286746025085,-0.1337539404630661,0.0008220172487199307,0.0,0.9995328783988953,0.022981653362512587,6.059404087066651,2.1576208114624023,-0.1337539404630661,1.3129962682724,-3.4821999073028564,6.077120304107666,5.917663097381592,2.2810075283050537,6.051416397094727,2.1832211017608643,0.6686602830886841
516,-0.45000000000000034,450,0.0,False,0.8537749648094177,0.03540845960378647,1.3604646921157837,0.8701187372207642,-0.8752833604812622,0.007980505004525185,0.138671875,1.005027748644352,0.15545791294425726,4.329583644866943,0.24997000209987164,-0.8752833604812622,0.3299919664859772,-1.9850152730941772,0.1751524806022644,4.519794940948486,0.19872470200061798,5.395078182220459,0.3080520033836365,-1.7574198246002197
517,21.63999999999994,360,0.0,True,0.10953014343976974,0.6658353805541992,1.0116825103759766,0.44143617153167725,-0.12834841012954712,0.002427238291905572,0.009375000062088171,0.9982848167419434,0.03780687755594651,5.156943003336589,1.7312312523523967,-0.12834841012954712,1.151543378829956,-3.506136894226074,5.131015777587891,5.171368598937988,2.1836276054382324,5.299716472625732,1.693038821220398,0.7218983173370361
518,5.549999999999881,450,0.0,False,0.3109191358089447,0.026060527190566063,1.2584667205810547,0.3226909339427948,-0.3823760449886322,-0.0005343726370483637,0.021484375,1.0023183077573776,0.05447138473391533,2.509316250681877,0.9695781171321869,-0.3823760449886322,0.6207842230796814,-3.2479193210601807,2.0661814212799072,2.7310140132904053,1.2207062244415283,3.113389730453491,1.1173417568206787,0.7413817644119263
519,21.88700000000001,113,0.0,True,-1.2578556537628174,2.4698679447174072,1.0178269147872925,-0.023939508944749832,1.665557622909546,-0.0008560068672522902,0.0,1.0009349584579468,0.0121952248737216,5.485380411148071,1.8776743412017822,1.665557622909546,2.153412103652954,-0.6579804420471191,8.26740550994873,6.9732232093811035,2.342879295349121,5.307665824890137,1.8564352989196777,0.1551988124847412
520,21.711999999999932,288,0.0,True,-0.5538871884346008,1.952700138092041,1.1990058422088623,0.4212638735771179,0.41351357102394104,-0.003917689248919487,0.046875,1.0059643983840942,0.058720970153808595,3.8402256965637207,1.5638906240463257,0.41351357102394104,1.8866747617721558,-2.0643222332000732,9.725540161132812,3.8400824069976807,2.5150394439697266,3.4265687465667725,1.4939351081848145,0.4372643828392029
521,21.72399999999997,276,0.0,True,0.5942983627319336,0.30923840403556824,1.171600341796875,0.7477459907531738,-0.09310901165008545,-0.0001773349940776825,0.003125,1.0014786005020142,0.05049997046589851,5.934468746185303,2.188877487182617,-0.09310901165008545,1.618170142173767,-1.7138636112213135,6.558815002441406,5.821755409240723,2.4614503383636475,5.9148640632629395,2.40915846824646,0.5678184628486633
522,21.805000000000007,195,0.0,True,-1.0107364654541016,1.1634793281555176,1.1391186714172363,-0.43013590574264526,0.23856990039348602,0.005186345428228378,0.0,0.9953330904245377,0.03028026456013322,7.165538549423218,1.076675146818161,0.23856990039348602,2.102623701095581,-2.009993553161621,9.421890258789062,7.260647296905518,2.777909994125366,7.022076606750488,1.0201220512390137,0.4270895719528198
523,21.830999999999985,169,0.0,True,-0.7921780347824097,1.791356086730957,0.9365819096565247,0.10256342589855194,0.6123270392417908,-0.0013276957421718787,0.0,1.0015261967976887,0.018819996776680153,6.327857971191406,1.9658207496007283,0.6123270392417908,1.6567438840866089,-1.477715015411377,7.617776870727539,6.648120403289795,2.3821699619293213,6.035793781280518,1.9347800016403198,0.5163121223449707
524,21.751999999999963,248,0.0,True,-0.21370020508766174,1.532467007637024,1.0262186527252197,0.5515070557594299,0.13946253061294556,0.00033614260610193014,0.0,1.0009002089500427,0.046750329434871674,6.025647759437561,2.3566961884498596,0.13946253061294556,1.7000173330307007,-2.5928444862365723,7.955389022827148,5.833370685577393,2.663620710372925,5.69390869140625,2.3605034351348877,0.5926554203033447
525,21.640999999999963,359,0.0,True,0.24308128654956818,0.626613199710846,1.0343681573867798,0.5553535223007202,-0.16102200746536255,0.0029085936645666757,0.0,0.9989151557286581,0.05827043950557709,5.270472923914592,2.159957488377889,-0.16102200746536255,1.2798138856887817,-3.1738924980163574,6.469950199127197,5.317711353302002,2.4689295291900635,5.478733062744141,2.270775556564331,0.7312947511672974
526,21.825999999999965,174,0.0,True,-0.4071524441242218,1.6338225603103638,1.1148498058319092,0.4086439907550812,0.7001897692680359,0.0012157026212662458,0.0,0.9993090232213339,0.03195673351486524,5.226134618123372,1.7619791428248088,0.7001897692680359,2.1469666957855225,-2.62727689743042,7.892135143280029,5.781394004821777,2.8116350173950195,5.081203937530518,1.8692235946655273,0.41691380739212036
527,21.894999999999996,105,0.0,True,-0.7551502585411072,1.8577228784561157,0.9272627830505371,0.17278391122817993,0.44606104493141174,-0.002203117124736309,0.0,1.0022621154785156,0.010113271186128259,10.363648414611816,0.4247206300497055,0.44606104493141174,1.8755978345870972,-2.315835952758789,4.833095073699951,10.631230354309082,1.9464285373687744,10.18517017364502,0.4205161929130554,0.07145583629608154
528,5.549999999999868,450,0.0,False,1.4632525444030762,0.016066789627075195,1.0910334587097168,1.470194935798645,-1.0237329006195068,-0.003031499218195677,0.01953125,1.0071517378091812,0.09456981904804707,6.017501413822174,0.933651402592659,-1.0237329006195068,0.8156687021255493,-5.254782676696777,0.9594632387161255,6.168179512023926,1.0839734077453613,7.1919121742248535,1.0739378929138184,0.433773398399353
529,9.550000000000013,450,0.0,False,1.0368359088897705,0.025465141981840134,0.9747425317764282,1.0485937595367432,-0.7542648315429688,-0.00030637276358902454,0.03515625,1.0042061656713486,0.08977047074586153,6.804837286472321,1.8378466665744781,-0.7542648315429688,1.1731942892074585,-3.661437749862671,5.924698829650879,6.753203868865967,1.788862943649292,7.5074687004089355,2.019362211227417,0.5698838233947754
530,5.549999999999859,450,0.0,False,0.8121159672737122,0.011092571541666985,1.1375133991241455,0.8165247440338135,-0.693419873714447,-0.0016807036008685827,0.005859375,1.0023610889911652,0.03187496121972799,3.9690829515457153,0.5620656125247478,-0.693419873714447,0.6518985629081726,-3.485353946685791,1.8485956192016602,4.191318511962891,0.932625949382782,4.884738922119141,0.6958229541778564,0.5114095211029053
531,5.549999999999861,450,0.0,False,-0.265874981880188,0.7735843062400818,1.2661606073379517,0.11965101212263107,-0.43303382396698,0.0030748050194233656,0.001953125,0.9975901246070862,0.03336315811611712,2.971086859703064,0.6033046506345272,-0.43303382396698,0.6182865500450134,-2.7222702503204346,2.666922092437744,2.951207160949707,0.9441739916801453,3.3842408657073975,0.666503369808197,0.5711795091629028
532,9.549999999999905,450,0.0,False,0.4169638752937317,0.599960207939148,0.7537549734115601,0.7161902189254761,-0.2328333556652069,0.0017692637629806995,0.064453125,1.0019823238253593,0.0775066502392292,4.171141415834427,0.9143627882003784,-0.2328333556652069,1.2238097190856934,-2.989643096923828,6.107622146606445,4.076601028442383,1.5156452655792236,4.30943489074707,1.1501857042312622,0.34802234172821045
533,21.88400000000002,116,0.0,True,-1.2442893981933594,1.6586493253707886,0.6987523436546326,-0.415663480758667,1.3785908222198486,0.0009110748651437461,0.0,0.9991542994976044,0.011073002591729164,6.314695596694946,0.9751853048801422,1.3785908222198486,1.5607339143753052,-0.8741169571876526,5.739105224609375,7.572702884674072,1.5570957660675049,6.1941118240356445,0.9871975183486938,-0.004678487777709961
534,21.844000000000023,156,0.0,True,-0.6906076669692993,0.9764463901519775,0.7025379538536072,-0.20308701694011688,0.8685852289199829,-0.00067874975502491,0.0,1.0009314219156902,0.021229358700414497,6.447353363037109,1.2047721942265828,0.8685852289199829,1.4316850900650024,-2.0106253623962402,5.094440460205078,6.949912071228027,1.6592122316360474,6.081326961517334,1.1960357427597046,0.2554548382759094
535,21.54999999999988,450,0.0,True,0.3945658206939697,0.11446293443441391,1.1078368425369263,0.450689435005188,0.052039049565792084,-0.00017374358139932156,0.046875,1.002998024225235,0.07002837676554918,3.3210165798664093,1.305051989853382,0.052039049565792084,1.3359426259994507,-1.9795963764190674,7.6448893547058105,3.3655593395233154,2.1887524127960205,3.3135204315185547,1.3527638912200928,0.6274518966674805
536,21.757000000000076,243,0.0,True,-0.46338990330696106,1.6244995594024658,0.8594157695770264,0.3480004668235779,0.0889112651348114,-0.00016662562848068774,0.0049019609577953815,1.001207172870636,0.041962603107094765,6.74949312210083,1.5048184096813202,0.0889112651348114,1.8824697732925415,-5.508101940155029,5.409788608551025,6.868290424346924,1.623490571975708,6.779378890991211,1.6186589002609253,-0.3444868326187134
537,21.58399999999992,416,0.0,True,0.6109967827796936,0.7606031894683838,0.8167397975921631,0.9904816150665283,-0.6096124053001404,0.0031071321240493228,0.008928571428571428,0.9991553851536342,0.06522202811070851,6.490332739693778,1.3382488659449987,-0.6096124053001404,1.128415822982788,-3.837343454360962,4.407234191894531,6.579916954040527,1.8170413970947266,7.189529895782471,1.3511459827423096,0.6143363118171692
538,21.652999999999924,347,0.0,True,0.1977509707212448,0.3593624532222748,1.091477632522583,0.37634071707725525,0.2654425799846649,0.00582677482937773,0.005208333333333333,0.9957831601301829,0.05436346990366777,3.4134279092152915,1.5128180583318074,0.2654425799846649,1.413218379020691,-0.9912591576576233,8.179189682006836,3.4022269248962402,2.3672540187835693,3.136784553527832,1.5027542114257812,0.6436072587966919
539,21.926000000000005,74,0.0,True,-2.546006441116333,5.000953674316406,0.8438669443130493,-0.04637347161769867,2.3323211669921875,-0.007472782861441374,0.0,1.0077750086784363,0.023369964212179184,7.3603692054748535,0.6988660991191864,2.3323211669921875,2.3340225219726562,-0.5483734607696533,8.10908031463623,9.474396705627441,2.388385534286499,7.142075061798096,0.7007418274879456,0.04500466585159302
540,21.77600000000004,224,0.0,True,0.4158356785774231,0.6699480414390564,0.8141891956329346,0.7499954700469971,-0.2671758234500885,-0.0002964162267744541,0.0,1.0004316568374634,0.01632848847657442,8.107177257537842,1.3552969694137573,-0.2671758234500885,1.1831293106079102,-2.4256644248962402,4.547721862792969,7.81217098236084,1.452417254447937,8.079346656799316,1.3787918090820312,0.33643782138824463
541,5.549999999999867,450,0.0,False,0.5484815835952759,0.003616321599110961,1.0395530462265015,0.5492501854896545,-0.48836663365364075,0.0026625939644873142,0.009765625,0.9997481107711792,0.06780962273478508,3.118473380804062,0.7093676254153252,-0.48836663365364075,0.40371450781822205,-1.6500728130340576,1.5109241008758545,3.288256883621216,1.0555082559585571,3.776623249053955,0.7809420824050903,0.8537063598632812
542,21.84100000000005,159,0.0,True,-0.6455740332603455,1.0709954500198364,0.8757546544075012,-0.11095206439495087,0.43868595361709595,0.0011567609229435523,0.021169354518254597,0.9998760223388672,0.04566905585428079,7.227123578389485,1.17896568775177,0.43868595361709595,1.5095270872116089,-1.5036765336990356,5.174298286437988,7.523818016052246,1.4245861768722534,7.085132598876953,1.2022209167480469,-0.12280499935150146
543,21.737999999999943,262,0.0,True,-0.8330821990966797,3.717533826828003,0.913317859172821,1.0247714519500732,0.03237155079841614,0.004200936108827591,0.05520833432674408,0.9987383842468261,0.07553073689341545,5.983734226226806,1.1713825702667235,0.03237155079841614,1.6585026979446411,-2.582507371902466,7.620812892913818,5.808578968048096,2.105053663253784,5.77620792388916,1.2052366733551025,0.3792652487754822
544,21.720999999999997,279,0.0,True,-0.7852416634559631,1.794036865234375,1.098806619644165,0.11067796498537064,0.21414481103420258,0.005859989434247837,0.0354619562625885,0.9966424345970154,0.06676740273833275,4.8214034080505375,2.6173499584198,0.21414481103420258,1.873419165611267,-5.462063789367676,7.895612716674805,5.072813510894775,2.632439136505127,4.858668804168701,2.741931676864624,0.4935305714607239
545,5.549999999999866,450,0.0,False,0.468990296125412,0.03225720673799515,1.1439833641052246,0.4839749038219452,-0.6471997499465942,0.033535866998136044,0.080078125,0.9742356240749359,0.11473653372377157,3.884835362434387,0.7518214099109173,-0.6471997499465942,0.4134603440761566,-3.6644139289855957,0.5010958909988403,3.9211485385894775,1.0687241554260254,4.568347930908203,0.9494260549545288,0.8503293991088867
546,21.67099999999997,329,0.0,True,0.025838110595941544,0.4022003412246704,0.9283691048622131,0.22600990533828735,-0.005699934437870979,-0.0010116224487622578,0.0,1.0019035935401917,0.04131448144714037,4.915558417638143,1.6528308590253193,-0.005699934437870979,1.2798094749450684,-2.638667583465576,5.786020278930664,4.80120325088501,2.1678497791290283,4.80690336227417,1.6382927894592285,0.6514763832092285
547,21.643000000000008,357,0.0,True,0.36536145210266113,0.8231520056724548,0.8824644684791565,0.7760550379753113,-0.280119925737381,0.008581243843461076,0.03624718512097994,0.9950267374515533,0.07959472077588241,5.897717555363973,1.0355144540468852,-0.280119925737381,1.2500861883163452,-1.9801342487335205,4.957958221435547,6.005252838134766,1.474437952041626,6.285372734069824,0.9751868844032288,0.28116893768310547
548,21.765000000000008,235,0.0,True,0.03819781169295311,0.822826623916626,0.9018198847770691,0.44870930910110474,-0.1132567897439003,0.008084547356702387,0.00390625,0.9936297684907913,0.055762605741620064,6.669286012649536,1.480644315481186,-0.1132567897439003,1.2752211093902588,-3.328738212585449,4.207396030426025,6.596735000610352,1.8725353479385376,6.709991931915283,1.5300432443618774,0.5362211465835571
549,21.622000000000007,378,0.0,True,0.05821293592453003,0.7430868744850159,0.9544228911399841,0.428801953792572,-0.19567717611789703,0.00264894825037724,0.005747126415371895,0.9992237289746603,0.060397674019138016,5.093713760375977,1.5716529091199238,-0.19567717611789703,1.3496862649917603,-5.050198078155518,5.557157516479492,5.244818210601807,1.9180619716644287,5.440494537353516,1.6784588098526,0.5048459768295288
550,21.793000000000017,207,0.0,True,0.0025361061561852694,0.31629395484924316,0.8747325539588928,0.15980835258960724,0.4736747443675995,0.0022566827246919274,0.0,0.9984955936670303,0.03580657718703151,5.767068147659302,1.7222796976566315,0.4736747443675995,1.386460542678833,-2.2842857837677,4.990179538726807,5.931532859802246,2.0074148178100586,5.457858085632324,1.7475721836090088,0.5229753255844116
551,21.852000000000046,148,0.0,True,-1.13811194896698,2.09411358833313,0.841654896736145,-0.09189680963754654,1.0348548889160156,0.0010571690897146861,0.015625,1.0009394486745198,0.05918392539024353,6.145812511444092,1.0850147008895874,1.0348548889160156,2.051326274871826,-1.621842384338379,6.382747173309326,6.912802219390869,2.0575435161590576,5.8779473304748535,1.1054143905639648,0.006034255027770996
552,-0.45000000000000034,450,0.0,False,0.6621415615081787,0.09747415781021118,0.9697626233100891,0.7099088430404663,-0.8150578141212463,0.005099426954984665,0.0859375,1.0057224556803703,0.1390497419051826,4.295028418302536,0.2717811595648527,-0.8150578141212463,0.3503178656101227,-1.800918698310852,0.6228318214416504,4.310949325561523,0.2637859284877777,5.126007080078125,0.3038594126701355,-0.7636858224868774
553,9.549999999999956,450,0.0,False,0.937000036239624,0.0962493047118187,1.1454559564590454,0.9839792251586914,-0.2887820601463318,0.0889914680738002,0.591796875,0.9663796648383141,0.3577521778643131,3.548779010772705,1.5148863047361374,-0.2887820601463318,0.9928544163703918,-1.8896093368530273,4.303732872009277,3.762267827987671,1.798252820968628,4.051050662994385,1.8033701181411743,0.6951615810394287
554,5.549999999999876,450,0.0,False,-0.4071604311466217,0.6054928302764893,1.2322123050689697,-0.10564623028039932,-0.36247533559799194,0.0014513975474983454,0.009765625,0.9996962547302246,0.040671136463060975,2.6186746060848236,0.8557122424244881,-0.36247533559799194,0.4306042492389679,-2.201747417449951,1.7387306690216064,2.6648008823394775,1.0824501514434814,3.0272762775421143,0.9001336693763733,0.8417510390281677
555,9.550000000000127,450,0.0,False,0.9934104681015015,0.05869214981794357,1.134933590888977,1.021621584892273,-0.42720162868499756,-0.01040401787031442,0.013671875,1.0134101063013077,0.06717283511534333,4.1362753212451935,0.5897419601678848,-0.42720162868499756,1.159867286682129,-2.2757551670074463,5.726675987243652,4.373036861419678,0.7529774904251099,4.800238609313965,0.8190118074417114,-1.3727540969848633
556,21.572000000000138,428,0.0,True,0.09421524405479431,0.8579791188240051,0.9910728335380554,0.5222137570381165,-0.0929207131266594,0.01948635226913861,0.13149350668702806,0.9918059962136405,0.13726652626480376,4.565648351396833,0.6992839574813843,-0.0929207131266594,1.3138965368270874,-2.395127534866333,5.827245235443115,4.562615394592285,1.3837008476257324,4.655535697937012,0.7638702988624573,0.09835010766983032
557,21.867000000000022,133,0.0,True,-0.4912661612033844,0.5553712844848633,0.8000640869140625,-0.21438057720661163,1.1216686964035034,0.015963757410645485,0.0,0.9859006007512411,0.05274757991234461,5.7616902987162275,1.202899694442749,1.1216686964035034,1.8454523086547852,-1.0417529344558716,6.1641693115234375,6.867016792297363,1.609078288078308,5.7453484535217285,1.1508482694625854,-0.3153802156448364
558,21.823000000000064,177,0.0,True,-0.831666886806488,2.0681493282318115,0.9818220734596252,0.2014259546995163,1.0024703741073608,0.0073859726544469595,0.017219387615720432,0.9960039854049683,0.07798278083403905,4.1730421384175616,0.9636721611022949,1.0024703741073608,1.9000967741012573,-1.6334669589996338,7.144423484802246,4.739181995391846,1.8801852464675903,3.736711263656616,0.9173651337623596,-0.021292567253112793
559,-0.45000000000000034,450,0.0,False,0.722988486289978,0.0918193906545639,1.0425615310668945,0.7678556442260742,-0.8999294638633728,0.08939571655355394,0.388671875,0.9544390812516212,0.32617401890456676,4.384689748287201,0.2105325199663639,-0.8999294638633728,0.25567054748535156,-2.03133487701416,-0.05424642562866211,4.522014141082764,0.12638117372989655,5.421943664550781,0.24310986697673798,-3.09257173538208
560,9.549999999999935,450,0.0,False,0.9180215001106262,0.10621217638254166,0.7934310436248779,0.9703341126441956,-0.3146219849586487,0.008159486344084144,0.005859375,0.992616131901741,0.036661415826529264,4.294154345989227,0.8623324781656265,-0.3146219849586487,0.9366013407707214,-2.3373098373413086,4.213359832763672,4.339590549468994,1.320876955986023,4.654212474822998,1.0279273986816406,0.49721211194992065
561,21.683999999999955,316,0.0,True,-0.33084121346473694,1.000567078590393,1.1013380289077759,0.16834098100662231,0.22947905957698822,0.002058134134858847,0.006666667014360428,0.9987607479095459,0.03783667534589767,4.368297290802002,1.3957523345947265,0.22947905957698822,1.2996824979782104,-2.8390023708343506,4.539978981018066,4.33795166015625,2.088458299636841,4.10847282409668,1.309210181236267,0.6127219200134277
562,5.549999999999862,450,0.0,False,0.23966985940933228,0.001848967163823545,1.3132331371307373,0.23928110301494598,-0.22936031222343445,0.014432007214054465,0.12890625,0.9908832609653473,0.08938759565353394,1.8086100965738297,0.6878387928009033,-0.22936031222343445,0.49627161026000977,-2.4710817337036133,2.256998062133789,1.9003561735153198,0.973881721496582,2.129716634750366,0.7517858147621155,0.7403272390365601
563,21.70699999999994,293,0.0,True,-0.19939382374286652,0.7817893028259277,1.1051326990127563,0.19039569795131683,0.3340875506401062,0.00377220397349447,0.014780405536293983,0.9982898592948913,0.06273560523986817,3.8751595497131346,1.7775583028793336,0.3340875506401062,1.389465093612671,-2.4087014198303223,6.147631645202637,3.918877363204956,2.553948402404785,3.584789991378784,1.716262936592102,0.7040140628814697
564,21.850999999999996,149,0.0,True,-0.7788512706756592,0.8362140655517578,1.0252225399017334,-0.3617694675922394,1.1349824666976929,0.010456220557292303,0.0,0.9910674095153809,0.048747976000110306,4.949902852376302,1.9301664034525554,1.1349824666976929,1.583653450012207,-0.956520140171051,6.709847927093506,5.739847183227539,2.428374767303467,4.604865074157715,1.9128817319869995,0.5747064352035522
565,21.79000000000002,210,0.0,True,-0.11778751760721207,0.6169160008430481,0.7981016635894775,0.1898723840713501,0.4044482111930847,0.004581650253385305,0.0078125,0.996563509106636,0.04503196198493242,6.321784496307373,0.7526881396770477,0.4044482111930847,1.8122811317443848,-1.885506272315979,6.461918830871582,6.287049293518066,1.7837533950805664,5.882601261138916,0.7222430109977722,-0.0322418212890625
566,5.549999999999872,450,0.0,False,0.4406694769859314,0.009503297507762909,1.1791434288024902,0.444242000579834,-0.33944401144981384,0.028102401411160827,0.111328125,0.9769023358821869,0.08115475066006184,2.4842474162578583,0.8693424388766289,-0.33944401144981384,0.5220008492469788,-2.605633497238159,2.163602590560913,2.6908442974090576,1.1638166904449463,3.0302882194519043,1.0340280532836914,0.7988253235816956
567,5.549999999999934,450,0.0,False,0.4906266927719116,0.005747586488723755,1.1001523733139038,0.49240031838417053,-0.4520910084247589,0.014085240894928575,0.03515625,0.9893089011311531,0.07469417341053486,3.312146008014679,0.7455487698316574,-0.4520910084247589,0.5894910097122192,-2.7094688415527344,2.4112839698791504,3.37221097946167,1.0203405618667603,3.8243019580841064,0.8986159563064575,0.6662170886993408
568,5.549999999999862,450,0.0,False,0.3268097937107086,0.0022000912576913834,1.087862253189087,0.3268219530582428,-0.42153051495552063,0.03172503714449704,0.173828125,0.9743967652320862,0.0700673209503293,2.4696081280708313,0.6952912509441376,-0.42153051495552063,0.44902655482292175,-2.0197343826293945,1.461064100265503,2.660623788833618,1.0233486890792847,3.0821540355682373,0.8355531692504883,0.8074707388877869
569,21.826000000000043,174,0.0,True,-0.3040872812271118,1.3388854265213013,0.7999602556228638,0.3645554780960083,0.4476907551288605,0.0021349767533441386,0.007246376946568489,0.9991681178410848,0.04778240372737249,6.582791646321614,1.298768440882365,0.4476907551288605,1.4394012689590454,-3.0855605602264404,4.17643928527832,6.735434532165527,1.5333380699157715,6.28774356842041,1.3066703081130981,0.11877262592315674
570,21.683999999999976,316,0.0,True,0.07107528299093246,0.5285457968711853,1.0649902820587158,0.3342832028865814,0.09644424915313721,0.006555216386914253,0.04750000089406967,0.9965375661849976,0.07742731794714927,5.037497711181641,1.9770423412322997,0.09644424915313721,1.3307311534881592,-1.6205190420150757,5.831748962402344,4.96174955368042,2.366367816925049,4.865305423736572,1.9591633081436157,0.6837604641914368
571,5.54999999999986,450,0.0,False,0.18032604455947876,0.0006730766035616398,1.216179370880127,0.17944641411304474,-0.20238888263702393,0.002471838379278779,0.01171875,0.9991367012262344,0.05071342270821333,1.3798410594463348,0.7566454187035561,-0.20238888263702393,0.3373824656009674,-1.7473013401031494,1.5030994415283203,1.5016266107559204,1.02314031124115,1.7040153741836548,0.8147242069244385,0.8912636637687683
572,21.722999999999935,277,0.0,True,-0.056171759963035583,0.9404990673065186,0.9691095352172852,0.4131086468696594,0.07633291929960251,-0.0010385799687355757,0.0,1.001668918132782,0.033340544626116755,5.228632831573487,1.279180359840393,0.07633291929960251,1.6192039251327515,-2.4581925868988037,7.218979835510254,5.18429708480835,2.2885711193084717,5.107964038848877,1.2839910984039307,0.49941909313201904
573,21.953000000000003,47,0.0,True,-3.4208080768585205,7.302221298217773,0.8068771958351135,0.22949568927288055,3.422978639602661,0.0006008401396684349,0.0,0.9994125962257385,0.005154214799404144,8.213066101074219,0.7460658550262451,3.422978639602661,1.7530487775802612,0.8414113521575928,7.406701564788818,11.610363006591797,1.7350035905838013,8.187384605407715,0.7409048676490784,-0.020909428596496582
574,21.645999999999937,354,0.0,True,0.09063075482845306,0.9251791834831238,1.076035976409912,0.5521442890167236,-0.01910656876862049,-0.0029225035881002745,0.01960784321029981,1.0050283471743267,0.05839401048918565,4.830812692642212,1.6296799977620442,-0.01910656876862049,1.6137425899505615,-3.015321731567383,7.577369213104248,4.812895774841309,2.248080253601074,4.832002639770508,1.6718741655349731,0.4847181439399719
575,21.699000000000026,301,0.0,True,0.31446799635887146,0.7482961416244507,0.713277280330658,0.6879027485847473,-0.45914897322654724,0.0030514142476022244,0.06909722238779067,1.0018890261650086,0.10479157119989395,7.12761926651001,1.2483333587646483,-0.45914897322654724,1.1459406614303589,-2.9596099853515625,4.498135566711426,7.109327793121338,1.5793646574020386,7.568477630615234,1.3517637252807617,0.47354716062545776
576,21.79200000000003,208,0.0,True,-0.04341553896665573,0.6158038377761841,0.9106050133705139,0.2635757625102997,0.24006713926792145,-0.0013095689937472343,0.0,1.0023360550403595,0.04278828855603933,5.985670208930969,1.5113825500011444,0.24006713926792145,1.371146559715271,-1.9388413429260254,5.228799819946289,6.255925178527832,1.9001431465148926,6.015857696533203,1.6188679933547974,0.4792909026145935
577,21.558999999999884,441,0.0,True,0.7285940647125244,0.1551622450351715,0.9959153532981873,0.805179238319397,-0.3426860272884369,0.003065940840835018,0.05580357142857143,1.0000158292906625,0.07842795071857316,5.2474252837044855,1.1524763107299805,-0.3426860272884369,1.3053712844848633,-3.649113416671753,7.098424434661865,5.305769920349121,1.90038001537323,5.648456573486328,1.180778980255127,0.5281681418418884
578,21.767999999999976,232,0.0,True,-0.41863390803337097,0.9016994833946228,1.0724045038223267,0.03114342875778675,0.5421515107154846,0.005682910792529583,0.0,0.9948012679815292,0.02807901264168322,3.933046042919159,1.893876075744629,0.5421515107154846,1.5650931596755981,-4.346627235412598,6.473097801208496,4.266115665435791,2.576920986175537,3.7239644527435303,1.8557037115097046,0.6311258673667908
579,9.549999999999928,450,0.0,False,0.6262575387954712,0.0016525922110304236,1.0992158651351929,0.6259846091270447,-0.42553645372390747,-0.0022360121365636587,0.216796875,1.0258178561925888,0.21651233918964863,4.541938453912735,1.2380794137716293,-0.42553645372390747,1.0898467302322388,-5.0233259201049805,5.862214088439941,4.666141033172607,1.5831811428070068,5.091677665710449,1.4634064435958862,0.5261186361312866
580,5.549999999999862,450,0.0,False,0.8359320163726807,0.05509117990732193,1.2530853748321533,0.8622245192527771,-0.5380192399024963,-0.000960733275860548,0.2265625,1.0143048167228699,0.16405189968645573,3.3054067194461823,0.6815787479281425,-0.5380192399024963,0.6310777068138123,-2.34126353263855,1.9627350568771362,3.5117926597595215,0.936796247959137,4.049811840057373,0.7691020369529724,0.5461885929107666
581,21.789000000000016,211,0.0,True,-0.8610016703605652,1.0117847919464111,0.8636110424995422,-0.35597288608551025,0.36781054735183716,-0.0026418687775731087,0.06537828966975212,1.008414089679718,0.09978535398840904,5.639650344848633,1.6788522601127625,0.36781054735183716,1.458858609199524,-1.9282951354980469,5.043326377868652,5.550357341766357,2.192190170288086,5.182546615600586,1.6867328882217407,0.5571364164352417
582,21.705999999999964,294,0.0,True,-0.28179067373275757,0.8242647051811218,1.115478754043579,0.1292261928319931,0.3315243721008301,0.005044652055948973,0.13273026347160338,1.004560947418213,0.13181393146514891,4.0028399467468265,2.0208446264266966,0.3315243721008301,1.4775182008743286,-1.8638322353363037,6.925958633422852,4.047625541687012,2.498621940612793,3.7161009311676025,1.9907944202423096,0.6503248810768127
583,21.861000000000008,139,0.0,True,-1.522857666015625,3.23529052734375,0.8101949095726013,0.09397739917039871,1.2054661512374878,-0.01214352436363697,0.0,1.013423005739848,0.04823963840802511,5.915848573048909,1.4074781735738118,1.2054661512374878,2.2390761375427246,-1.19879949092865,7.201008319854736,6.820146560668945,2.7048444747924805,5.614680767059326,1.3159523010253906,0.31474363803863525
584,5.549999999999873,450,0.0,False,0.6926291584968567,0.0008611420635133982,1.1893270015716553,0.691870391368866,-0.45063790678977966,0.013191941427066922,0.099609375,0.992961160838604,0.09626726573333144,3.049134284257889,1.0073926076292992,-0.45063790678977966,0.45517393946647644,-3.0134260654449463,0.8946973085403442,3.036050319671631,1.212831735610962,3.4866881370544434,1.2037960290908813,0.8591510057449341
585,9.549999999999876,450,0.0,False,-1.0607436895370483,1.211841106414795,1.0993800163269043,-0.45592251420021057,0.040797390043735504,0.0005926745943725109,0.169921875,1.0083595141768456,0.11709348857402802,2.885025769472122,0.9304700344800949,0.040797390043735504,1.413282036781311,-2.6303932666778564,8.462625503540039,2.9828836917877197,1.7375258207321167,2.9420862197875977,1.04163658618927,0.33840060234069824
586,21.86800000000003,132,0.0,True,0.35426610708236694,1.0179181098937988,0.8296527862548828,0.8623955249786377,1.0513601303100586,-0.0041394587606191635,0.0,1.004356364409129,0.01617083977907896,6.706838289896647,1.9266456762949626,1.0513601303100586,1.801121711730957,-2.3810558319091797,6.714391708374023,7.261580467224121,1.5010753870010376,6.210219860076904,1.6853567361831665,-0.439730167388916
587,-0.45000000000000034,450,0.0,False,0.9325672388076782,0.13158176839351654,1.0338585376739502,0.9973242878913879,-0.7917947173118591,-0.006547391880303621,0.021484375,1.010125294327736,0.07351370761170983,4.030465126037598,0.26361086405813694,-0.7917947173118591,0.3618207275867462,-1.7356001138687134,0.7009552717208862,4.086318016052246,0.17314079403877258,4.878113269805908,0.3137820363044739,-3.3670477867126465
588,21.907000000000004,93,0.0,True,-1.5947418212890625,1.8807127475738525,0.7461820840835571,-0.6551316380500793,1.2746294736862183,0.0012331016478128731,0.0,0.9989851713180542,0.019279590342193842,7.285095691680908,1.3010848760604858,1.2746294736862183,1.1661487817764282,-0.2279861867427826,5.1575927734375,8.44318962097168,1.6082159280776978,7.16856050491333,1.3017724752426147,0.4742015600204468
589,21.84399999999998,156,0.0,True,-0.8770232796669006,1.3202892541885376,0.8154014945030212,-0.21769405901432037,0.7225993275642395,0.004605910119911035,0.0,0.996151347955068,0.036097739512721695,6.282349109649658,1.5622994502385457,0.7225993275642395,1.4765526056289673,-1.2980170249938965,5.6893463134765625,6.701455116271973,2.325876474380493,5.978855609893799,1.480576753616333,0.5969818830490112
590,21.795999999999978,204,0.0,True,0.4086757302284241,0.43594998121261597,0.9033721685409546,0.6257473230361938,0.11610399931669235,-0.0004625115543603897,0.0703125,1.0064310729503632,0.10157150216400623,6.300336241722107,1.6211237013339996,0.11610399931669235,1.319421410560608,-1.5251843929290771,5.426185131072998,6.231561660766602,2.2361068725585938,6.115457057952881,1.666326642036438,0.6518375873565674
591,21.680999999999983,319,0.0,True,0.22977261245250702,0.8753417730331421,0.9376883506774902,0.6665058135986328,-0.009746670722961426,0.008449146896600724,0.03129960335791111,0.9945196270942688,0.07447930276393891,5.18665246963501,1.8591006755828858,-0.009746670722961426,1.410414218902588,-2.9331817626953125,5.993123531341553,5.249316215515137,2.164355754852295,5.259062767028809,1.9072312116622925,0.5753451585769653
592,21.62699999999991,373,0.0,True,-0.2534480690956116,1.8601411581039429,1.0203297138214111,0.6756021976470947,-0.0466030016541481,0.016240801342064515,0.09286556641260783,0.9913547933101654,0.11404610176881154,4.533479690551758,1.5301122665405273,-0.0466030016541481,1.3263126611709595,-4.398983001708984,6.974643707275391,4.497029781341553,2.270704984664917,4.543632507324219,1.4902089834213257,0.6588304042816162
593,5.549999999999867,450,0.0,False,0.7496466636657715,0.005233854055404663,0.8772791624069214,0.7513863444328308,-0.7062094211578369,0.00777347874827683,0.0859375,0.9981267601251602,0.10346179641783237,4.17825585603714,0.6164984554052353,-0.7062094211578369,0.5075879096984863,-2.3906402587890625,1.3291553258895874,4.3617706298828125,0.965954065322876,5.0679802894592285,0.739825427532196,0.7238726019859314
594,21.831999999999983,168,0.0,True,-0.23622584342956543,0.7478561401367188,0.7849571108818054,0.13691726326942444,0.5139778852462769,0.0011212253011763096,0.0,0.9990669886271158,0.019162734349568684,6.252341270446777,2.1248486439387,0.5139778852462769,1.7997585535049438,-4.771868705749512,7.388858795166016,6.545139789581299,2.567981719970703,6.031162261962891,2.116529703140259,0.5088154673576355
595,21.819999999999993,180,0.0,True,-0.15703581273555756,0.4850793778896332,0.8076522946357727,0.0846962258219719,0.329589307308197,-0.00041064247488975525,0.0,1.001203179359436,0.037796322256326675,7.367386023203532,1.7093414465586345,0.329589307308197,1.220434546470642,-2.053098201751709,5.20647668838501,7.404529094696045,2.065958261489868,7.074939727783203,1.7226970195770264,0.6510317325592041
596,-0.45000000000000034,450,0.0,False,1.1418895721435547,0.0642019733786583,1.0974613428115845,1.1728931665420532,-0.9870665669441223,0.010544344317167997,0.37109375,1.032289333641529,0.32330144196748734,5.066104829311371,0.1706935130059719,-0.9870665669441223,0.37627679109573364,-1.9167792797088623,0.6808106899261475,5.177531719207764,0.2273007035255432,6.16459846496582,0.2864629924297333,-1.7403953075408936
597,21.888000000000044,112,0.0,True,-0.8604380488395691,2.6844558715820312,0.8282400369644165,0.4809616506099701,0.906808614730835,0.0040060123428702354,0.0833333358168602,1.0012705028057098,0.08195111341774464,7.5399699211120605,1.205335557460785,0.906808614730835,2.135420322418213,-1.6272515058517456,5.978912353515625,8.26709270477295,1.74164617061615,7.360284328460693,1.1805140972137451,-0.5033043622970581
598,21.64099999999997,359,0.0,True,0.13553902506828308,0.5360698103904724,0.8770559430122375,0.4026968777179718,-0.07748343795537949,0.014363824700315794,0.011151175325115522,0.9895305931568146,0.08285115038355191,5.300608952840169,2.088383913040161,-0.07748343795537949,1.2708852291107178,-2.643510580062866,5.539649963378906,5.2198381423950195,2.442941188812256,5.297321796417236,2.2449898719787598,0.7293633222579956
599,21.79799999999998,202,0.0,True,0.279790461063385,0.5488829612731934,0.6183770298957825,0.553613543510437,-0.048225779086351395,-0.0016344933537766337,0.0234375,1.0030945539474487,0.05022111488506198,7.5620200634002686,1.0005201399326324,-0.048225779086351395,1.2081212997436523,-2.383366107940674,4.3922929763793945,7.686013698577881,1.8055368661880493,7.7342400550842285,1.0316908359527588,0.5522780418395996
600,21.775999999999996,224,0.0,True,-0.32549917697906494,1.3483078479766846,0.8709169626235962,0.3477838337421417,0.20351046323776245,8.588144555687904e-05,0.0078125,1.0008412599563599,0.03737955633550882,6.513743758201599,1.267060860991478,0.20351046323776245,1.8221523761749268,-1.8358396291732788,6.002118110656738,6.542946815490723,2.7497920989990234,6.3394365310668945,1.1154921054840088,0.5608936548233032
601,21.709000000000085,291,0.0,True,0.03774554282426834,1.738983392715454,0.7968899607658386,0.9064403176307678,-0.21302857995033264,0.025090213865041733,0.05830357149243355,0.9810335159301757,0.10195844918489456,6.841950511932373,2.3050983428955076,-0.21302857995033264,1.7065492868423462,-2.1718428134918213,6.99587345123291,6.957685947418213,1.8785865306854248,7.170713901519775,2.502399444580078,0.17476952075958252
602,21.69099999999996,309,0.0,True,0.2588835656642914,0.7927141785621643,0.8402279615402222,0.6544004082679749,-0.13086192309856415,0.0030574451200664045,0.015625,0.9992232322692871,0.06633859574794769,5.588188552856446,1.1369105935096742,-0.13086192309856415,1.2556324005126953,-3.7501068115234375,4.517397403717041,5.7216267585754395,1.8921780586242676,5.8524885177612305,1.2333259582519531,0.5596469640731812
603,21.647999999999996,352,0.0,True,0.04251742362976074,1.6701112985610962,1.0239007472991943,0.8765491843223572,-0.12347712367773056,0.006290421821177006,0.049479166666666664,0.9984067678451538,0.09577143068114917,5.158556858698527,1.0325931509335835,-0.12347712367773056,1.5247243642807007,-1.5718984603881836,7.969560146331787,5.521824836730957,1.8951659202575684,5.645301818847656,1.089788556098938,0.3527259826660156
604,21.815000000000015,185,0.0,True,-0.26312363147735596,0.9901307821273804,0.7889981269836426,0.2311527580022812,0.3481956720352173,0.002847985092860957,0.0,0.9979638457298279,0.0375980573395888,7.184549490610759,1.295371174812317,0.3481956720352173,1.7666079998016357,-1.444757342338562,6.331775188446045,7.264523983001709,2.1113033294677734,6.916327953338623,1.2376683950424194,0.2998691201210022
605,21.832000000000015,168,0.0,True,-1.0909061431884766,3.048793077468872,0.94012850522995,0.4325502812862396,0.5446164608001709,0.006642220541834831,0.02708333358168602,0.9954452315966288,0.05702354324360689,7.023493925730388,0.5656771759192148,0.5446164608001709,1.9972020387649536,-1.4964152574539185,7.27095890045166,7.208638668060303,2.1984260082244873,6.664021968841553,0.5035172700881958,0.17468398809432983
606,5.549999999999885,450,0.0,False,0.3834821283817291,0.05110599845647812,1.1191930770874023,0.4079159200191498,-0.43725425004959106,0.01490188215393573,0.02734375,0.9896591007709503,0.0899361944757402,3.0435590147972107,0.790764220058918,-0.43725425004959106,0.6547955274581909,-3.8473260402679443,2.278327465057373,3.151387929916382,0.9556164741516113,3.588642120361328,0.9436816573143005,0.5304907560348511
607,21.912000000000024,88,0.0,True,-1.5206294059753418,2.029381275177002,0.7986909747123718,-0.506737470626831,1.8232864141464233,-0.0016238534590229392,0.0,1.0021061897277832,0.030184254981577396,7.322113513946533,1.0240314304828644,1.8232864141464233,1.7417309284210205,-1.8049894571304321,6.760031700134277,8.961092948913574,1.7566968202590942,7.137806415557861,1.0793784856796265,0.01696598529815674
608,5.549999999999864,450,0.0,False,0.49147889018058777,0.017243798822164536,1.243600606918335,0.49885720014572144,-0.4688462018966675,-0.000696070259436965,0.109375,1.0059002786874771,0.09278659452684224,3.148260086774826,0.579016949981451,-0.4688462018966675,0.6643711924552917,-4.143279075622559,2.259575366973877,3.198089361190796,0.8439539670944214,3.666935682296753,0.6521685719490051,0.38029640913009644
609,21.716000000000022,284,0.0,True,0.3951770067214966,0.3937288224697113,0.9645608067512512,0.5910768508911133,0.09194580465555191,0.006983930058777332,0.01875,0.9941244840621948,0.047394909709692,5.584135246276856,2.444646978378296,0.09194580465555191,1.6067774295806885,-2.466871500015259,7.3355255126953125,5.729781150817871,2.469367504119873,5.637835502624512,2.6489510536193848,0.5766106247901917
610,5.549999999999907,450,0.0,False,0.7529232501983643,0.04643425717949867,1.0370004177093506,0.7751033902168274,-0.9335849285125732,0.013892557006329298,0.0859375,0.9936406835913658,0.12333927117288113,5.6330708265304565,1.1126325950026512,-0.9335849285125732,0.8467320799827576,-6.189567565917969,1.2999215126037598,5.723237037658691,1.1192265748977661,6.656822204589844,1.2629114389419556,0.42765742540359497
611,5.549999999999919,450,0.0,False,0.5484470129013062,0.00013700450654141605,1.2875868082046509,0.5472279191017151,-0.4109556972980499,0.031322402064688504,0.1015625,0.9783392399549484,0.10187138756737113,3.177529752254486,0.6291740536689758,-0.4109556972980499,0.6288976073265076,-3.8945438861846924,1.5537235736846924,3.1998465061187744,0.9293063282966614,3.610801935195923,0.760136067867279,0.5420246720314026
612,21.734999999999996,265,0.0,True,0.1623428612947464,1.403535008430481,0.8669425249099731,0.8632434010505676,0.16883964836597443,0.0009430303703993559,0.003125,0.9996671080589294,0.029445041343569754,5.479211044311524,1.4594760417938233,0.16883964836597443,1.2598488330841064,-3.158668041229248,5.04156494140625,5.484314441680908,2.047743320465088,5.315474510192871,1.5210552215576172,0.6214826107025146
613,21.70000000000006,300,0.0,True,0.3220975697040558,0.7694569826126099,0.997694194316864,0.7058283686637878,-0.12522347271442413,-0.00022920393384993077,0.0,1.0012277364730835,0.04484355598688126,6.101658344268799,1.1289943695068358,-0.12522347271442413,1.2825814485549927,-2.0480525493621826,4.757151126861572,6.075952529907227,1.5964401960372925,6.201176166534424,1.25892174243927,0.35454702377319336
614,-0.45000000000000034,450,0.0,False,1.0904877185821533,0.11325953900814056,1.0151116847991943,1.1461024284362793,-0.8790852427482605,0.013325260020792484,0.083984375,0.9922571182250977,0.0998776382766664,4.330623924732208,0.30069420859217644,-0.8790852427482605,0.3098958730697632,-1.778948187828064,-0.052594661712646484,4.414256572723389,0.1113685891032219,5.293342113494873,0.2948493957519531,-6.74293851852417
615,21.92000000000001,80,0.0,True,-3.17919921875,8.725375175476074,1.002089023590088,1.1824862957000732,2.716012716293335,-0.0038420697674155235,0.0,1.0040233135223389,0.01769237406551838,5.281369686126709,1.2537161111831665,2.716012716293335,2.6105127334594727,-0.5098445415496826,8.664603233337402,8.02097225189209,2.527538537979126,5.304958343505859,1.2218403816223145,-0.0667339563369751
616,21.761000000000056,239,0.0,True,-0.29169362783432007,0.8020920753479004,0.9256864190101624,0.10842671990394592,0.10984666645526886,0.0034236041828989983,0.0,0.997213214635849,0.03401497192680836,6.132844090461731,0.9536171704530716,0.10984666645526886,1.2442415952682495,-1.8306829929351807,4.110607147216797,6.0464186668396,1.5900064706802368,5.936572551727295,0.9464108943939209,0.3876332640647888
617,21.87800000000003,122,0.0,True,-1.2721076011657715,1.6815534830093384,0.9844412803649902,-0.43231528997421265,1.3554606437683105,-6.485497578978539e-05,0.0,1.0002477169036865,0.01889100857079029,6.042881727218628,1.153624713420868,1.3554606437683105,1.5936357975006104,-2.6967451572418213,5.200362205505371,7.251084804534912,1.6320900917053223,5.895624160766602,1.1718580722808838,0.046567559242248535
618,21.938000000000006,62,0.0,True,-3.7214136123657227,9.248117446899414,1.0120888948440552,0.9016330242156982,3.7181684970855713,-0.0011222746688872576,0.0,1.0012238025665283,0.014136899262666702,4.91496467590332,1.3937039375305176,3.7181684970855713,2.2816364765167236,0.8807291984558105,9.618412017822266,8.557290077209473,2.1738295555114746,4.839120388031006,1.376286268234253,-0.10164570808410645
619,21.803,197,0.0,True,-0.2619144916534424,1.3498603105545044,1.1537102460861206,0.41186195611953735,0.6807920336723328,0.030183264054358006,0.0,0.9744533598423004,0.07424270361661911,5.85222065448761,1.0417602956295013,0.6807920336723328,2.0233213901519775,-1.4256795644760132,8.219655990600586,5.814948558807373,2.154324769973755,5.134156227111816,1.0140267610549927,0.11792123317718506
620,21.651999999999937,348,0.0,True,-0.04406648129224777,1.050990343093872,1.20053231716156,0.48022815585136414,0.15089760720729828,0.004933699344595273,0.0234375,0.9988492727279663,0.0854070670902729,4.072413841883342,1.5291989247004192,0.15089760720729828,1.5390992164611816,-3.005253553390503,7.409491062164307,4.229581832885742,2.2947027683258057,4.078684329986572,1.5788456201553345,0.5501368045806885
621,9.549999999999924,450,0.0,False,1.2345788478851318,0.020792432129383087,1.1299654245376587,1.2438451051712036,-0.890999436378479,-0.0031816770788282156,0.087890625,1.0096976608037949,0.10792263271287084,6.784418702125549,0.8241943344473839,-0.890999436378479,0.9763441681861877,-4.3458781242370605,3.7660977840423584,7.03788423538208,1.1513482332229614,7.9288835525512695,0.944727897644043,0.28089475631713867
622,21.787000000000003,213,0.0,True,0.04356412589550018,0.23552268743515015,0.9215030670166016,0.16040396690368652,0.1255948394536972,0.00011765130329877138,0.0,1.0000186115503311,0.01639299443922937,6.9874032735824585,1.3639924228191376,0.1255948394536972,1.3818464279174805,-3.7444796562194824,4.244655132293701,7.061341762542725,1.707506775856018,6.9357476234436035,1.384231686592102,0.34507036209106445
623,21.793000000000017,207,0.0,True,-0.6094310879707336,1.3215103149414062,1.1057008504867554,0.0502183698117733,0.11031311750411987,0.02622741460800171,0.1106770858168602,0.9799301326274872,0.1060231626033783,6.882180094718933,1.3069642782211304,0.11031311750411987,1.3240751028060913,-3.0056519508361816,5.167938709259033,7.159614562988281,1.5201064348220825,7.049301624298096,1.3635157346725464,0.24128735065460205
624,21.813000000000038,187,0.0,True,-0.5355790257453918,0.8855155110359192,0.9910542964935303,-0.09381232410669327,0.4925970435142517,-0.0011812931237121422,0.02824858824412028,1.0031277338663738,0.05949817722042402,6.498860518137614,1.9959299961725872,0.4925970435142517,1.6521556377410889,-2.420581579208374,6.9086151123046875,6.877766132354736,1.795470118522644,6.38516902923584,2.025510311126709,0.1532689332962036
625,21.658999999999935,341,0.0,True,0.35681629180908203,0.33147478103637695,1.165027141571045,0.5213886499404907,0.19736209511756897,0.013628178120901188,0.11793154974778493,0.9937726656595866,0.10786424577236176,4.260864019393921,1.2942093412081401,0.19736209511756897,1.6670838594436646,-1.834374189376831,9.024673461914062,4.181093692779541,2.2194573879241943,3.983731269836426,1.369257926940918,0.4358152747154236
626,21.781999999999975,218,0.0,True,0.2842009961605072,0.7322127819061279,1.0262922048568726,0.6492811441421509,-0.27188071608543396,0.005183514207601547,0.03485576994717121,0.9972360879182816,0.06516336370259523,7.672478795051575,1.1086512356996536,-0.27188071608543396,1.1086152791976929,-2.419684648513794,4.339572906494141,7.777843952178955,1.7083284854888916,8.049724578857422,1.1206251382827759,0.5788673758506775
627,21.697999999999922,302,0.0,True,-0.8839036822319031,3.5362014770507812,1.215665578842163,0.8829814195632935,0.37776896357536316,0.0018287494778633118,0.020516304671764372,0.9994045376777649,0.04668492041528225,3.700706052780151,1.426561427116394,0.37776896357536316,1.8031764030456543,-0.980567455291748,9.966476440429688,3.8550031185150146,2.4817235469818115,3.477234363555908,1.3806123733520508,0.4720781445503235
628,21.870999999999984,129,0.0,True,0.5700474381446838,0.3329886794090271,1.1444993019104004,0.735397219657898,0.9701409339904785,-0.0015693133076032002,0.0,1.0018790165583293,0.019640641907850902,5.960811297098796,1.1692134539286296,0.9701409339904785,1.685884952545166,-2.3145480155944824,7.028182029724121,7.109663963317871,2.458291530609131,6.139523029327393,1.6731302738189697,0.5296847820281982
629,21.814000000000064,186,0.0,True,-0.19871118664741516,2.102912187576294,0.9853907823562622,0.8517595529556274,-0.15676765143871307,0.0016024596989154816,0.03286637862523397,1.0001728137334187,0.06079632913072904,8.867663383483887,1.4669567346572876,-0.15676765143871307,1.7691725492477417,-2.779578447341919,5.583992958068848,8.707296371459961,1.1943297386169434,8.864065170288086,1.5448169708251953,-1.1942789554595947
630,21.935000000000006,65,0.0,True,-0.29817232489585876,0.009067910723388195,0.9750410318374634,-0.29461342096328735,2.5418264865875244,0.009747589007019997,0.0,0.9903750717639923,0.005964457057416439,7.962228536605835,0.6327531337738037,2.5418264865875244,2.4371633529663086,-0.28225547075271606,8.862161636352539,10.55679702758789,2.5500030517578125,8.014971733093262,1.3032430410385132,0.08654338121414185
631,9.549999999999962,450,0.0,False,-0.3729860782623291,0.9312511682510376,0.7605671882629395,0.09187893569469452,-0.6043476462364197,-0.006631165277212858,0.072265625,1.010309860110283,0.07521879998967052,5.965610444545746,0.5215938687324524,-0.6043476462364197,1.272995948791504,-1.9285861253738403,7.6365814208984375,6.118781566619873,1.2716456651687622,6.7231292724609375,0.6742680072784424,-0.0021246671676635742
632,21.898999999999994,101,0.0,True,-1.231505036354065,2.0189368724823,0.9966626763343811,-0.22303326427936554,1.431276559829712,-0.0027209329418838024,0.0,1.0027671456336975,0.009059062926098704,6.921978950500488,1.989205777645111,1.431276559829712,1.8684606552124023,-0.5382250547409058,7.733327865600586,8.168410301208496,2.2378647327423096,6.737133979797363,1.9434102773666382,0.30289173126220703
633,21.691999999999958,308,0.0,True,-0.09979072213172913,0.8042222857475281,1.116600513458252,0.30120381712913513,0.10969945788383484,0.005005843844264746,0.07524038553237915,1.0016473174095153,0.10680930763483047,5.005085754394531,1.9026369094848632,0.10969945788383484,1.6302815675735474,-2.663818359375,8.103460311889648,4.9981770515441895,2.355332612991333,4.888477325439453,1.9472869634628296,0.5209060907363892
634,21.739999999999945,260,0.0,True,-1.3226118087768555,5.276865005493164,0.9409199953079224,1.3148797750473022,0.07930079102516174,0.036908989399671556,0.14375,0.9721845626831055,0.10230191946029663,5.8366193771362305,1.2207436919212342,0.07930079102516174,1.748122215270996,-3.8799362182617188,7.76113224029541,5.747957706451416,2.2174887657165527,5.668656826019287,1.4159237146377563,0.37852925062179565
635,21.763999999999943,236,0.0,True,0.17162831127643585,0.8255476951599121,1.0659312009811401,0.5833362340927124,0.06906621903181076,0.00183714902959764,0.0,0.998562678694725,0.027607183437794447,5.842729568481445,1.6534640491008759,0.06906621903181076,1.6065126657485962,-2.8918533325195312,6.921930313110352,5.758874416351318,2.5103836059570312,5.689807891845703,1.6554328203201294,0.5904676914215088
636,21.605999999999938,394,0.0,True,0.7438312768936157,0.2434089630842209,1.0292022228240967,0.8645065426826477,-0.23633621633052826,0.00691374098615987,0.013392857142857142,0.9943847741399493,0.047872833109327724,5.136028698512486,1.9319829259599959,-0.23633621633052826,1.2794203758239746,-2.5661303997039795,7.2858500480651855,5.292482852935791,2.2507359981536865,5.528819561004639,2.0002686977386475,0.6768699884414673
637,21.944000000000003,56,0.0,True,-2.970973253250122,6.479462623596191,0.8662220239639282,0.2678918242454529,2.963698148727417,-0.0031513338908553123,0.0,1.0032747983932495,0.015335352160036564,8.383405685424805,1.8418389558792114,2.963698148727417,2.1229429244995117,0.2561818063259125,7.390042304992676,11.291478157043457,2.007532835006714,8.327780723571777,1.830979347229004,-0.11828184127807617
638,5.549999999999883,450,0.0,False,0.9519924521446228,0.0073587941005826,1.0404354333877563,0.9546313881874084,-0.6790322661399841,0.0011261452455073595,0.013671875,1.0001979321241379,0.04650648823007941,4.421018362045288,0.5118218436837196,-0.6790322661399841,0.5477931499481201,-2.686779022216797,2.4078445434570312,4.438673496246338,0.8276521563529968,5.117705821990967,0.6160321831703186,0.5619360208511353
639,21.68399999999992,316,0.0,True,-0.04491640627384186,1.2565580606460571,1.1338138580322266,0.5822288393974304,0.07673070579767227,0.022697819396853447,0.12333333492279053,0.98954097032547,0.16210188269615172,4.498465538024902,1.2954296112060546,0.07673070579767227,1.6740385293960571,-1.6010792255401611,8.937944412231445,4.5051774978637695,2.232603073120117,4.4284467697143555,1.291153907775879,0.43777787685394287
640,21.907000000000032,93,0.0,True,-1.748886227607727,2.4437947273254395,1.007936954498291,-0.5279967784881592,1.3069044351577759,0.007845746353268623,0.017241379246115685,0.9940348267555237,0.05651092529296875,7.705604553222656,1.0247639417648315,1.3069044351577759,1.6430809497833252,-1.5072944164276123,6.629881858825684,8.847254753112793,1.572945475578308,7.540349960327148,1.064237117767334,-0.09116530418395996
641,21.913000000000007,87,0.0,True,-1.8035929203033447,2.797086000442505,0.9030783176422119,-0.40595299005508423,1.6914560794830322,-0.0029025371186435223,0.0,1.003853291273117,0.042868880555033684,7.875389814376831,1.352246105670929,1.6914560794830322,1.6144170761108398,-0.5217570662498474,7.170787811279297,9.230801582336426,1.4950958490371704,7.539344310760498,1.2625046968460083,-0.16598618030548096
642,21.820000000000032,180,0.0,True,-0.20663471519947052,1.1777729988098145,0.9564769864082336,0.3812953233718872,0.42225000262260437,-0.0025826722073058286,0.0,1.0041289329528809,0.05313947920997938,7.45228894551595,2.2697556813557944,0.42225000262260437,2.0190742015838623,-2.3539021015167236,7.949563026428223,7.480043888092041,1.7885642051696777,7.057793617248535,2.3622963428497314,-0.2743699550628662
643,21.86500000000003,135,0.0,True,-0.5511977672576904,1.4192023277282715,0.8232945203781128,0.15758010745048523,0.5273403525352478,0.006562930221358935,0.0,0.9938407937685648,0.023072524927556515,8.62569268544515,1.7940042813618977,0.5273403525352478,2.007075786590576,-2.5106639862060547,6.187122821807861,9.120192527770996,1.7716789245605469,8.592852592468262,1.9553892612457275,-0.28338682651519775
644,21.792999999999992,207,0.0,True,0.4098743796348572,1.2356606721878052,1.0250372886657715,1.0266796350479126,-0.31650862097740173,0.008650949690490961,0.10182292014360428,0.9994620531797409,0.1294831484556198,8.374730587005615,1.5631289184093475,-0.31650862097740173,1.272315263748169,-2.3981709480285645,4.696900844573975,8.15524673461914,1.929795742034912,8.471755981445312,1.6298067569732666,0.5653229355812073
645,21.777,223,0.0,True,-0.048964764922857285,0.7601815462112427,1.0859472751617432,0.3300400674343109,0.07985445111989975,0.023015004582703114,0.1304183453321457,0.994671955704689,0.202959842979908,6.668680429458618,2.380822539329529,0.07985445111989975,1.6170744895935059,-2.079470634460449,7.716152191162109,6.78607177734375,2.507416009902954,6.706217288970947,2.653839588165283,0.5840824246406555
646,21.91000000000003,90,0.0,True,-0.919292688369751,2.345219850540161,0.9825708866119385,0.2523346543312073,1.291662573814392,-0.0034080345649272203,0.0,1.0035603642463684,0.016849214676767588,8.335930824279785,1.0332678854465485,1.291662573814392,1.9721405506134033,-2.089038372039795,5.8214592933654785,9.593219757080078,1.8404135704040527,8.301557540893555,1.154768943786621,-0.14827227592468262
647,21.852999999999987,147,0.0,True,-1.0415922403335571,2.4195504188537598,1.0246386528015137,0.1671583354473114,0.6620027422904968,0.0003638354440530141,0.005208333333333333,1.0015839338302612,0.059473817547162376,7.4107316335042315,1.6015474796295166,0.6620027422904968,1.7152019739151,-2.4911720752716064,7.183333396911621,7.5750274658203125,2.171135187149048,6.913024425506592,1.5443960428237915,0.3758962154388428
648,9.549999999999995,450,0.0,False,0.8682573437690735,0.5975803136825562,1.049013376235962,1.1659984588623047,-0.8921811580657959,0.020761071238666773,0.05078125,0.9856300950050354,0.10489311441779137,7.879375874996185,0.8197350278496742,-0.8921811580657959,0.9395737648010254,-3.606377124786377,4.716701507568359,7.390516757965088,1.1681616306304932,8.282697677612305,0.9231134653091431,0.35307198762893677
649,9.549999999999937,450,0.0,False,1.5638959407806396,0.035461004823446274,1.1622451543807983,1.5804641246795654,-1.1382808685302734,0.01285692723467946,0.1875,0.9960847422480583,0.12109917588531971,7.380358338356018,0.8805720210075378,-1.1382808685302734,1.1656748056411743,-5.283273220062256,3.7977981567382812,7.6412272453308105,1.1374820470809937,8.779508590698242,1.075171947479248,-0.05018472671508789
650,21.719999999999935,280,0.0,True,0.6853001117706299,0.24662232398986816,1.1146684885025024,0.8074966073036194,-0.1577274352312088,-0.0003598738461732864,0.0,1.0026268005371093,0.06526524797081948,5.956609725952148,0.9039050340652466,-0.1577274352312088,1.4778673648834229,-4.540635585784912,5.4003400802612305,6.023067951202393,1.9014755487442017,6.180795669555664,0.9610092043876648,0.39592695236206055
651,21.716000000000022,284,0.0,True,0.3145144581794739,0.7316434979438782,0.9786871671676636,0.6793575286865234,-0.47904178500175476,0.007077039778232574,0.02142857313156128,0.9954313397407532,0.06402974426746369,7.648703861236572,0.7498593211174012,-0.47904178500175476,1.04607093334198,-2.144939422607422,2.921203136444092,7.6619648933410645,1.230777621269226,8.141006469726562,0.7470277547836304,0.27762436866760254
652,5.5499999999998675,450,0.0,False,0.7477269172668457,0.01460268720984459,1.106790542602539,0.7539214491844177,-0.544154703617096,-0.003781871171668172,0.03515625,1.0084561929106712,0.08548046369105577,3.836185783147812,0.46170713007450104,-0.544154703617096,0.623824954032898,-2.4276654720306396,2.522301197052002,3.970508337020874,0.8654967546463013,4.514663219451904,0.5231729745864868,0.48048925399780273
653,21.83799999999998,162,0.0,True,-0.3362516760826111,0.5490278601646423,1.0812489986419678,-0.0628189966082573,0.9041085839271545,-0.0007659910867611567,0.0,1.0027447938919067,0.06302744522690773,4.6331634521484375,1.4203624725341797,0.9041085839271545,1.5423247814178467,-1.4683761596679688,6.583829879760742,5.430179595947266,2.487712860107422,4.526071071624756,1.4405442476272583,0.6156284809112549
654,21.81100000000001,189,0.0,True,-0.757721483707428,0.8818097710609436,0.9839778542518616,-0.3178005814552307,0.5905545949935913,0.0003096276583770911,0.005464480568965276,1.0010446310043335,0.05191771934429804,5.643485387166341,1.4141133626302083,0.5905545949935913,1.2193983793258667,-1.1123204231262207,5.081242561340332,5.896816253662109,1.9358431100845337,5.3062615394592285,1.3214157819747925,0.6032189130783081
655,5.549999999999869,450,0.0,False,0.760712206363678,0.007871071808040142,1.141060471534729,0.7635066509246826,-0.6820371747016907,0.012448091059923172,0.001953125,0.989126980304718,0.04217781103216112,4.6565234661102295,0.48460644111037254,-0.6820371747016907,0.5880559682846069,-3.5041580200195312,2.4791674613952637,4.404894828796387,0.8157565593719482,5.0869317054748535,0.54535311460495,0.480343759059906
656,9.549999999999919,450,0.0,False,0.42913687229156494,0.006195699796080589,1.13693368434906,0.4310978055000305,-0.37116292119026184,0.04329168819822371,0.150390625,0.9754633456468582,0.18102264031767845,4.198176264762878,0.8796579465270042,-0.37116292119026184,0.9758015275001526,-3.3836753368377686,5.058490753173828,4.475851535797119,1.3709287643432617,4.8470139503479,1.0257173776626587,0.4933673143386841
657,21.852999999999987,147,0.0,True,-1.6075979471206665,3.3906731605529785,0.8638650178909302,0.08687476813793182,1.079262614250183,-0.0019586121973892054,0.0,1.0021207531293232,0.01759530883282423,5.380203088124593,1.6481520334879558,1.079262614250183,1.8774781227111816,-2.005186080932617,8.058040618896484,6.151782989501953,2.428271532058716,5.072520732879639,1.5355350971221924,0.4022008776664734
658,21.71899999999999,281,0.0,True,-0.12010890990495682,0.9697341918945312,1.0065678358078003,0.363751620054245,0.1028083935379982,0.008647763915359975,0.03512499928474426,0.9955687403678894,0.08925521969795228,5.853565120697022,1.2340492725372314,0.1028083935379982,1.3967530727386475,-3.2813453674316406,5.428471565246582,5.73225212097168,1.8426008224487305,5.629443168640137,1.1583675146102905,0.4253852963447571
659,21.91000000000001,90,0.0,True,-1.7331825494766235,3.1291425228118896,0.8835880756378174,-0.1694948822259903,1.6931477785110474,0.0015919015277177095,0.0,0.9986783564090729,0.022544548846781254,7.279032230377197,1.7049669027328491,1.6931477785110474,1.6492588520050049,-0.9783118367195129,6.316532611846924,8.843575477600098,1.5030120611190796,7.150427341461182,1.7533891201019287,-0.20407283306121826
660,5.549999999999971,450,0.0,False,1.0668818950653076,0.16013428568840027,0.9641163945198059,1.1459848880767822,-0.6706801056861877,-0.0020129713229835033,0.15625,1.0122874230146408,0.12768724281340837,4.631680250167847,0.6480755545198917,-0.6706801056861877,0.47470468282699585,-2.5593008995056152,0.9939256906509399,4.591083526611328,0.8951770067214966,5.261763572692871,0.6935400366783142,0.7187910079956055
661,-0.45000000000000034,450,0.0,False,0.45458918809890747,0.017294075340032578,1.31803560256958,0.4619181752204895,-0.5281827449798584,0.03785038192290813,0.115234375,0.9689947217702866,0.09944191295653582,2.525872677564621,0.07118437252938747,-0.5281827449798584,0.10453743487596512,-1.1313269138336182,0.06058497726917267,2.594118118286133,0.06817761063575745,3.122300863265991,0.0827985629439354,-1.3510353565216064
662,5.549999999999865,450,0.0,False,-0.03166240453720093,0.2269560694694519,1.0511102676391602,0.0807645171880722,-0.3719314634799957,0.016660249093547463,0.09765625,0.989384189248085,0.10200651083141565,2.6834118962287903,0.7861683964729309,-0.3719314634799957,0.41271379590034485,-1.4901692867279053,1.409305453300476,2.669081449508667,0.9968770742416382,3.041013240814209,0.7634103894233704,0.8285984396934509
663,21.66099999999993,339,0.0,True,0.0539691187441349,1.2988032102584839,1.1116842031478882,0.7022590637207031,0.05111019313335419,-0.010551847827931246,0.08717105289300282,1.0173431932926178,0.1077032486597697,4.807488997777303,1.6170844435691833,0.05111019313335419,1.2775237560272217,-3.701239824295044,5.027998447418213,4.6446123123168945,2.209352970123291,4.593502044677734,1.534192442893982,0.6656450033187866
664,9.54999999999989,450,0.0,False,0.18484944105148315,0.2713557183742523,0.8608315587043762,0.31966647505760193,-0.26652827858924866,0.02451150491833687,0.111328125,0.9843130707740784,0.11882074363529682,4.030302435159683,1.3640289306640625,-0.26652827858924866,1.0595817565917969,-4.1008195877075195,4.49138879776001,3.9327008724212646,1.7824969291687012,4.1992292404174805,1.4198112487792969,0.6466449499130249
665,21.759000000000018,241,0.0,True,-0.1725560426712036,0.8436586856842041,1.0204100608825684,0.24825288355350494,0.2725192904472351,0.002274053171277046,0.0,0.9985586106777191,0.03868333203718066,5.315781116485596,1.7918282747268677,0.2725192904472351,1.660449743270874,-5.068977355957031,6.546738624572754,5.4991536140441895,2.229780673980713,5.226634502410889,1.8587672710418701,0.4454672336578369
666,21.698999999999984,301,0.0,True,0.022069741040468216,0.4924778640270233,0.9933557510375977,0.2673153281211853,0.2272700071334839,0.004116981383413076,0.0,0.9974185943603515,0.052904316782951356,4.744339942932129,1.637910795211792,0.2272700071334839,1.2578130960464478,-1.6417245864868164,5.079953193664551,4.654793739318848,2.1343865394592285,4.427523612976074,1.580472469329834,0.6527149677276611
667,21.76199999999998,238,0.0,True,-0.36526480317115784,1.027398705482483,1.0214978456497192,0.14741304516792297,0.4492151737213135,0.006505790166556835,0.005434782709926367,0.995445653796196,0.0566335991024971,5.187353730201721,1.8137127459049225,0.4492151737213135,1.3700621128082275,-1.3141109943389893,5.305604934692383,5.239124298095703,2.3304507732391357,4.7899088859558105,1.759042501449585,0.6543785929679871
668,5.549999999999871,450,0.0,False,0.7030770182609558,0.031665123999118805,1.0551879405975342,0.717854380607605,-0.7045543193817139,0.005025511607527733,0.0546875,1.0014933943748474,0.10832451283931732,4.212688356637955,0.9147859141230583,-0.7045543193817139,0.5224420428276062,-3.146451234817505,1.295836329460144,4.273292064666748,1.1760205030441284,4.977846622467041,1.111717700958252,0.802645742893219
669,21.754999999999956,245,0.0,True,-0.14834624528884888,1.1366463899612427,1.0881409645080566,0.41888880729675293,0.6849696040153503,0.007629274856299162,0.009433962404727936,0.9939145296812057,0.05044727213680744,3.627320885658264,1.4013950526714325,0.6849696040153503,2.0740251541137695,-2.7782814502716064,10.31604290008545,4.074062824249268,2.5272717475891113,3.3890929222106934,1.3851436376571655,0.32652074098587036
670,9.549999999999931,450,0.0,False,0.5155606865882874,0.12064355611801147,0.9186458587646484,0.5749638080596924,-0.5572450160980225,-0.004402517108246684,0.013671875,1.0056741163134575,0.04332750244066119,4.945274829864502,1.6537010818719864,-0.5572450160980225,1.130088448524475,-3.4771251678466797,4.200172424316406,4.963875770568848,1.7783732414245605,5.521121025085449,1.8526971340179443,0.5961881875991821
671,21.717000000000006,283,0.0,True,0.1301000863313675,0.2771032452583313,1.0142130851745605,0.2676375210285187,0.1521783322095871,0.0005705593153834343,0.03356481492519379,1.0036750078201293,0.08343118950724601,4.9426548957824705,1.6223636388778686,0.1521783322095871,1.227579116821289,-2.642089366912842,4.950407028198242,5.097193717956543,2.0966999530792236,4.9450154304504395,1.6703616380691528,0.6572113633155823
672,21.803000000000022,197,0.0,True,-0.6433777809143066,2.0705745220184326,0.5602278113365173,0.39134925603866577,0.31529727578163147,0.027219576761126518,0.06953125074505806,0.986037015914917,0.11546611972153187,6.9927226305007935,1.3712142705917358,0.31529727578163147,1.4200870990753174,-2.208185911178589,4.750665187835693,7.030666828155518,1.7361167669296265,6.71536922454834,1.2977776527404785,0.3309290409088135
673,21.558999999999962,441,0.0,True,0.5252019166946411,0.3488217294216156,0.979960560798645,0.6986328363418579,-0.21584875881671906,0.004864674460675035,0.011983082762786321,0.9962847914014544,0.04533213456826551,4.641462802886963,2.07136641229902,-0.21584875881671906,1.1855753660202026,-3.788405656814575,6.509669303894043,4.68129301071167,2.3764257431030273,4.897141933441162,2.218031406402588,0.7511086463928223
674,21.82899999999998,171,0.0,True,-0.5986254215240479,1.5146194696426392,0.8304539322853088,0.1578538566827774,0.5486021041870117,0.0018077576532959938,0.0,0.9991268515586853,0.03804792215426763,6.316383520762126,1.5809573729832966,0.5486021041870117,1.7760515213012695,-2.3229079246520996,6.657732963562012,6.694504261016846,2.3860771656036377,6.145901679992676,1.5823040008544922,0.4459587335586548
675,21.698999999999934,301,0.0,True,0.30427756905555725,1.1066228151321411,0.9103146195411682,0.8566786646842957,-0.00123071507550776,0.001962049165740609,0.0,0.9988316297531128,0.03776890970766544,5.238322448730469,1.5581156253814696,-0.00123071507550776,1.510715365409851,-3.2446725368499756,6.9778313636779785,5.247382640838623,2.3256142139434814,5.2486138343811035,1.5726008415222168,0.5780218839645386
676,21.552999999999948,447,0.0,True,-0.03658248111605644,1.1283210515975952,0.9954807758331299,0.5265825986862183,-0.048394061625003815,6.649234066052096e-05,0.04715844775949206,1.003281831741333,0.08091822692326137,4.2298665046691895,1.6851537397929601,-0.048394061625003815,1.1349067687988281,-3.1901636123657227,5.603602409362793,4.261270999908447,2.090235948562622,4.309664726257324,1.6976948976516724,0.7051985263824463
677,5.54999999999987,450,0.0,False,0.5089883804321289,0.02221439778804779,1.142008662223816,0.5189535617828369,-0.4835417866706848,-0.004572010599076748,0.041015625,1.0083287730813026,0.08741727145388722,3.04494172334671,0.7507661059498787,-0.4835417866706848,0.584621250629425,-3.8181889057159424,1.7086621522903442,3.2870326042175293,1.032642126083374,3.7705745697021484,0.9650658369064331,0.6794841289520264
678,21.825000000000024,175,0.0,True,-0.4536491334438324,0.8115260004997253,0.7322182059288025,-0.04861835017800331,0.41845884919166565,-0.002435194794088602,0.0,1.0028094251950581,0.025649750605225563,7.328705469767253,1.8790991306304932,0.41845884919166565,1.2858179807662964,-1.4992250204086304,5.03950309753418,7.5538811683654785,1.8044841289520264,7.135422706604004,1.9514967203140259,0.49224668741226196
679,21.717999999999996,282,0.0,True,-0.40539851784706116,0.9792424440383911,0.9281839728355408,0.08329451829195023,0.11684119701385498,0.007898530643433332,0.07331730797886848,0.9978727698326111,0.10184514224529266,5.791046810150147,1.4908741950988769,0.11684119701385498,1.1860015392303467,-3.2315030097961426,4.781561851501465,5.685994625091553,1.9682872295379639,5.569153308868408,1.3531302213668823,0.6369272470474243
680,21.878000000000025,122,0.0,True,-1.0564026832580566,1.8193237781524658,0.6838774681091309,-0.14742466807365417,1.2072179317474365,-0.0011629937798716128,0.0,1.001214325428009,0.009653279324993491,6.9975385665893555,2.1172332763671875,1.2072179317474365,1.8257277011871338,-1.451085090637207,6.453749656677246,8.106582641601562,1.7547235488891602,6.899364948272705,2.109588861465454,-0.08256661891937256
681,5.549999999999867,450,0.0,False,2.2486448287963867,0.41325899958610535,1.0642759799957275,2.454210042953491,-0.6068326234817505,-0.008171957917511463,0.1875,1.022533193230629,0.16666689608246088,4.502964556217194,0.6298696175217628,-0.6068326234817505,0.8098240494728088,-3.273499011993408,2.2526443004608154,4.369169235229492,0.9656166434288025,4.976001739501953,0.7541437745094299,0.2966494560241699
682,21.901999999999987,98,0.0,True,-1.6260340213775635,1.8121538162231445,0.6731773614883423,-0.7206302881240845,1.5943729877471924,0.0052927215583622456,0.0,0.9959337413311005,0.04415070731192827,6.761810064315796,1.9020176529884338,1.5943729877471924,1.1442803144454956,-0.4578539729118347,4.965368270874023,8.354827880859375,2.300360918045044,6.760454177856445,1.9471619129180908,0.7525582313537598
683,21.857000000000014,143,0.0,True,-0.5053707361221313,0.9061406850814819,0.7786774039268494,-0.05307907238602638,1.0528877973556519,0.013992065816031149,0.036458333333333336,0.9899923006693522,0.08132985234260559,6.056029796600342,1.637136697769165,1.0528877973556519,1.2821872234344482,-2.43295955657959,5.111947536468506,6.767785549163818,1.886576533317566,5.714898109436035,1.5948784351348877,0.5380935668945312
684,21.720999999999968,279,0.0,True,0.5682975053787231,0.5279023051261902,0.7990543842315674,0.8314496278762817,-0.07026232033967972,-0.0003743689507246017,0.01875,1.0037800073623657,0.07764323353767395,6.306345081329345,1.3212153911590576,-0.07026232033967972,1.1185237169265747,-2.199464797973633,4.181826591491699,6.096859455108643,1.935784935951233,6.167121887207031,1.2109715938568115,0.6661310195922852
685,21.841000000000015,159,0.0,True,-0.9921630024909973,1.3347148895263672,0.8008514046669006,-0.32560640573501587,0.7145373225212097,0.004434224839011828,0.0,0.9964997172355652,0.03709289493660132,6.574367046356201,1.942630370457967,0.7145373225212097,1.2920138835906982,-1.3426259756088257,4.553756237030029,7.158894062042236,1.934622049331665,6.444356441497803,1.8604909181594849,0.5539926290512085
686,21.64499999999996,355,0.0,True,0.06047310680150986,0.43399691581726074,0.8580917716026306,0.2766134738922119,-0.19012480974197388,0.005740807857364416,0.02254464291036129,0.9960186382134756,0.05913905302683512,5.37673807144165,1.6777449647585552,-0.19012480974197388,1.1435376405715942,-2.9761300086975098,5.5186448097229,5.43441104888916,2.048051357269287,5.624536514282227,1.641278862953186,0.6882407665252686
687,5.549999999999944,450,0.0,False,0.2233620434999466,0.04544687271118164,1.1546177864074707,0.24493086338043213,-0.5738195776939392,0.0256787296384573,0.15625,0.9857750907540321,0.14570631179958582,3.5500960052013397,0.7754965648055077,-0.5738195776939392,0.42452356219291687,-2.238586187362671,1.1158441305160522,3.8072798252105713,1.00077223777771,4.381099224090576,1.0159595012664795,0.8200578093528748
688,21.904000000000003,96,0.0,True,-1.994027018547058,3.569817066192627,0.91190105676651,-0.21003039181232452,2.0921547412872314,-0.005914091132581234,0.0,1.0061701536178589,0.021106486674398184,5.130878448486328,1.3790494799613953,2.0921547412872314,1.7900344133377075,-0.4394049644470215,7.497393608093262,7.2154951095581055,1.900707721710205,5.123339653015137,1.3932154178619385,0.11306434869766235
689,21.67999999999993,320,0.0,True,-0.022390320897102356,1.1076297760009766,0.8898341059684753,0.5305347442626953,-0.06194102764129639,0.000313577800989151,0.159375,1.0077373504638671,0.1317749261856079,5.453121566772461,1.4029019355773926,-0.06194102764129639,1.3792246580123901,-2.4890456199645996,6.92802619934082,5.382131099700928,2.1366872787475586,5.4440717697143555,1.334094524383545,0.5833339691162109
690,21.597999999999896,402,0.0,True,0.24995054304599762,0.8489261269569397,0.9832550883293152,0.6734303832054138,-0.22617264091968536,-0.002647187826888902,0.002232142857142857,1.0041961755071367,0.0533834413758346,4.790333134787423,1.3042188882827759,-0.22617264091968536,1.4040865898132324,-3.8018088340759277,7.799450874328613,4.854733943939209,2.0126070976257324,5.080905914306641,1.277848720550537,0.5132905840873718
691,21.625000000000043,375,0.0,True,0.19007311761379242,1.4734108448028564,0.9616879224777222,0.9258168935775757,-0.21951690316200256,0.01694847984860341,0.0503314392020305,0.9899667700131735,0.1233416957159837,5.222498099009196,2.4245450496673584,-0.21951690316200256,1.4356615543365479,-2.720982789993286,7.125349044799805,5.344274044036865,2.468143939971924,5.563790321350098,2.6578524112701416,0.6616523861885071
692,5.54999999999989,450,0.0,False,0.9154316186904907,0.009439073503017426,0.755022406578064,0.919396162033081,-0.4691600203514099,-0.00016751443035900593,0.08203125,1.0067854225635529,0.11706661153584719,3.566377192735672,0.8781761601567268,-0.4691600203514099,0.5589109063148499,-2.110938787460327,1.6071903705596924,3.5195062160491943,1.036677598953247,3.98866605758667,0.9355495572090149,0.7093316316604614
693,21.56500000000001,435,0.0,True,0.3322761058807373,0.16291512548923492,1.118308186531067,0.4126153588294983,-0.11513496190309525,0.015864051346267973,0.15467437037399837,0.9978290540831429,0.17610652851206915,4.398127351488386,1.1052327411515372,-0.11513496190309525,1.3318172693252563,-1.0309739112854004,6.929079055786133,4.643176555633545,1.581610083580017,4.7583112716674805,1.0755479335784912,0.29092782735824585
694,21.744999999999955,255,0.0,True,-0.05232035741209984,0.6940118670463562,0.8356795907020569,0.2938498854637146,0.0899401605129242,0.003400150453671813,0.031374008394777775,0.9985938370227814,0.05954376421868801,5.911054372787476,1.612011879682541,0.0899401605129242,1.238892674446106,-2.040424108505249,5.818727016448975,5.781604290008545,2.2736411094665527,5.691664218902588,1.546522855758667,0.7030909061431885
695,21.72499999999997,275,0.0,True,-0.440116822719574,0.8251085877418518,0.9801310300827026,-0.028542660176753998,0.3089244067668915,-0.00021718665957450866,0.0,1.0009358167648315,0.03648226149380207,5.225259113311767,1.9682758331298829,0.3089244067668915,1.1072789430618286,-1.6059422492980957,4.787534713745117,5.087352752685547,2.4246397018432617,4.778428077697754,1.7838244438171387,0.7914454340934753
696,-0.45000000000000034,450,0.0,False,0.9923126697540283,0.05071645975112915,0.7701116800308228,1.0169007778167725,-0.829773485660553,0.053201158065348864,0.26171875,0.9717044532299042,0.2456273939460516,4.153912901878357,0.21943716146051884,-0.829773485660553,0.24968303740024567,-1.470841407775879,-0.041054725646972656,4.146683692932129,0.10055229067802429,4.976456642150879,0.23287363350391388,-5.165859222412109
697,21.65599999999992,344,0.0,True,-0.2826354205608368,1.4638042449951172,1.044507622718811,0.44822219014167786,0.013921638019382954,-0.0017237588763237,0.026041666666666668,1.003121902545293,0.051920817544062935,4.510949691136678,1.6132948994636536,0.013921638019382954,1.455854892730713,-3.089301824569702,7.222162246704102,4.645419120788574,2.3750922679901123,4.631497383117676,1.6295024156570435,0.6242705583572388
698,21.864000000000026,136,0.0,True,-1.4555106163024902,1.4375439882278442,0.9116976261138916,-0.7376503348350525,1.1126490831375122,0.010730203241109848,0.041666666666666664,0.9913067817687988,0.05590774863958359,6.493121941884358,1.4269508520762126,1.1126490831375122,1.7491142749786377,-1.2723361253738403,6.8098344802856445,7.583585739135742,2.0554959774017334,6.4709367752075195,1.5310975313186646,0.27589231729507446
699,21.80099999999998,199,0.0,True,-0.7660238742828369,0.8018253445625305,0.8072646260261536,-0.36591845750808716,0.3812839388847351,0.008739966549910605,0.0591517873108387,0.9976050853729248,0.10200100019574165,6.524914026260376,1.470620185136795,0.3812839388847351,1.5395917892456055,-2.0539867877960205,6.5500311851501465,6.395493507385254,2.1468005180358887,6.014209270477295,1.4110661745071411,0.48568665981292725
700,21.93200000000001,68,0.0,True,-1.175229787826538,0.9879871010780334,0.7330588102340698,-0.6819693446159363,2.2747461795806885,0.015481608919799328,0.0,0.9856951832771301,0.0393144516274333,8.683123588562012,1.4109520316123962,2.2747461795806885,2.0169899463653564,-1.0640283823013306,7.106566905975342,10.920259475708008,2.625307083129883,8.645513534545898,1.610629916191101,0.4097346067428589
701,21.90600000000002,94,0.0,True,-2.22482967376709,6.43814754486084,0.819361686706543,0.9934247136116028,1.6751965284347534,-0.0056725069880485535,0.0,1.0067073106765747,0.04383513890206814,8.107596635818481,2.321640729904175,1.6751965284347534,2.518836498260498,-1.2295621633529663,9.292586326599121,9.48260498046875,2.620539426803589,7.807407855987549,2.295336961746216,0.07611364126205444
702,5.549999999999866,450,0.0,False,0.8188360333442688,0.18568852543830872,1.1356074810028076,0.9105446934700012,-0.5113638639450073,0.013848654925823212,0.1015625,0.9957297593355179,0.13625964103266597,4.9795727133750916,1.1964239329099655,-0.5113638639450073,1.1960004568099976,-5.023678779602051,5.274428367614746,5.00230598449707,1.5804188251495361,5.513669967651367,1.3566780090332031,0.4273117184638977
703,21.798999999999992,201,0.0,True,-0.5214942693710327,2.746630907058716,0.7196519374847412,0.8511015176773071,-0.06751254200935364,0.007201468804851174,0.0078125,0.9935175180435181,0.035140677355229855,8.33331024646759,1.6057681441307068,-0.06751254200935364,1.47714364528656,-1.9151748418807983,6.8081374168396,8.183348655700684,1.782895803451538,8.250861167907715,1.6080185174942017,0.31357407569885254
704,21.772999999999996,227,0.0,True,-0.6838534474372864,1.990630865097046,0.933520495891571,0.3105284571647644,0.16095392405986786,-0.00457462714985013,0.08973214402794838,1.0090576708316803,0.09124394878745079,6.313840270042419,2.02492094039917,0.16095392405986786,1.4941883087158203,-2.377340793609619,7.384896278381348,6.3995256423950195,2.2669730186462402,6.238572597503662,2.131880283355713,0.5655718445777893
705,5.5499999999998755,450,0.0,False,1.4095091819763184,0.07115667313337326,1.2128541469573975,1.443874716758728,-0.7056205868721008,0.013450155267491937,0.0234375,0.9899086877703667,0.07763497577980161,4.916893362998962,0.7782505005598068,-0.7056205868721008,0.8609133958816528,-2.9535012245178223,1.6537384986877441,5.1012187004089355,1.05431067943573,5.806839466094971,0.9851334691047668,0.3332213759422302
706,21.910000000000004,90,0.0,True,-2.7256197929382324,8.628631591796875,0.9943394660949707,1.587701678276062,2.0381197929382324,0.0014410768635571003,0.0,0.9990804195404053,0.028795833699405193,6.657227516174316,1.0769022703170776,2.0381197929382324,2.900481700897217,-0.7989502549171448,9.675607681274414,8.59984302520752,3.1141812801361084,6.561722755432129,1.1171280145645142,0.13253408670425415
707,21.839999999999982,160,0.0,True,-0.5083418488502502,0.7906593084335327,1.0402562618255615,-0.11405245214700699,0.9589719772338867,0.01044927475353082,0.046875,0.9927877187728882,0.07361322393019994,5.536225954691569,1.897058645884196,0.9589719772338867,1.827748417854309,-1.1746279001235962,8.784379959106445,6.1284027099609375,2.6398892402648926,5.169431209564209,1.8937269449234009,0.5206403732299805
708,-0.45000000000000034,450,0.0,False,0.8675574660301208,0.020951880142092705,0.9875144362449646,0.8770458698272705,-0.75082927942276,0.0016541269142180681,0.021484375,1.000420905649662,0.055928108748048544,3.8613484501838684,0.15636221133172512,-0.75082927942276,0.18951401114463806,-1.297511100769043,-0.023339271545410156,3.755868911743164,0.09900322556495667,4.506698131561279,0.170578271150589,-2.6642370223999023
709,21.646999999999906,353,0.0,True,0.19920849800109863,0.9011453986167908,1.0717953443527222,0.6487094163894653,-0.5619057416915894,0.010113148018717766,0.10140467186768849,0.9968875646591187,0.11781280487775803,6.451649983723958,1.8277425567309062,-0.5619057416915894,1.4312556982040405,-5.69657564163208,3.9781928062438965,6.9718499183654785,2.171398878097534,7.533756256103516,2.038851737976074,0.5655344724655151
710,21.857999999999986,142,0.0,True,-1.406929850578308,1.870801329612732,1.1021002531051636,-0.4726312756538391,1.2353711128234863,-0.008762958459556103,0.005208333333333333,1.0111460288365681,0.06594336653749149,5.333842436472575,2.09529972076416,1.2353711128234863,1.4169278144836426,-0.6482270956039429,5.660253524780273,6.21453857421875,2.7595551013946533,4.979167461395264,2.0523509979248047,0.7363563776016235
711,5.549999999999871,450,0.0,False,0.21599751710891724,0.042708054184913635,0.905634880065918,0.23644590377807617,-0.5622773170471191,0.0010880441404879093,0.044921875,1.0032515972852707,0.09176462236791849,3.798152059316635,0.9192235097289085,-0.5622773170471191,0.6218095421791077,-4.659376621246338,1.3712108135223389,3.7847776412963867,1.061280369758606,4.347055435180664,0.942401647567749,0.6567152142524719
712,21.62799999999998,372,0.0,True,-0.12901203334331512,0.5281448364257812,1.169816017150879,0.1338905692100525,-0.022857051342725754,0.004026093753054738,0.005208333333333333,0.9980785350004832,0.06449966877698898,4.432140350341797,2.174721280733744,-0.022857051342725754,1.0436739921569824,-1.8301856517791748,4.889545440673828,4.5373969078063965,2.5258829593658447,4.560253620147705,2.2859442234039307,0.8292726278305054
713,21.598999999999936,401,0.0,True,-0.4985809326171875,2.230341911315918,1.108665943145752,0.6154813766479492,-0.1390349268913269,0.003185797283159835,0.07759978994727135,1.0027571065085275,0.11029488806213651,4.806727613721575,1.4257249236106873,-0.1390349268913269,1.2447572946548462,-1.9240903854370117,7.109901428222656,4.856369495391846,2.056551456451416,4.99540376663208,1.5204169750213623,0.6336550712585449
714,5.54999999999988,450,0.0,False,1.0319850444793701,0.013487457297742367,1.2367933988571167,1.0374919176101685,-0.5841441750526428,0.03129154397174716,0.228515625,0.9952564164996147,0.2519239969551563,3.6109251379966736,0.8356837406754494,-0.5841441750526428,0.6238855719566345,-4.021417617797852,2.1719582080841064,3.850020170211792,1.2656859159469604,4.434164524078369,1.060660481452942,0.7570270299911499
715,5.549999999999883,450,0.0,False,0.7097029685974121,0.013647148385643959,1.1748690605163574,0.7153517007827759,-0.47792765498161316,0.041545644868165255,0.125,0.9686985835433006,0.1302677672356367,3.2416925132274628,0.5677438601851463,-0.47792765498161316,0.4193709194660187,-2.7895445823669434,1.3922621011734009,3.3463683128356934,0.7926735281944275,3.824296236038208,0.6543936729431152,0.7200967073440552
716,21.68199999999996,318,0.0,True,-0.18000103533267975,0.8852037787437439,1.1162611246109009,0.2614845633506775,0.2252269685268402,0.008306542038917541,0.0505040317773819,0.9966655969619751,0.09475894570350647,4.517718505859375,1.7774843215942382,0.2252269685268402,1.4823858737945557,-2.4129254817962646,7.550535202026367,4.504754543304443,2.2268238067626953,4.27952766418457,1.693809151649475,0.5568498373031616
717,21.888000000000005,112,0.0,True,-1.6401808261871338,2.458827257156372,1.0447545051574707,-0.4118119478225708,1.5181478261947632,-0.004712581168860197,0.0,1.005836009979248,0.04512867517769337,5.99792742729187,2.0494304299354553,1.5181478261947632,1.5834293365478516,-0.2594201862812042,6.993920803070068,7.388175010681152,2.0603699684143066,5.8700270652771,1.9933785200119019,0.4093815088272095
718,21.81599999999999,184,0.0,True,-0.36038270592689514,1.6850504875183105,0.8974301218986511,0.48124510049819946,0.2732052505016327,0.0034128008410334587,0.005952381218473117,0.9976552526156107,0.04465987905859947,7.123991330464681,1.463558514912923,0.2732052505016327,1.6363351345062256,-3.756503105163574,6.05618143081665,7.155510902404785,1.9132286310195923,6.88230562210083,1.490293025970459,0.2685060501098633
719,21.74799999999999,252,0.0,True,-0.3215954899787903,0.5916067957878113,1.1493791341781616,-0.026941470801830292,0.4537208676338196,-0.0003126297378912568,0.00390625,1.0011620372533798,0.039503565058112144,4.984136343002319,2.0541854202747345,0.4537208676338196,1.4129503965377808,-2.9178037643432617,6.612479209899902,5.089605331420898,2.4209530353546143,4.6358842849731445,2.0116610527038574,0.6593713760375977
720,21.961000000000006,39,0.0,True,-4.366531848907471,14.829874992370605,0.9965654015541077,3.0474090576171875,4.356765270233154,-0.0009411420905962586,0.0,1.0011814832687378,0.021668998524546623,7.81353759765625,2.461915969848633,4.356765270233154,3.377084493637085,-0.182366281747818,9.584277153015137,12.081969261169434,1.7700031995773315,7.725202560424805,2.451307773590088,-2.6402883529663086
721,21.844000000000026,156,0.0,True,-0.2051963061094284,0.6671110987663269,0.901036262512207,0.12745819985866547,0.28612220287323,8.82440557082494e-05,0.0,1.0020330548286438,0.06057744845747948,8.818041483561197,1.6436368624369304,0.28612220287323,1.3338052034378052,-2.4426846504211426,5.301568984985352,8.765478134155273,1.5216577053070068,8.479355812072754,1.6455272436141968,0.23166459798812866
722,9.549999999999878,450,0.0,False,-2.2665627002716064,3.4645609855651855,0.7928202152252197,-0.5350750088691711,-0.24893881380558014,-0.006086851703003049,0.044921875,1.01202841848135,0.09722696524113417,4.755229413509369,1.1207699701189995,-0.24893881380558014,1.3944133520126343,-4.331995010375977,7.161780834197998,4.791142463684082,1.9716540575027466,5.04008150100708,1.20626962184906,0.4998254179954529
723,21.55899999999992,441,0.0,True,0.15340037643909454,0.48683786392211914,1.0604965686798096,0.39575880765914917,-0.24353408813476562,0.0010767058868493354,0.0025062656828335355,0.9998817699296134,0.041499262409550805,4.883524485996792,1.752387523651123,-0.24353408813476562,1.086401343345642,-3.6942012310028076,5.793318748474121,4.961026191711426,2.1649937629699707,5.204559803009033,1.7556267976760864,0.7481933236122131
724,21.617999999999967,382,0.0,True,0.3485778570175171,0.6260659098625183,1.1871144771575928,0.660423755645752,-0.25257977843284607,0.024829110130667686,0.18371975421905518,0.9894724686940511,0.17010834937294325,5.487003485361735,2.2257404128710427,-0.25257977843284607,1.3271145820617676,-3.0935239791870117,6.885316848754883,5.558528423309326,2.367784261703491,5.811108112335205,2.325334310531616,0.6858532428741455
725,-0.45000000000000034,450,0.0,False,1.0513050556182861,0.015523096546530724,1.2001473903656006,1.0578664541244507,-0.7787744402885437,-0.02102335775271058,0.154296875,1.04136523604393,0.19886342901736498,3.701420783996582,0.22996872290968895,-0.7787744402885437,0.3214232921600342,-1.633467197418213,0.03775900602340698,3.9042704105377197,0.13009195029735565,4.683044910430908,0.316630482673645,-5.104549884796143
726,21.806000000000004,194,0.0,True,-2.5969927310943604,5.046154975891113,1.2067070007324219,-0.07512194663286209,0.5022952556610107,-0.014744577929377556,0.1015625,1.025156781077385,0.1130293756723404,6.270746827125549,1.2034978568553925,0.5022952556610107,1.3822753429412842,-1.952879786491394,5.114073753356934,6.4568562507629395,2.062366247177124,5.95456075668335,1.4303020238876343,0.5507816076278687
727,21.85200000000002,148,0.0,True,-0.8897558450698853,1.072636604309082,0.9236180186271667,-0.3543611466884613,0.8270681500434875,0.0025195572525262833,0.0,0.9982655644416809,0.03840792179107666,7.379245281219482,2.2505083084106445,0.8270681500434875,1.5148648023605347,-1.7516909837722778,5.57285213470459,7.806916236877441,2.1342926025390625,6.979848861694336,2.1772687435150146,0.4962213635444641
728,21.60500000000009,395,0.0,True,0.6748517155647278,0.29065224528312683,1.16933274269104,0.8190085291862488,-0.712096095085144,0.041575648954936435,0.20860389726502554,0.9784286958830697,0.2010740488767624,7.991280283246722,2.152794292994908,-0.712096095085144,1.2235286235809326,-4.550984859466553,4.799565315246582,7.565042972564697,1.9725992679595947,8.277138710021973,2.3476243019104004,0.6152749061584473
729,-0.45000000000000034,450,0.0,False,0.7042677998542786,0.010625123977661133,1.3248902559280396,0.7082554697990417,-0.8685358166694641,0.15850086323916912,0.572265625,0.9305785447359085,0.5685461368411779,4.0911237597465515,0.17003765888512135,-0.8685358166694641,0.21657595038414001,-1.5475435256958008,-0.052761077880859375,4.399939060211182,0.12597423791885376,5.26847505569458,0.21100862324237823,-1.9556756019592285
730,21.821999999999996,178,0.0,True,-0.6345927715301514,0.7264025807380676,1.0407509803771973,-0.27243223786354065,0.6213386654853821,-0.001992496739452084,0.0,1.0025405883789062,0.03258505277335644,6.24061648050944,2.185534954071045,0.6213386654853821,1.1926355361938477,-0.9786338210105896,5.755951881408691,6.596892356872559,2.386590003967285,5.9755539894104,2.1671833992004395,0.7502762079238892
731,21.846000000000025,154,0.0,True,-0.2198331654071808,0.7115857601165771,1.1301774978637695,0.1348295360803604,0.6507925391197205,0.005899607824782531,0.0,0.9950458407402039,0.041937525694568954,7.373828570048015,1.6122022867202759,0.6507925391197205,1.6808452606201172,-1.4758926630020142,6.417886734008789,7.565662860870361,1.794181227684021,6.91486930847168,1.677897572517395,0.12234699726104736
732,21.913000000000004,87,0.0,True,-2.339146852493286,4.9370856285095215,0.9304479956626892,0.12846551835536957,1.8350926637649536,-0.0008032846671994776,0.0,1.0015481114387512,0.03817835636436939,7.91309118270874,1.1055374145507812,1.8350926637649536,2.547246217727661,-0.6750003099441528,9.319740295410156,9.306533813476562,2.619626045227051,7.471441268920898,1.2378509044647217,0.054496169090270996
733,21.810000000000038,190,0.0,True,-0.1984483003616333,1.538423776626587,1.0062427520751953,0.569757342338562,0.05721287056803703,0.006508464304109414,0.06821236511071523,0.9987662235895792,0.0972459688782692,8.66240151723226,1.3310129245122273,0.05721287056803703,1.7509952783584595,-3.844714403152466,5.963741302490234,8.193998336791992,2.0037484169006348,8.136785507202148,1.4228781461715698,0.23636889457702637
734,21.59800000000001,402,0.0,True,0.59300696849823,1.147067666053772,1.0542560815811157,1.1654865741729736,-0.7777110934257507,-0.002310248091816902,0.016865079424210956,1.0060866134507316,0.08042358181306294,7.338859489985874,1.4693835292543684,-0.7777110934257507,1.2641128301620483,-4.682351112365723,4.90405797958374,7.4320149421691895,1.44449782371521,8.209725379943848,1.5453834533691406,0.23416036367416382
735,21.69699999999999,303,0.0,True,0.33407121896743774,0.6403025984764099,1.083869218826294,0.6531386375427246,-0.39546218514442444,0.022499826923012733,0.17347074151039124,0.9884058594703674,0.13457047194242477,6.968565273284912,1.2622427463531494,-0.39546218514442444,1.1161231994628906,-3.217089891433716,3.609219551086426,7.1261749267578125,1.6734730005264282,7.521637916564941,1.2302874326705933,0.5551773309707642
736,-0.45000000000000034,450,0.0,False,0.8843927979469299,0.02986288256943226,1.0813348293304443,0.8982428908348083,-0.9375263452529907,0.0074577846098691225,0.05859375,0.9955593720078468,0.07347560860216618,4.578654110431671,0.17010406963527203,-0.9375263452529907,0.23347099125385284,-1.5356563329696655,0.008042514324188232,4.723214149475098,0.11537077277898788,5.660740375518799,0.1978239119052887,-3.095189094543457
737,21.923,77,0.0,True,-2.1823508739471436,2.7029550075531006,0.9853542447090149,-0.83185875415802,1.8750971555709839,-0.00034544624213594943,0.0,1.0003931522369385,0.009668295737355947,7.402599334716797,0.6722211241722107,1.8750971555709839,1.3379039764404297,-0.4760349690914154,5.387454986572266,9.18554401397705,1.4505009651184082,7.3104472160339355,0.7159326076507568,0.14922678470611572
738,21.60199999999991,398,0.0,True,0.02918904274702072,0.6002726554870605,1.2071536779403687,0.328118234872818,-0.27014291286468506,0.0013499754880155837,0.03029336780309677,1.0026656133787972,0.0829074973506587,4.93009158543178,1.371979764529637,-0.27014291286468506,1.27499258518219,-3.334090232849121,4.488272666931152,5.111063480377197,1.8841311931610107,5.381206512451172,1.2804346084594727,0.5420764684677124
739,21.82100000000002,179,0.0,True,-0.20731842517852783,0.46391865611076355,0.9618731141090393,0.023679029196500778,0.20914047956466675,0.0007526150438934565,0.0,0.9998867511749268,0.03471980926891168,7.524463812510173,1.1411676406860352,0.20914047956466675,1.0824612379074097,-2.151082992553711,3.616659164428711,7.467926025390625,1.6589196920394897,7.258785247802734,1.172871470451355,0.5742310285568237
740,5.5499999999999,450,0.0,False,1.020684003829956,0.0031186670530587435,1.3034765720367432,1.0209399461746216,-0.7760892510414124,0.022402407485060394,0.189453125,0.9942208230495453,0.18661246355623007,5.20401930809021,1.017729975283146,-0.7760892510414124,0.5666910409927368,-1.9702926874160767,1.3311409950256348,5.5082106590271,1.0737653970718384,6.284300327301025,1.2510769367218018,0.7214688062667847
741,21.626000000000076,374,0.0,True,0.3588798940181732,0.8180293440818787,1.2448999881744385,0.7666496634483337,-0.37672320008277893,-0.005263248613725106,0.24180169900258383,1.0210344394048054,0.18348824977874756,6.369744777679443,1.633521835009257,-0.37672320008277893,1.2673792839050293,-2.9877724647521973,3.8628556728363037,6.220790863037109,1.7112133502960205,6.597513198852539,1.8073428869247437,0.4514642357826233
742,-0.45000000000000034,450,0.0,False,1.71431303024292,0.0335431843996048,1.0539392232894897,1.7300306558609009,-1.2358005046844482,0.01034517539665103,0.205078125,1.0119166895747185,0.23139519337564707,5.937969326972961,0.19726761989295483,-1.2358005046844482,0.29525890946388245,-1.9182652235031128,-0.06977510452270508,6.192290782928467,0.09243324398994446,7.428091526031494,0.28096115589141846,-9.203499794006348
743,21.74999999999998,250,0.0,True,0.08730031549930573,0.43273288011550903,1.1220718622207642,0.3025447130203247,0.1750565618276596,-0.0027995629934594035,0.0,1.0031245648860931,0.023749362910166383,5.637691497802734,1.7183778584003448,0.1750565618276596,1.077594518661499,-3.706127643585205,3.612260580062866,5.717967987060547,2.1130967140197754,5.542911529541016,1.7133256196975708,0.7399410009384155
744,21.572999999999894,427,0.0,True,0.06634533405303955,0.726301372051239,1.2478646039962769,0.42824816703796387,-0.0942053496837616,0.012189381223704134,0.041164866515568325,0.9922539591789246,0.0922888315149716,4.194263219833374,1.1175601141793388,-0.0942053496837616,1.4571365118026733,-3.826225519180298,6.728795528411865,4.3748555183410645,1.9193240404129028,4.469060897827148,1.1783008575439453,0.42362672090530396
745,21.842999999999993,157,0.0,True,-0.9159404039382935,1.6361864805221558,0.9626209735870361,-0.09880978614091873,0.7071434855461121,0.0016129675010840099,0.0,0.9990723927815756,0.0356897891809543,6.379907290140788,1.1712075074513753,0.7071434855461121,1.3101102113723755,-1.2181062698364258,4.8397040367126465,6.911541938781738,1.8999921083450317,6.204397678375244,1.187987208366394,0.5245421528816223
746,21.82799999999998,172,0.0,True,-0.4360159635543823,0.7161292433738708,1.033796787261963,-0.07898513972759247,0.628972053527832,-0.0023291680651406446,0.020359848936398823,1.004701316356659,0.06520286947488785,6.472075939178467,1.4631292819976807,0.628972053527832,1.6915274858474731,-1.499466896057129,7.219426155090332,6.723678112030029,2.285568952560425,6.0947065353393555,1.4564576148986816,0.4522663950920105
747,21.858000000000033,142,0.0,True,-1.281075358390808,1.9060797691345215,1.0522408485412598,-0.3290877044200897,0.6874420046806335,0.0014803794426067423,0.0,0.9994521935780843,0.042042333632707596,7.361303806304932,1.4561329285303752,0.6874420046806335,1.6068423986434937,-1.8462544679641724,5.005258560180664,7.844210624694824,1.355770230293274,7.156767845153809,1.4570579528808594,-0.40467000007629395
748,9.549999999999965,450,0.0,False,0.47538232803344727,0.043268781155347824,1.1547104120254517,0.4958620071411133,-0.3475692570209503,0.02961481991223991,0.201171875,0.9896206706762314,0.20002414472401142,4.776603639125824,0.9754603430628777,-0.3475692570209503,0.8497418761253357,-1.362566590309143,3.976137399673462,4.824525356292725,1.4884922504425049,5.172094345092773,0.9591324329376221,0.6741025447845459
749,21.77099999999997,229,0.0,True,-0.3280576765537262,0.5951857566833496,1.0979410409927368,-0.03156273812055588,0.30306726694107056,0.005773315206170082,0.01066300692036748,0.9965062290430069,0.06282073073089123,5.994776964187622,1.7260315418243408,0.30306726694107056,1.2248516082763672,-2.0991883277893066,4.443364143371582,6.035888671875,2.4060258865356445,5.732821464538574,1.6885429620742798,0.7408409118652344
750,5.5499999999998995,450,0.0,False,1.1324076652526855,0.017313381657004356,1.2775731086730957,1.1397868394851685,-0.7185425162315369,0.011406828416511416,0.341796875,1.032324142754078,0.3195328116416931,4.6387412548065186,0.5452017597854137,-0.7185425162315369,0.6170272827148438,-2.977717876434326,1.773085117340088,4.831836223602295,0.9571312665939331,5.550378799438477,0.7050751447677612,0.5844093561172485
751,5.549999999999875,450,0.0,False,-0.5013885498046875,0.6100339293479919,1.3302236795425415,-0.1977018117904663,-0.5772427320480347,0.006012393976561725,0.103515625,1.0022252723574638,0.11905820993706584,3.462785392999649,0.7786257490515709,-0.5772427320480347,0.69696444272995,-3.464322566986084,1.8228566646575928,3.6699798107147217,0.9089557528495789,4.247222423553467,0.9415467381477356,0.41205620765686035
752,21.679999999999914,320,0.0,True,0.21308815479278564,0.7188677787780762,1.2361316680908203,0.5712859034538269,0.13916194438934326,0.0273457545787096,0.246875,0.9881981015205383,0.16161448061466216,4.4790425300598145,1.0905344605445861,0.13916194438934326,1.7998074293136597,-3.657122850418091,9.717361450195312,4.460933685302734,2.1826632022857666,4.321771144866943,1.0505235195159912,0.3200474977493286
753,21.768999999999977,231,0.0,True,-0.19847312569618225,0.7429746985435486,1.1956321001052856,0.1718185842037201,0.3072167634963989,-0.00024251313880085945,0.07892628386616707,1.0051780194044113,0.09919926151633263,5.71565568447113,1.5753857493400574,0.3072167634963989,1.5514497756958008,-4.4795989990234375,7.665774345397949,5.9286394119262695,2.251006603240967,5.62142276763916,1.6196774244308472,0.5249689817428589
754,21.716999999999945,283,0.0,True,0.5879740118980408,0.521428644657135,1.1712876558303833,0.8475170731544495,0.07285244017839432,0.00907505750656128,0.025,0.994766104221344,0.08268700242042541,5.766514492034912,1.133001446723938,0.07285244017839432,1.7663357257843018,-3.0514492988586426,8.90593433380127,5.73569393157959,2.0981271266937256,5.662841320037842,1.1875563859939575,0.2912665605545044
755,21.590999999999894,409,0.0,True,0.2248654067516327,0.7781365513801575,1.2654484510421753,0.6126682162284851,-0.2793307602405548,0.010097125012959753,0.013392857142857142,0.9920466712542942,0.06405181544167655,5.080399377005441,1.1201723899160112,-0.2793307602405548,1.4769909381866455,-3.385295867919922,6.2096357345581055,5.298430919647217,2.037722110748291,5.577761650085449,1.291618824005127,0.47462940216064453
756,21.67599999999997,324,0.0,True,0.0591684952378273,0.10288095474243164,1.1401063203811646,0.10946886986494064,-0.08826714754104614,0.0008243159390985966,0.0078125,1.0010928412278493,0.057056656728188195,5.597045818964641,1.292654772599538,-0.08826714754104614,1.276161789894104,-2.3562755584716797,5.613278388977051,5.685488700866699,1.9559128284454346,5.77375602722168,1.4228829145431519,0.5742913484573364
757,5.549999999999877,450,0.0,False,0.3754676878452301,0.026703665032982826,1.383483648300171,0.38743603229522705,-0.5426797270774841,0.009919353644363582,0.0703125,0.9945749193429947,0.0875097494572401,3.717232882976532,0.5953183174133301,-0.5426797270774841,0.5888322591781616,-2.5515670776367188,1.7204805612564087,3.8764235973358154,1.0200035572052002,4.419103622436523,0.7433139681816101,0.6667425632476807
758,21.669999999999987,330,0.0,True,0.40708351135253906,0.42636147141456604,1.1203733682632446,0.6191438436508179,0.04718896001577377,-0.006370630736152331,0.03854166716337204,1.0095067123572032,0.0776912309229374,5.148404041926066,1.620706021785736,0.04718896001577377,1.1697570085525513,-2.5445125102996826,4.530280590057373,5.049535751342773,2.0864357948303223,5.002346992492676,1.5650826692581177,0.6856733560562134
759,5.549999999999919,450,0.0,False,0.6577508449554443,0.05772130563855171,1.0700654983520508,0.6855413913726807,-0.39234036207199097,-0.0007168600568547845,0.037109375,1.0041027665138245,0.07216619327664375,3.1910439133644104,0.5192320384085178,-0.39234036207199097,0.4578225910663605,-1.68555748462677,1.3508310317993164,3.275575637817383,0.8842534422874451,3.6679160594940186,0.5957485437393188,0.7319344878196716
760,21.707,293,0.0,True,-0.2706807553768158,0.5849277973175049,1.2145462036132812,0.020568596199154854,0.27688121795654297,0.004565673135221005,0.07846283912658691,1.00093013048172,0.09864417016506195,4.550327205657959,2.1357442855834963,0.27688121795654297,1.3103069067001343,-1.6652417182922363,6.343992233276367,4.492973327636719,2.3968827724456787,4.216091632843018,2.030093193054199,0.7011505365371704
761,5.5499999999998835,450,0.0,False,0.3906344175338745,0.0017808206612244248,1.3462620973587036,0.3901785612106323,-0.34727513790130615,0.0281744422391057,0.056640625,0.9788817539811134,0.10128483176231384,2.5172245800495148,0.7453810349106789,-0.34727513790130615,0.38494256138801575,-2.436352252960205,1.4139505624771118,2.7038991451263428,1.0091097354888916,3.0511741638183594,0.8684035539627075,0.8544825911521912
762,5.549999999999878,450,0.0,False,0.35439184308052063,0.019870148971676826,1.4069944620132446,0.3629199266433716,-0.5076776742935181,0.011557384044863284,0.3515625,1.0107281878590584,0.21704292856156826,3.0509380102157593,0.982296533882618,-0.5076776742935181,0.4028361439704895,-1.8021600246429443,0.7887811660766602,3.21916127204895,1.21052885055542,3.726839065551758,1.1741282939910889,0.8892594575881958
763,21.903000000000002,97,0.0,True,-2.032641887664795,3.7590484619140625,1.0906047821044922,-0.1542082577943802,1.9789786338806152,0.013614246621727943,0.06060606241226196,0.9902319312095642,0.07709121517837048,5.7134411334991455,1.6151171326637268,1.9789786338806152,1.7278530597686768,0.02634061872959137,7.717094421386719,7.526923179626465,1.875674843788147,5.547945022583008,1.5801016092300415,0.151408851146698
764,21.900000000000006,100,0.0,True,-2.029078245162964,4.744191646575928,1.0587854385375977,0.34195879101753235,2.0608901977539062,0.021021611988544464,0.0789930559694767,0.983650416135788,0.08470975607633591,5.737319231033325,0.9193344414234161,2.0608901977539062,2.364705801010132,-0.7346068620681763,8.629204750061035,7.55409574508667,2.757896661758423,5.49320650100708,0.9388364553451538,0.26481205224990845
765,21.84400000000001,156,0.0,True,-0.4115641713142395,0.2815280854701996,0.8875424861907959,-0.27168765664100647,0.47122639417648315,0.003653068095445633,0.03125,0.9991692701975504,0.06838547065854073,7.855267842610677,1.4341185092926025,0.47122639417648315,1.3382041454315186,-1.8215209245681763,5.158985614776611,7.86004638671875,1.582513689994812,7.388819694519043,1.3933168649673462,0.2849277853965759
766,9.549999999999917,450,0.0,False,-0.6044939756393433,0.6348662972450256,1.2704839706420898,-0.2883313000202179,-0.4115295112133026,0.008260992355644703,0.037109375,0.994627058506012,0.07025577407330275,4.882544428110123,1.265017345547676,-0.4115295112133026,0.8764042258262634,-2.781505584716797,3.761701822280884,5.047895431518555,1.7784841060638428,5.45942497253418,1.5036576986312866,0.7571662664413452
767,21.703999999999965,296,0.0,True,0.015709150582551956,0.6106510758399963,1.2007471323013306,0.3198339641094208,0.03223423287272453,0.0029875243082642554,0.00625,0.9991287469863892,0.06209464892745018,5.430515384674072,1.9492834091186524,0.03223423287272453,1.038561463356018,-3.004951000213623,3.930492877960205,5.4367289543151855,2.4252185821533203,5.404494285583496,1.948085069656372,0.8166154623031616
768,21.784000000000024,216,0.0,True,0.12352272123098373,0.2292289137840271,1.1346896886825562,0.23700249195098877,0.08634071052074432,0.005380973452702165,0.07161458395421505,0.9994668811559677,0.10023066308349371,7.082316756248474,1.7852677702903748,0.08634071052074432,1.375867247581482,-1.5619165897369385,5.207630157470703,7.237811088562012,1.8669238090515137,7.15147066116333,1.9073896408081055,0.45687490701675415
769,21.826000000000015,174,0.0,True,-0.37874504923820496,1.9420710802078247,1.0204322338104248,0.5912700891494751,0.3886473774909973,-0.0016887078527361155,0.005208333333333333,1.0025816957155864,0.04151569431026777,7.108320236206055,1.087118407090505,0.3886473774909973,1.8841863870620728,-1.46663498878479,7.377396583557129,7.469413757324219,2.42569899559021,7.0807671546936035,1.0921975374221802,0.3966436982154846
770,21.87600000000002,124,0.0,True,-1.2768549919128418,1.9624072313308716,1.040038824081421,-0.2966914176940918,1.300241231918335,0.0001056549372151494,0.0,1.0000902116298676,0.019163771998137236,6.420025587081909,1.1868467926979065,1.300241231918335,1.6591026782989502,-0.6899218559265137,5.873501777648926,7.559322357177734,2.1223886013031006,6.2590813636779785,1.1746227741241455,0.38892191648483276
771,-0.45000000000000034,450,0.0,False,0.6587589383125305,0.08349619805812836,1.1998142004013062,0.6993072032928467,-0.7441296577453613,0.019011752912774682,0.30078125,1.005165234208107,0.21519891545176506,3.782762497663498,0.2502662129700184,-0.7441296577453613,0.32716503739356995,-1.549271821975708,0.07302474975585938,3.734804153442383,0.15138660371303558,4.478933811187744,0.3376052975654602,-3.670450210571289
772,21.912999999999997,87,0.0,True,-2.0994889736175537,4.190079689025879,1.020434856414795,-0.0054695638827979565,1.6396090984344482,0.008720092475414276,0.0,0.9925880432128906,0.04726177267730236,7.710458755493164,0.708982914686203,1.6396090984344482,1.9607775211334229,-1.2269080877304077,7.117236614227295,9.304861068725586,1.85753333568573,7.665250778198242,0.7239088416099548,-0.11425209045410156
773,21.633999999999915,366,0.0,True,0.0779276192188263,0.8672711253166199,1.2521032094955444,0.5103110671043396,-0.047031380236148834,0.00899323308840394,0.029664855139950912,0.9940858880678812,0.07181193865835667,4.564262628555298,1.6508885025978088,-0.047031380236148834,1.36273992061615,-3.8676774501800537,7.453676223754883,4.703506946563721,2.3368730545043945,4.750538349151611,1.6439543962478638,0.6599398255348206
774,21.764999999999986,235,0.0,True,-0.5170779824256897,0.5297217965126038,1.1772211790084839,-0.25339430570602417,0.24658218026161194,-0.0014292423147708178,0.02925145346671343,1.0058946311473846,0.09108374640345573,5.95472776889801,1.9173237979412079,0.24658218026161194,1.0902258157730103,-3.144713878631592,4.035975456237793,6.012797832489014,2.274044990539551,5.7662153244018555,1.8358840942382812,0.7701551914215088
775,21.759000000000018,241,0.0,True,0.33832982182502747,0.4775965213775635,0.9665464162826538,0.5761615037918091,-0.24560967087745667,0.0067967614158988,0.019212372601032257,0.9961934983730316,0.07178409956395626,7.889880537986755,1.6097920835018158,-0.24560967087745667,1.073167324066162,-1.6544548273086548,4.556432247161865,7.744429111480713,1.601637363433838,7.9900383949279785,1.6218852996826172,0.5510411858558655
776,21.735999999999947,264,0.0,True,-0.914117693901062,2.7541539669036865,1.157733678817749,0.46180155873298645,0.2940470278263092,0.004568248987197876,0.00625,0.9976216316223144,0.06543283984065056,5.198660182952881,0.8274389386177063,0.2940470278263092,1.7741849422454834,-1.7504385709762573,9.225489616394043,5.402062892913818,2.1163880825042725,5.108015537261963,0.892500638961792,0.2972397208213806
777,5.549999999999887,450,0.0,False,0.5432254672050476,0.00892421044409275,1.2228565216064453,0.546464741230011,-0.4109293818473816,-0.003805922344326973,0.044921875,1.0075884908437729,0.08523950725793839,3.1814618706703186,0.9524475187063217,-0.4109293818473816,0.48596253991127014,-2.092543601989746,1.7257977724075317,3.2029900550842285,1.1532775163650513,3.613919258117676,0.9944139719009399,0.8224429488182068
778,21.595999999999904,404,0.0,True,-0.2049393504858017,1.6171703338623047,1.3390511274337769,0.6023067235946655,0.25039732456207275,0.010272246120231492,0.19375000042574747,1.0030904156821114,0.15341563735689437,3.1453732763017928,1.6009232146399361,0.25039732456207275,1.7213679552078247,-3.3741791248321533,9.718297958374023,3.1474409103393555,2.3963851928710938,2.8970439434051514,1.5611913204193115,0.4840184450149536
779,21.74100000000001,259,0.0,True,0.9637174606323242,0.29405954480171204,1.0717334747314453,1.1096755266189575,0.10136466473340988,-0.036997952684760096,0.15104166865348817,1.052756130695343,0.15721765160560608,5.99381742477417,2.0207836389541627,0.10136466473340988,1.4208229780197144,-2.4400570392608643,7.426342010498047,6.110148906707764,2.2651073932647705,6.008784294128418,2.259829521179199,0.6065384149551392
780,21.60699999999998,393,0.0,True,0.9233797192573547,0.31796494126319885,1.101746916770935,1.0812604427337646,-0.3844849765300751,0.02676776424050331,0.2534722260066441,0.9916116169520787,0.1918289821062769,6.039863654545376,1.407984972000122,-0.3844849765300751,1.2037080526351929,-3.9058096408843994,4.237428188323975,6.253838539123535,1.8429116010665894,6.638323783874512,1.5086051225662231,0.5733876824378967
781,21.71699999999997,283,0.0,True,-0.6049225330352783,0.7362677454948425,1.142289161682129,-0.23793095350265503,0.3755534291267395,-0.003123581036925316,0.027314814925193786,1.0067367076873779,0.07428592294454575,4.013692569732666,1.8764878273010255,0.3755534291267395,1.3922200202941895,-5.085615158081055,6.007120609283447,4.023831367492676,2.412447929382324,3.648277997970581,1.7628891468048096,0.6669573783874512
782,21.922999999999995,77,0.0,True,-3.0472891330718994,5.743585586547852,1.0137416124343872,-0.17651008069515228,2.3334529399871826,0.01068466529250145,0.0,0.9910649955272675,0.05583605542778969,7.274305820465088,1.2985658645629883,2.3334529399871826,1.872626543045044,-0.2848331928253174,8.17193603515625,9.343464851379395,2.1969308853149414,7.010011196136475,1.2475204467773438,0.2734432816505432
783,21.769999999999996,230,0.0,True,0.35502856969833374,0.7320258021354675,1.0241936445236206,0.7200172543525696,0.12546731531620026,0.011828767135739326,0.08490953966975212,0.9941226840019226,0.10336739011108875,6.79685378074646,1.5643809139728546,0.12546731531620026,1.278334617614746,-3.0491201877593994,4.509864330291748,6.607738494873047,1.935828685760498,6.48227071762085,1.5300745964050293,0.5639309883117676
784,21.592999999999936,407,0.0,True,0.4256110191345215,0.2615443766117096,1.0653247833251953,0.5553178787231445,-0.325935423374176,0.006235054727377636,0.03571428571428571,0.9974516459873745,0.08619618735143117,5.2795451028006415,1.8097388063158308,-0.325935423374176,0.933368444442749,-1.9624253511428833,3.723325252532959,5.491150856018066,2.1724021434783936,5.8170857429504395,1.888498306274414,0.8154025077819824
785,5.549999999999944,450,0.0,False,0.6873865127563477,0.004316536244004965,1.208891749382019,0.6883358955383301,-0.3966746926307678,0.0043220738880336285,0.0078125,0.9973801150918007,0.056741299806162715,3.1666706800460815,0.5771652609109879,-0.3966746926307678,0.44036075472831726,-1.1590540409088135,1.5932621955871582,3.2217469215393066,0.9421566724777222,3.618421792984009,0.7142836451530457,0.7815404534339905
786,21.76099999999996,239,0.0,True,-0.04533469304442406,0.9736232757568359,1.0690854787826538,0.4404078423976898,0.1578012853860855,0.006001277128234506,0.07347074337303638,0.9997502118349075,0.0990868229418993,5.628557920455933,1.533155381679535,0.1578012853860855,1.420027732849121,-3.9495368003845215,5.293376922607422,5.650671482086182,2.2433366775512695,5.492870330810547,1.5044804811477661,0.5993134379386902
787,21.834000000000003,166,0.0,True,-0.7489660978317261,1.5325067043304443,1.1445531845092773,0.016142701730132103,0.6713072061538696,-0.0004068434548874696,0.0,1.0017524361610413,0.048926182091236115,6.218464533487956,2.708305517832438,0.6713072061538696,1.570974588394165,-1.3384910821914673,6.852602481842041,6.685500144958496,2.6151678562164307,6.014193058013916,2.7088279724121094,0.6391396522521973
788,21.793000000000006,207,0.0,True,-0.6708763241767883,1.3935586214065552,0.9477434158325195,0.02495524287223816,0.3243958353996277,0.005432151490822434,0.0234375,0.9970625340938568,0.06533243600279093,6.938097715377808,1.8111408948898315,0.3243958353996277,1.4378775358200073,-1.4077067375183105,6.683534145355225,6.881411075592041,2.2003419399261475,6.5570149421691895,1.8477205038070679,0.5729650855064392
789,21.85199999999999,148,0.0,True,0.007977577857673168,0.609284520149231,0.9781473278999329,0.3116416931152344,0.747014582157135,-0.003285109531134367,0.0,1.004029393196106,0.03727130653957526,6.824146747589111,2.0132033030192056,0.747014582157135,1.5584254264831543,-2.1046175956726074,6.479549884796143,7.367974758148193,2.4365053176879883,6.620960712432861,2.067890167236328,0.5908926725387573
790,21.88100000000002,119,0.0,True,-1.0854995250701904,1.9519954919815063,0.9390526413917542,-0.11044083535671234,0.9695864915847778,0.0007821033796062693,0.0,0.9996058344841003,0.02747748140245676,8.054702520370483,1.8111116886138916,0.9695864915847778,1.8293442726135254,-2.4845223426818848,6.147254467010498,8.841739654541016,1.7777736186981201,7.872152805328369,1.843090295791626,-0.05885875225067139
791,5.5499999999998835,450,0.0,False,3.082834482192993,3.3819265365600586,0.9163835048675537,4.772881507873535,-1.0336304903030396,0.016192925861105323,0.220703125,1.0013753399252892,0.18064658530056477,7.333846032619476,1.1504952982068062,-1.0336304903030396,1.106899619102478,-7.226045608520508,1.664426565170288,6.639538288116455,0.6911369562149048,7.6731696128845215,1.0588867664337158,-1.5650053024291992
792,21.786999999999956,213,0.0,True,-0.5734443068504333,2.0516252517700195,1.2032732963562012,0.4511650502681732,0.3341540992259979,0.0015357737429440022,0.04334077425301075,1.0011465400457382,0.06563108414411545,5.681676030158997,1.6817004084587097,0.3341540992259979,1.7990387678146362,-1.8945404291152954,8.292852401733398,5.881187438964844,2.5058395862579346,5.547033309936523,1.6840689182281494,0.48456430435180664
793,21.847999999999992,152,0.0,True,-1.3997501134872437,2.943969488143921,0.9702825546264648,0.07126434892416,0.9321902394294739,0.0029917015926912427,0.0,0.9977401494979858,0.037206786374251045,6.208652178446452,2.3038803736368814,0.9321902394294739,1.5803380012512207,-1.379206657409668,6.486625671386719,6.977461814880371,2.635422468185425,6.045271873474121,2.2837717533111572,0.6404167413711548
794,21.805,195,0.0,True,1.8598259687423706,2.3503761291503906,1.0990755558013916,3.0339150428771973,0.09850520640611649,-0.005813135299831629,0.00390625,1.0075912773609161,0.05227674636989832,7.349245548248291,1.3792285025119781,0.09850520640611649,1.4549946784973145,-2.2194361686706543,6.705235958099365,7.180517196655273,1.8895964622497559,7.082012176513672,1.600713849067688,0.40709561109542847
795,21.899000000000015,101,0.0,True,-0.19260692596435547,0.3772401511669159,0.5967586636543274,-0.004583609290421009,0.4751434922218323,-0.00010591221507638693,0.0,1.0003274977207184,0.020982922054827213,10.304616928100586,1.2145925760269165,0.4751434922218323,1.200540542602539,-2.2212953567504883,4.274858474731445,10.707062721252441,1.1451431512832642,10.231919288635254,1.2192493677139282,-0.09909224510192871
796,5.5499999999999625,450,0.0,False,0.6705926060676575,0.02323523908853531,1.051822543144226,0.6811583638191223,-0.5097101926803589,-0.0009158860193565488,0.0546875,1.006512925028801,0.10500114411115646,4.166775047779083,0.7357679903507233,-0.5097101926803589,0.6814835071563721,-4.872626304626465,2.13796329498291,4.287274360656738,1.0664891004562378,4.796984672546387,0.8988813757896423,0.5916826725006104
797,21.63399999999998,366,0.0,True,0.31893980503082275,0.27275776863098145,1.032697319984436,0.45428597927093506,-0.243159681558609,0.008909165548781553,0.05763134111960729,0.9983110427856445,0.12278047514458497,5.7762002150217695,1.6462759772936504,-0.243159681558609,1.279503345489502,-2.9911160469055176,7.099135398864746,5.8143744468688965,2.0240776538848877,6.057534217834473,1.679535150527954,0.6003971695899963
798,21.678999999999945,321,0.0,True,1.7985126972198486,0.6621074676513672,0.9884268045425415,2.128577947616577,-0.7302520871162415,0.05682713631540537,0.3177083333333333,0.9725714723269144,0.2319613347450892,7.895143111546834,0.9175343712170919,-0.7302520871162415,1.0807304382324219,-2.9195234775543213,4.707104682922363,7.874128341674805,1.5781900882720947,8.604379653930664,1.1592693328857422,0.5310612320899963
799,21.802999999999976,197,0.0,True,-0.7018551230430603,0.3499729037284851,0.686525821685791,-0.5275552272796631,0.28724050521850586,-0.018110514618456364,0.10546875,1.0271706581115723,0.11533323023468256,7.361891388893127,2.101700723171234,0.28724050521850586,1.0242843627929688,-3.3335983753204346,3.0657601356506348,6.914017677307129,2.471035957336426,6.626777172088623,2.098552942276001,0.8281763792037964
800,21.946,54,0.0,True,-3.3026645183563232,7.465130805969238,0.823518693447113,0.4290773570537567,3.312608480453491,0.004905662965029478,0.0,0.9954172968864441,0.024533724412322044,7.696334362030029,1.727484941482544,3.312608480453491,2.104477882385254,0.03566455841064453,8.445639610290527,10.938097953796387,2.2855072021484375,7.625490188598633,1.718045711517334,0.15214115381240845
801,21.905000000000015,95,0.0,True,-2.010187864303589,2.7233097553253174,0.9417896866798401,-0.6494747996330261,1.4820383787155151,0.017608940601348877,0.023941531777381897,0.9852946102619171,0.07095158472657204,7.396066904067993,1.8287924528121948,1.4820383787155151,1.4160031080245972,-1.0655105113983154,5.753185272216797,8.637471199035645,1.4703655242919922,7.155433177947998,1.8257471323013306,0.07257699966430664
802,21.85099999999999,149,0.0,True,-0.4299423098564148,1.083795189857483,0.7678039073944092,0.11118748039007187,0.44451847672462463,0.012611382330457369,0.036954365670681,0.9906124273935953,0.07076567535599072,7.872190793355306,1.7995137373606365,0.44451847672462463,1.542381763458252,-1.6956169605255127,6.480648994445801,7.7588653564453125,2.127803087234497,7.314346790313721,1.829495906829834,0.4745626449584961
803,21.879999999999992,120,0.0,True,-1.1109182834625244,1.8346691131591797,1.0167375802993774,-0.19460046291351318,1.2181918621063232,0.0028196400962769985,0.0,0.9989850521087646,0.05431945621967316,6.68335223197937,2.2573670148849487,1.2181918621063232,2.0731935501098633,-0.7048060894012451,8.815810203552246,7.670056343078613,2.4527106285095215,6.451863765716553,2.255547523498535,0.2855249047279358
804,21.856999999999992,143,0.0,True,-0.18073897063732147,1.1307307481765747,0.9078052639961243,0.3837185800075531,0.39650869369506836,0.006609801823894183,0.0,0.9944420059521993,0.04151106998324394,8.504949569702148,2.2433693408966064,0.39650869369506836,1.8423763513565063,-5.263341903686523,7.285285949707031,8.463394165039062,2.239945650100708,8.066884994506836,2.357029676437378,0.3234784007072449
805,21.5889999999999,411,0.0,True,0.3111805319786072,0.7733291387557983,1.044445514678955,0.6968006491661072,-0.41119036078453064,0.01831307395228318,0.12491732835769653,0.9903883423124041,0.13399397049631392,5.879702431815011,1.3747436148779733,-0.41119036078453064,1.5030244588851929,-3.7613682746887207,7.573848724365234,5.9169602394104,1.9983694553375244,6.328149795532227,1.4315247535705566,0.43430739641189575
806,21.884000000000025,116,0.0,True,-0.7001051306724548,1.9247026443481445,0.7617030739784241,0.2614844739437103,0.3797498941421509,-0.0029679160797968507,0.0,1.0035519003868103,0.03228635434061289,10.007332801818848,1.757808804512024,0.3797498941421509,1.791050672531128,-1.8044559955596924,4.961136341094971,10.326173782348633,1.4869909286499023,9.946423530578613,1.8280248641967773,-0.4507715702056885
807,5.549999999999861,450,0.0,False,0.7905712127685547,0.05926952138543129,1.255115270614624,0.818950891494751,-0.75715172290802,-0.003340961877256632,0.00390625,1.004890576004982,0.0554513237439096,4.598462522029877,0.46746737137436867,-0.75715172290802,0.6423155069351196,-2.0813663005828857,2.270784854888916,4.755936622619629,0.7905396819114685,5.513088226318359,0.49819692969322205,0.3398396372795105
808,21.739999999999952,260,0.0,True,-0.521287202835083,0.9727891683578491,1.0981323719024658,-0.03599075227975845,-0.03455390781164169,-0.006880677118897438,0.065625,1.0094697594642639,0.06255560033023358,6.415192890167236,1.6997897148132324,-0.03455390781164169,1.6235605478286743,-5.122659206390381,7.958813190460205,6.314938545227051,2.2024013996124268,6.34949254989624,1.5312505960464478,0.4565694332122803
809,21.926000000000002,74,0.0,True,-0.5603621006011963,0.4974076449871063,0.8307355046272278,-0.31248900294303894,1.529120922088623,0.007786680944263935,0.0,0.992516279220581,0.021101754158735275,9.518459796905518,1.300514578819275,1.529120922088623,2.1124560832977295,-1.3001818656921387,6.310669422149658,11.129258155822754,2.4002554416656494,9.600137710571289,1.6508177518844604,0.22543048858642578
810,21.818999999999996,181,0.0,True,-0.5079700350761414,2.037301778793335,0.920213520526886,0.5097606182098389,0.4209691286087036,-0.001531687177096804,0.006289308269818624,1.0022467374801636,0.03518048735956351,6.926204363505046,1.425389289855957,0.4209691286087036,2.0246660709381104,-1.450892448425293,7.707228183746338,7.138758659362793,2.1908388137817383,6.717789649963379,1.474672555923462,0.1459447145462036
811,21.848999999999975,151,0.0,True,-0.3633650541305542,1.7014172077178955,1.133924961090088,0.4862096309661865,0.38741347193717957,-0.00032409684111674625,0.0,1.000641147295634,0.022842077538371086,7.316346168518066,1.8561293681462605,0.38741347193717957,1.7666423320770264,-1.7287113666534424,6.783308982849121,7.451135635375977,2.5994873046875,7.063722133636475,1.9545016288757324,0.5381277203559875
812,21.850000000000023,150,0.0,True,0.3656798303127289,0.6136787533760071,1.0020767450332642,0.6715171337127686,0.027134399861097336,-0.002332485901812712,0.0,1.0026134649912517,0.02308562273780505,8.95669682820638,1.8026978572209675,0.027134399861097336,1.6175243854522705,-2.230717658996582,5.327441692352295,8.727181434631348,1.630689263343811,8.700045585632324,1.9416134357452393,0.01608133316040039
813,21.836999999999996,163,0.0,True,-0.7862633466720581,1.9181615114212036,0.9304050803184509,0.17188701033592224,0.24824507534503937,0.005970939993858337,0.009523809577027956,0.9950186411539713,0.04399333211282889,8.238995234171549,1.9263874689737956,0.24824507534503937,1.5964124202728271,-1.963683843612671,6.235382080078125,8.366007804870605,2.1223466396331787,8.117762565612793,2.1171462535858154,0.4342069625854492
814,21.91700000000001,83,0.0,True,-1.3661397695541382,3.1857059001922607,0.7017788290977478,0.22601139545440674,1.0597245693206787,-0.0008015425992198288,0.0,1.0009390115737915,0.015499535948038101,10.313769340515137,1.0414725840091705,1.0597245693206787,2.1752243041992188,-1.4226678609848022,7.078563690185547,11.149478912353516,2.1481051445007324,10.089754104614258,1.0506190061569214,-0.02540898323059082
815,5.549999999999876,450,0.0,False,1.31130850315094,0.04909713193774223,1.0880610942840576,1.3347690105438232,-1.296272873878479,0.035352480597794056,0.271484375,0.9910818710923195,0.22615918889641762,7.899432301521301,0.5712890177965164,-1.296272873878479,0.9253313541412354,-4.372586727142334,3.903090238571167,7.898026466369629,0.872938871383667,9.194299697875977,0.6228447556495667,-0.12363910675048828
816,5.549999999999872,450,0.0,False,1.2123584747314453,0.005319396033883095,1.201392650604248,1.21381676197052,-0.9562537670135498,0.057611324125900865,0.23046875,0.967001885175705,0.22038169391453266,5.969007730484009,0.6141515970230103,-0.9562537670135498,0.9061926603317261,-5.7129011154174805,1.8701831102371216,6.286425590515137,0.8482706546783447,7.242679119110107,0.7845426201820374,-0.1412273645401001
817,21.878999999999987,121,0.0,True,0.03530290722846985,1.5825988054275513,0.7875339388847351,0.8258147835731506,-0.027540260925889015,0.00158477365039289,0.008771929889917374,0.9997218549251556,0.05147935822606087,10.313087940216064,2.4080355167388916,-0.027540260925889015,1.754069209098816,-2.781930446624756,5.554350852966309,10.29763126373291,1.960309386253357,10.32517147064209,2.472097635269165,0.19934731721878052
818,21.645000000000017,355,0.0,True,0.7917523980140686,0.3310200273990631,0.8076857328414917,0.9564546942710876,-0.7590147852897644,-0.0029422256241862974,0.09114583333333333,1.012103259563446,0.1342638706167539,7.809083143870036,0.8497384389241537,-0.7590147852897644,0.9774296879768372,-2.154198408126831,3.0621519088745117,7.893619537353516,1.2733267545700073,8.652633666992188,0.8035476803779602,0.410761296749115
819,21.872999999999987,127,0.0,True,-0.5880210995674133,1.1532191038131714,0.880410373210907,-0.012291958555579185,0.613513708114624,0.0031302624847739935,0.007936508394777775,0.9985165894031525,0.05627352185547352,7.959080934524536,0.9590159058570862,0.613513708114624,1.706640601158142,-1.7743325233459473,7.28593635559082,8.402005195617676,1.7508586645126343,7.788491725921631,0.9984477162361145,0.04987227916717529
820,21.902,98,0.0,True,-1.4416645765304565,2.007899522781372,1.0057121515274048,-0.4387205243110657,1.4854859113693237,0.0015846798196434975,0.0,0.9996812045574188,0.048416489735245705,7.515638113021851,1.4030606150627136,1.4854859113693237,1.7817823886871338,-2.627655506134033,7.505475997924805,8.692728996276855,1.7445319890975952,7.2072434425354,1.375764012336731,-0.04316139221191406
821,21.92100000000001,79,0.0,True,-2.3788599967956543,4.571180820465088,0.9743607044219971,-0.09424394369125366,1.8972759246826172,0.0025787288323044777,0.0078125,0.9993573725223541,0.059494517743587494,8.69723129272461,0.9872784316539764,1.8972759246826172,2.2549567222595215,-0.9266253113746643,7.686021327972412,10.08985710144043,2.53945255279541,8.192581176757812,1.0126954317092896,0.21151000261306763
822,21.575999999999933,424,0.0,True,1.1655454635620117,0.3589994013309479,0.9899547696113586,1.3440552949905396,-0.8837369084358215,0.0009054614097944327,0.0,0.999670650277819,0.033075260264532905,8.060022626604352,1.1114905732018607,-0.8837369084358215,1.1329710483551025,-3.34478497505188,4.610030174255371,7.602713108062744,1.4554798603057861,8.4864501953125,1.0737615823745728,0.3940662145614624
823,21.739999999999966,260,0.0,True,0.10417485237121582,1.4710696935653687,1.1652981042861938,0.8385444283485413,-0.3999570906162262,-0.004662925377488136,0.0,1.005209732055664,0.029084394872188567,7.011864566802979,0.9990572810173035,-0.3999570906162262,1.267656922340393,-3.6920175552368164,4.158501148223877,7.386425018310547,1.7871928215026855,7.78638219833374,1.1564909219741821,0.4968925714492798
824,21.867999999999984,132,0.0,True,-1.2655893564224243,1.09239661693573,1.0132652521133423,-0.720404326915741,0.9547365307807922,-0.009458760420481363,0.0,1.0105355183283489,0.03427296535422405,6.925896962483724,1.6388277212778728,0.9547365307807922,1.3775211572647095,-2.2370972633361816,4.9781107902526855,7.376888275146484,2.42646861076355,6.4221510887146,1.5904139280319214,0.677709698677063
825,21.875999999999998,124,0.0,True,-0.4406312108039856,0.8250166177749634,0.8449511528015137,-0.028967853635549545,0.45175015926361084,-0.007853127550333738,0.008333333767950535,1.0089944005012512,0.045288845896720886,8.949743270874023,1.2027571201324463,0.45175015926361084,1.214561104774475,-1.1980558633804321,4.908478736877441,9.156073570251465,1.629097819328308,8.704323768615723,1.2001891136169434,0.44416695833206177
826,21.844000000000005,156,0.0,True,-0.967304527759552,2.3116719722747803,0.8977033495903015,0.18763375282287598,0.4544295370578766,0.007148336619138718,0.1011904776096344,0.9988927443822225,0.10345619916915894,8.146848837534586,1.257198731104533,0.4544295370578766,1.849422574043274,-1.3800925016403198,6.936796188354492,8.181291580200195,2.5162079334259033,7.726861476898193,1.2999241352081299,0.45976924896240234
827,21.62699999999992,373,0.0,True,0.3937140703201294,0.5396130681037903,0.8919281363487244,0.6626286506652832,-0.3536909222602844,0.0012808144092559814,0.0,0.9990818599859873,0.025190982967615128,6.055490016937256,1.595291256904602,-0.3536909222602844,1.3512707948684692,-4.480645656585693,6.182855606079102,5.977871894836426,2.0909645557403564,6.3315629959106445,1.5322405099868774,0.5823702812194824
828,21.781000000000027,219,0.0,True,0.36864981055259705,0.4066771864891052,0.7210547924041748,0.5712673664093018,-0.5717986226081848,6.478524301201105e-05,0.0,1.000518187880516,0.03366348426789045,9.135474443435669,0.7751574367284775,-0.5717986226081848,1.0558953285217285,-2.2531464099884033,3.53166127204895,9.023039817810059,1.2374744415283203,9.594837188720703,0.7726234793663025,0.27193641662597656
829,21.69099999999998,309,0.0,True,0.551016628742218,0.40882790088653564,0.9027538299560547,0.7545278072357178,-0.6223070621490479,0.01972570940852165,0.06379716992378234,0.9858996033668518,0.10749041587114334,7.382774925231933,1.3397137880325318,-0.6223070621490479,0.8561159372329712,-4.033539772033691,2.6316757202148438,7.600234508514404,1.6396231651306152,8.222540855407715,1.3436471223831177,0.7273678779602051
830,5.549999999999862,450,0.0,False,0.5016626119613647,0.028821256011724472,1.2920751571655273,0.5147811770439148,-0.6574046015739441,0.026509691262617707,0.09375,0.9830672964453697,0.12603850848972797,3.771216571331024,0.6038697436451912,-0.6574046015739441,0.6162766218185425,-4.386563301086426,1.4968401193618774,4.023029804229736,0.9485021829605103,4.680434226989746,0.7354639768600464,0.5778422951698303
831,21.883000000000017,117,0.0,True,-0.6260999441146851,1.555364966392517,0.869001030921936,0.15071353316307068,0.896069347858429,0.0016407829243689775,0.0,0.9988923966884613,0.03225832339376211,7.987533092498779,0.6114626228809357,0.896069347858429,2.009603261947632,-1.9361536502838135,6.8201093673706055,8.639547348022461,2.169757843017578,7.7434773445129395,0.6181360483169556,0.14217615127563477
832,9.549999999999917,450,0.0,False,0.9287598133087158,0.026811819523572922,1.2337656021118164,0.9409319758415222,-0.75468909740448,-0.010132537689059973,0.21875,1.0255584493279457,0.16182378120720387,6.464402914047241,0.6914032846689224,-0.75468909740448,0.961510956287384,-2.3393497467041016,4.99402379989624,6.319672584533691,1.029773473739624,7.0743608474731445,0.7127532362937927,0.12818360328674316
833,21.950000000000003,50,0.0,True,-3.4172990322113037,7.556313514709473,0.9454177618026733,0.35991230607032776,3.413576364517212,-0.000463352189399302,0.0,1.0005989074707031,0.016373904421925545,7.6729960441589355,1.2258979082107544,3.413576364517212,1.91411554813385,0.6227455139160156,8.061055183410645,11.060193061828613,1.8653607368469238,7.646615982055664,1.2251640558242798,-0.05295729637145996
834,21.796000000000067,204,0.0,True,0.07594577223062515,0.5455202460289001,1.0720322132110596,0.34763386845588684,0.022744515910744667,0.006574011407792568,0.09375,0.9973670542240143,0.08015780430287123,7.445850253105164,0.7388325929641724,0.022744515910744667,1.3848910331726074,-1.8067108392715454,3.72672700881958,7.43521785736084,1.3317465782165527,7.412473678588867,0.7741407155990601,-0.08140420913696289
835,21.666999999999923,333,0.0,True,0.9326419234275818,0.3567063510417938,1.119116187095642,1.1098759174346924,-0.6316055655479431,-0.006030500245591004,0.19991987446943918,1.0202083190282185,0.17204074561595917,7.314449866612752,1.7465276916821797,-0.6316055655479431,1.0166032314300537,-1.8236881494522095,2.3790969848632812,7.724052906036377,2.0872802734375,8.355659484863281,2.1221256256103516,0.7627853751182556
836,21.918000000000006,82,0.0,True,-3.4836628437042236,8.09976577758789,0.9821212887763977,0.5652379393577576,2.225005626678467,-0.004066287074238062,0.0,1.0042750239372253,0.018816432915627956,7.058263540267944,0.5757268369197845,2.225005626678467,2.3269007205963135,-0.6967057585716248,8.11612319946289,8.996969223022461,2.651200771331787,6.771963596343994,0.6228419542312622,0.22968125343322754
837,21.951000000000004,49,0.0,True,-3.32714581489563,6.772437572479248,0.9707342386245728,0.058102235198020935,3.3336567878723145,0.002087361877784133,0.0,0.9980222582817078,0.014552249573171139,8.02096939086914,1.0370151996612549,3.3336567878723145,1.7997610569000244,0.5617175102233887,7.618975639343262,11.234477996826172,1.8310267925262451,7.900821208953857,1.0293854475021362,0.033859431743621826
838,5.549999999999874,450,0.0,False,0.8053402900695801,0.03761807829141617,1.2001707553863525,0.8229491114616394,-0.8628317713737488,-0.002582391956821084,0.0234375,1.0048918575048447,0.059207303915172815,5.363072156906128,0.933776505291462,-0.8628317713737488,0.7041037678718567,-5.101611137390137,1.44296133518219,5.202975749969482,1.092153549194336,6.065807342529297,1.0320955514907837,0.5843709707260132
839,21.723999999999997,276,0.0,True,-0.2980944514274597,1.0911227464675903,1.1889375448226929,0.24627798795700073,0.14008957147598267,0.002636871300637722,0.0,0.997997772693634,0.03218560293316841,5.321318340301514,1.1433549046516418,0.14008957147598267,1.3444268703460693,-1.6878070831298828,6.2041707038879395,5.597249507904053,1.8725779056549072,5.457159996032715,1.1386051177978516,0.4845404624938965
840,5.549999999999862,450,0.0,False,0.7158222198486328,0.04017903655767441,1.2072117328643799,0.7347044944763184,-0.6815513968467712,0.013924820115789771,0.015625,0.9883120059967041,0.06038326909765601,4.0108403861522675,0.8358794450759888,-0.6815513968467712,0.43483754992485046,-3.6836583614349365,0.6221004128456116,4.095188140869141,1.1471229791641235,4.776739597320557,1.0026025772094727,0.8563075065612793
841,21.774999999999984,225,0.0,True,-0.305665522813797,0.8326423764228821,1.044110894203186,0.10961155593395233,0.12563034892082214,-0.005072248168289661,0.0,1.0060210525989532,0.04318138211965561,6.412243604660034,1.1892984807491302,0.12563034892082214,1.1178456544876099,-1.2778831720352173,4.162564754486084,6.4003753662109375,1.909853458404541,6.274744987487793,1.1553667783737183,0.6574187278747559
842,21.571999999999903,428,0.0,True,0.06798771023750305,0.9134573936462402,1.2013065814971924,0.5235150456428528,-0.17636536061763763,0.00899587491793292,0.07284902674811226,0.9976058857781547,0.11118418510471072,4.649946825844901,1.3026891265596663,-0.17636536061763763,1.338469386100769,-3.4985976219177246,6.922271251678467,4.807286262512207,1.923930287361145,4.983651638031006,1.2900025844573975,0.5160079598426819
843,21.72899999999997,271,0.0,True,-0.18223883211612701,1.4165105819702148,0.9636662602424622,0.5250527858734131,0.0021777558140456676,0.0015237457118928432,0.0,0.998988401889801,0.03103395216166973,5.81920976638794,1.562199354171753,0.0021777558140456676,1.3001210689544678,-5.027838706970215,5.341794967651367,5.622490882873535,2.1000349521636963,5.620312690734863,1.4597747325897217,0.616721510887146
844,21.579999999999888,420,0.0,True,0.1681341826915741,0.7317857146263123,1.1005475521087646,0.5329264998435974,-0.10324804484844208,0.00816020289702075,0.008928571428571428,0.995717031615121,0.08468969698463168,4.354504789624896,1.1113279972757613,-0.10324804484844208,1.4155242443084717,-2.896862030029297,8.232376098632812,4.338124752044678,2.004556179046631,4.441372871398926,1.0840502977371216,0.5013473033905029
845,21.694999999999943,305,0.0,True,-0.04645813629031181,0.6780113577842712,1.1777501106262207,0.29136979579925537,0.058854054659605026,-0.0011878924444317818,0.0,1.0021003007888794,0.04222264811396599,4.795386886596679,1.6078382968902587,0.058854054659605026,1.2798134088516235,-4.126954078674316,4.8290791511535645,4.745364665985107,2.241391658782959,4.68651008605957,1.5296235084533691,0.6739698052406311
846,21.776999999999973,223,0.0,True,-0.3008129298686981,0.5852835774421692,1.202372431755066,-0.009373513981699944,0.535638153553009,-0.00010234047658741474,0.0473790317773819,1.0042265504598618,0.08581908792257309,4.334251165390015,1.998527318239212,0.535638153553009,1.501391053199768,-1.2121049165725708,7.166115760803223,4.583671569824219,2.6792545318603516,4.048033714294434,1.924808144569397,0.6859782934188843
847,21.765000000000025,235,0.0,True,0.13468538224697113,0.5802268981933594,0.8850898742675781,0.42391374707221985,-0.13841789960861206,0.0023003132082521915,0.0,0.9983811676502228,0.0351822804659605,7.3214428424835205,1.7431259751319885,-0.13841789960861206,1.3843270540237427,-1.824478030204773,5.77388334274292,7.163905620574951,1.8149422407150269,7.302323341369629,1.7723228931427002,0.4182294011116028
848,5.549999999999861,450,0.0,False,0.14962618052959442,0.07266384363174438,1.2875434160232544,0.184670552611351,-0.6339717507362366,0.018582443706691265,0.123046875,0.9935767501592636,0.1483612386509776,3.706830531358719,0.6323340386152267,-0.6339717507362366,0.6054820418357849,-4.432097434997559,1.3423521518707275,3.867852210998535,0.9432650804519653,4.501823902130127,0.8101994395256042,0.5879640579223633
849,21.87300000000002,127,0.0,True,-0.5663890838623047,0.748615026473999,0.9077233076095581,-0.1929892897605896,0.46886467933654785,-0.0007654759683646262,0.0,1.000793993473053,0.006770554231479764,8.751729965209961,1.190220296382904,0.46886467933654785,1.2396659851074219,-1.1331367492675781,4.587234020233154,9.110215187072754,1.1312390565872192,8.641351699829102,1.2043155431747437,-0.20088279247283936
850,21.851999999999975,148,0.0,True,-0.639037549495697,0.8623670935630798,1.110359787940979,-0.20896436274051666,0.6942563652992249,-0.0012508671109875043,0.0,1.0025053819020588,0.04821774239341418,6.118881861368815,1.8172287543614705,0.6942563652992249,1.7956513166427612,-1.1029744148254395,6.519975662231445,6.369158744812012,2.578592300415039,5.674901962280273,1.7357343435287476,0.5150704383850098
851,21.58800000000005,412,0.0,True,1.0959193706512451,0.9003730416297913,1.0071146488189697,1.5450987815856934,-0.4922967553138733,0.004148222306477172,0.009566326758691244,0.9970909016472953,0.04286196881106922,6.685679027012417,2.2183076994759694,-0.4922967553138733,1.3036024570465088,-3.200350522994995,5.287452697753906,6.292031288146973,2.119929790496826,6.784327983856201,2.300088882446289,0.6218645572662354
852,9.54999999999999,450,0.0,False,0.9712969064712524,0.04774343594908714,1.1477084159851074,0.994020938873291,-0.7197825312614441,-0.002382224425673485,0.060546875,1.0064492002129555,0.0869644214399159,5.401563227176666,1.0689130574464798,-0.7197825312614441,0.9590333104133606,-3.878459930419922,5.006901741027832,5.735048770904541,1.4891188144683838,6.454831123352051,1.5058660507202148,0.5852288007736206
853,21.715999999999966,284,0.0,True,-0.3981015980243683,1.538377046585083,1.2406742572784424,0.36984625458717346,0.3174986243247986,0.002136749401688576,0.0,0.9981659650802612,0.02328233066946268,4.378925800323486,1.59137966632843,0.3174986243247986,1.5165048837661743,-1.4409971237182617,7.392241477966309,4.45039701461792,2.3044488430023193,4.132898330688477,1.5717298984527588,0.5669346451759338
854,21.93,70,0.0,True,-3.1194074153900146,7.102878570556641,0.9590803384780884,0.43107280135154724,2.8801939487457275,0.003502852749079466,0.0,0.9968600869178772,0.024462762288749218,6.056966304779053,2.4136470556259155,2.8801939487457275,2.0624217987060547,0.3161938190460205,7.5778937339782715,8.692032814025879,2.041121244430542,5.8118391036987305,2.0191240310668945,-0.020980238914489746
855,21.906999999999996,93,0.0,True,-2.3570151329040527,5.023324489593506,1.0806502103805542,0.15356646478176117,2.206289529800415,0.0008097541285678744,0.0,0.9992529451847076,0.01089917914941907,5.220638751983643,2.1340800523757935,2.206289529800415,2.141630172729492,-0.1569528728723526,8.614197731018066,7.296956539154053,2.416816473007202,5.090666770935059,2.170452117919922,0.21476119756698608
856,5.5499999999998675,450,0.0,False,1.450111985206604,0.9252658486366272,1.1695212125778198,1.9115753173828125,-0.5657690763473511,0.03430945239961147,0.068359375,0.9724751114845276,0.10228011850267649,3.819576382637024,0.9255039319396019,-0.5657690763473511,0.5215550065040588,-3.5846524238586426,1.3312828540802002,3.5654096603393555,1.0593924522399902,4.131178855895996,0.9680963158607483,0.7576257586479187
857,21.823999999999984,176,0.0,True,-0.5390902161598206,1.266605257987976,1.1779526472091675,0.09303446114063263,0.6984884142875671,0.005518640701969464,0.0,0.9950665434201559,0.03362176567316055,4.735378424326579,1.7701121966044109,0.6984884142875671,1.537773609161377,-0.755814254283905,6.887001037597656,5.420507907867432,2.547426462173462,4.722019672393799,1.7802250385284424,0.6355973482131958
858,21.759000000000057,241,0.0,True,0.16760152578353882,0.8401544094085693,1.029494285583496,0.5866492390632629,0.0386393703520298,0.0038609610637649894,0.010204081423580647,0.9975423067808151,0.05118505144491792,6.841067671775818,1.5334102809429169,0.0386393703520298,1.5150887966156006,-2.5091540813446045,6.152064323425293,6.751445770263672,1.4517321586608887,6.712806701660156,1.6180009841918945,-0.08918881416320801
859,21.87600000000004,124,0.0,True,-0.783176839351654,1.683656096458435,1.0743145942687988,0.057576894760131836,0.6425858736038208,0.0015484936302527785,0.0,0.9985621869564056,0.013857357203960419,7.339584827423096,0.9188301265239716,0.6425858736038208,1.5998409986495972,-1.6387689113616943,5.41074275970459,7.995405197143555,1.4596511125564575,7.352819442749023,0.9735196828842163,-0.2013111114501953
860,5.5499999999998755,450,0.0,False,-0.28044939041137695,0.27403727173805237,1.0752129554748535,-0.14450596272945404,-0.3542214035987854,0.010915304068475962,0.01953125,0.9933153092861176,0.06445561209693551,2.9694674015045166,0.9143252074718475,-0.3542214035987854,0.5349686741828918,-1.644273281097412,2.4841790199279785,2.7681617736816406,1.1267023086547852,3.1223831176757812,0.8376128673553467,0.7745561599731445
861,21.906000000000006,94,0.0,True,-2.493522882461548,5.416698932647705,1.0270895957946777,0.21379949152469635,1.9168908596038818,-0.011609971523284912,0.0,1.012179970741272,0.030815725214779377,6.60770583152771,1.2839374542236328,1.9168908596038818,2.1443848609924316,-0.21256023645401,8.515628814697266,8.41429615020752,1.9687377214431763,6.497405052185059,1.2313554286956787,-0.18639600276947021
862,21.829999999999984,170,0.0,True,-0.39739444851875305,1.016007900238037,1.0836430788040161,0.10952585935592651,0.6360366940498352,-0.0014838433514038722,0.018353174751003582,1.0048117637634277,0.07718747854232788,5.501265366872151,2.0697566668192544,0.6360366940498352,1.5199257135391235,-3.330765724182129,6.230957984924316,5.808343887329102,2.5313711166381836,5.17230749130249,1.9738776683807373,0.6394768953323364
863,21.707999999999984,292,0.0,True,1.3281688690185547,0.47455841302871704,1.0716850757598877,1.5643763542175293,-0.7937167882919312,-0.0005385652184486389,0.05590277910232544,1.0119112253189086,0.15015670731663705,9.31632194519043,0.7973535418510437,-0.7937167882919312,1.39836847782135,-2.8876302242279053,5.2652668952941895,8.93695068359375,1.2625408172607422,9.730667114257812,0.8813359141349792,-0.22673940658569336
864,-0.45000000000000034,450,0.0,False,0.541567325592041,0.027634967118501663,1.348267912864685,0.554036557674408,-0.7464278340339661,0.03489848761819303,0.15625,0.99299755692482,0.25718018785119057,3.377752870321274,0.1878843940794468,-0.7464278340339661,0.3197673261165619,-1.6029348373413086,-0.01423373818397522,3.6465954780578613,0.10036502778530121,4.3930230140686035,0.3222994804382324,-9.150862693786621
865,5.549999999999874,450,0.0,False,1.104269027709961,0.11879308521747589,0.9117862582206726,1.162753701210022,-0.6146337389945984,0.012461479287594557,0.013671875,0.9905865862965584,0.06987949786707759,4.2517808973789215,0.9198184907436371,-0.6146337389945984,0.7578127980232239,-4.10581636428833,1.5350184440612793,4.038581371307373,1.137773871421814,4.653214454650879,1.2079360485076904,0.5563791990280151
866,21.827000000000005,173,0.0,True,-0.621057391166687,1.0360568761825562,1.1500226259231567,-0.10417897254228592,0.7820956707000732,3.9924246569474535e-06,0.0,1.0002572735150654,0.021535244459907215,5.503757158915202,1.633636434872945,0.7820956707000732,1.6538403034210205,-1.5063414573669434,7.1562347412109375,6.170557498931885,2.014317512512207,5.388462066650391,1.647055983543396,0.3258892893791199
867,21.575999999999993,424,0.0,True,0.4613361358642578,0.5447368621826172,1.1921367645263672,0.7325124144554138,-0.3491441309452057,0.0063913507120949885,0.005803571481789861,0.9959286962236676,0.06364354916981288,5.556828430720738,1.4372378928320748,-0.3491441309452057,1.0485186576843262,-2.4957101345062256,5.766839981079102,5.556429862976074,1.7254377603530884,5.905574321746826,1.4787302017211914,0.6307216882705688
868,21.828000000000014,172,0.0,True,-0.7346863746643066,1.204092264175415,1.1450201272964478,-0.13378526270389557,0.8607818484306335,-0.0006188819728170832,0.0,1.0007453362147014,0.015573962281147638,5.128186384836833,1.352794090906779,0.8607818484306335,1.3855646848678589,-0.9913893342018127,5.472137451171875,5.9078369140625,1.8720723390579224,5.047054767608643,1.3411400318145752,0.4522172808647156
869,21.762999999999977,237,0.0,True,-0.4414331316947937,1.0292398929595947,1.17984139919281,0.07200697064399719,0.5043970942497253,0.002609685994684696,0.0055555556900799274,0.9992370754480362,0.05498590134084225,4.776498794555664,1.6739651560783386,0.5043970942497253,1.4328534603118896,-1.2851459980010986,6.9279632568359375,4.960977554321289,2.323734760284424,4.45658016204834,1.5902448892593384,0.6197839975357056
870,21.83100000000001,169,0.0,True,-0.6800153255462646,0.7693842053413391,1.1085715293884277,-0.2964317798614502,0.6111443638801575,0.0021022657553354898,0.0,0.9984433452288309,0.03148039678732554,6.059820969899495,1.9258262316385906,0.6111443638801575,1.3295258283615112,-1.4780477285385132,4.811310291290283,6.27744197845459,2.1994001865386963,5.666297912597656,1.8434780836105347,0.6345861554145813
871,9.54999999999999,450,0.0,False,1.1863865852355957,0.1415775567293167,1.180448055267334,1.2559949159622192,-0.474740207195282,0.011768976459279656,0.0390625,0.9945152103900909,0.11165634635835886,5.10061115026474,0.7886159494519234,-0.474740207195282,1.2127734422683716,-1.8766807317733765,6.453207015991211,5.175011157989502,1.148727536201477,5.649750709533691,0.7994059324264526,-0.1146162748336792
872,21.829999999999988,170,0.0,True,-0.7464399337768555,2.314655065536499,1.1373751163482666,0.40975022315979004,0.6956288814544678,-0.004126471777757009,0.0,1.005347728729248,0.04771071051557859,5.902647654215495,1.4264473517735798,0.6956288814544678,2.034334421157837,-1.3296464681625366,8.199722290039062,6.464874267578125,2.257194757461548,5.769245624542236,1.5209518671035767,0.18771839141845703
873,21.72899999999995,271,0.0,True,0.6921030879020691,0.2648862898349762,1.1124540567398071,0.8234337568283081,-0.2110990732908249,0.0060335444286465645,0.0,0.9952421545982361,0.04725566171109676,6.841253852844238,1.306763243675232,-0.2110990732908249,1.484902024269104,-2.426215171813965,6.496865272521973,6.785374164581299,1.8101122379302979,6.996473789215088,1.278321385383606,0.3270472288131714
874,21.591999999999935,408,0.0,True,0.10976143926382065,0.3411998450756073,1.149355411529541,0.27921199798583984,-0.27957087755203247,-0.0030050755678010838,0.006696428571428571,1.0040734239986964,0.04636004673583167,5.062673364366804,1.6194321768624442,-0.27957087755203247,1.0851064920425415,-2.854274272918701,5.683554649353027,5.246171951293945,2.095059871673584,5.525742530822754,1.6084035634994507,0.7317425012588501
875,5.549999999999875,450,0.0,False,0.5647295713424683,0.20469039678573608,1.2947258949279785,0.6657800674438477,-0.7917675971984863,-0.009940006071701646,0.1640625,1.0249013602733612,0.15710113383829594,4.939352512359619,0.48456355184316635,-0.7917675971984863,0.5957403182983398,-2.815408229827881,1.5997453927993774,5.035459995269775,0.7834178805351257,5.827227592468262,0.5375117063522339,0.4217348098754883
876,21.713,287,0.0,True,-0.006098016630858183,0.5093668103218079,1.1363675594329834,0.24744902551174164,0.03577190637588501,0.017533712834119797,0.018951612710952758,0.9850741982460022,0.06885985210537911,5.597905445098877,1.3130421876907348,0.03577190637588501,1.3626657724380493,-1.4006038904190063,6.21873664855957,5.807034492492676,1.750402808189392,5.7712626457214355,1.2852427959442139,0.3939579725265503
877,21.821999999999974,178,0.0,True,-0.5163929462432861,0.9388334155082703,1.1299775838851929,-0.04810621589422226,0.47068700194358826,-0.0022025549163420997,0.0,1.0029146273930867,0.03755770996212959,6.14084529876709,1.7389092048009236,0.47068700194358826,1.3341774940490723,-3.1885693073272705,5.27235746383667,6.40920352935791,2.485989809036255,5.938516616821289,1.71509850025177,0.7119760513305664
878,21.551999999999907,448,0.0,True,0.25424855947494507,0.6509990692138672,1.212841510772705,0.578535258769989,-0.15300117433071136,0.02020981801407678,0.13392857142857142,0.9880112409591675,0.1269988449556487,4.738451821463449,1.3417848689215524,-0.15300117433071136,1.2864869832992554,-5.282910346984863,7.302218437194824,4.75537633895874,1.9807308912277222,4.908377647399902,1.3103349208831787,0.5781482458114624
879,5.549999999999954,450,0.0,False,0.7932570576667786,0.020841507241129875,1.2037255764007568,0.8024740815162659,-0.6340941190719604,0.042919175466522574,0.185546875,0.9764476343989372,0.19746842980384827,4.358128905296326,1.004054218530655,-0.6340941190719604,0.5241730809211731,-1.8926445245742798,1.5366487503051758,4.4730048179626465,1.13783597946167,5.107098579406738,1.0681475400924683,0.7877781391143799
880,5.549999999999937,450,0.0,False,0.36998268961906433,0.19015252590179443,1.2822072505950928,0.46377673745155334,-0.6550554633140564,0.0331718415254727,0.146484375,0.9874682947993279,0.2080215560272336,4.247231662273407,0.7214625775814056,-0.6550554633140564,0.5134776830673218,-2.5211942195892334,1.483521819114685,4.328309059143066,0.918439507484436,4.983365058898926,0.7726060152053833,0.6874338388442993
881,21.837000000000018,163,0.0,True,-1.1018790006637573,1.955450177192688,1.0828205347061157,-0.12523673474788666,1.012230396270752,0.0005638419340054194,0.06502976268529892,1.0054463148117065,0.10097677757342656,5.512187163035075,1.1596813996632893,1.012230396270752,1.8048148155212402,-1.2125065326690674,7.303883075714111,6.240898609161377,2.342076539993286,5.228668212890625,1.1085301637649536,0.40616869926452637
882,21.631999999999913,368,0.0,True,0.06983999907970428,0.769566535949707,1.2155532836914062,0.45340773463249207,-0.1833682358264923,-0.0012150535282368462,0.0,1.002722163995107,0.05376787297427654,5.271249771118164,1.1308809121449788,-0.1833682358264923,1.2855582237243652,-1.7085689306259155,5.828912258148193,5.263818740844727,1.945796251296997,5.4471869468688965,1.1007474660873413,0.5634955167770386
883,21.778000000000034,222,0.0,True,-0.7914407253265381,1.2458829879760742,1.090344786643982,-0.1695895791053772,0.39077210426330566,-0.003208270645700395,0.0,1.003790244460106,0.03369253920391202,5.924885869026184,1.6600556671619415,0.39077210426330566,1.4100273847579956,-2.086637496948242,5.9404096603393555,6.131492614746094,1.828999400138855,5.740720748901367,1.7193880081176758,0.40566956996917725
884,21.809000000000005,191,0.0,True,-0.023928167298436165,0.4522356688976288,1.039562463760376,0.2011501044034958,0.2727532684803009,0.0017777636336783569,0.0,0.998473048210144,0.020000783416132133,6.8794929186503095,1.3511282602945964,0.2727532684803009,1.1795755624771118,-1.5692218542099,4.5840864181518555,6.9066853523254395,1.7928632497787476,6.633932113647461,1.3434633016586304,0.5671303272247314
885,21.71799999999998,282,0.0,True,-0.05679025873541832,0.28471365571022034,1.1573231220245361,0.08440924435853958,0.17592963576316833,0.003203766979277134,0.007692307978868484,0.9985885262489319,0.053888989612460136,5.433739280700683,1.726491641998291,0.17592963576316833,1.3577768802642822,-2.6641972064971924,6.529397487640381,5.343794822692871,2.159315824508667,5.16786527633667,1.7013561725616455,0.6046110391616821
886,21.889000000000003,111,0.0,True,-1.5783710479736328,3.7573208808898926,0.9907416105270386,0.29929864406585693,1.5771149396896362,-0.0011147679761052132,0.0,1.001670777797699,0.032984377816319466,6.075621604919434,1.2253823280334473,1.5771149396896362,2.2850122451782227,-1.2238571643829346,9.348167419433594,7.587425708770752,2.334310531616211,6.010310173034668,1.2258573770523071,0.04179197549819946
887,21.837000000000025,163,0.0,True,-0.571045994758606,1.1102925539016724,1.1344186067581177,-0.0170341357588768,0.5761588215827942,0.0010714630285898845,0.0,0.9992901285489401,0.026447514692942303,7.158211867014567,1.6820011933644612,0.5761588215827942,1.2842676639556885,-1.9816635847091675,3.6290855407714844,7.489655494689941,1.6795467138290405,6.913496971130371,1.6485037803649902,0.41530841588974
888,21.920000000000023,80,0.0,True,-2.3992676734924316,5.264301300048828,1.0512807369232178,0.23183169960975647,1.7856801748275757,-0.0017208727076649666,0.0,1.0019373893737793,0.02024622354656458,8.303030014038086,1.5877865552902222,1.7856801748275757,2.044334888458252,-0.9152501225471497,8.011045455932617,9.923715591430664,1.8925236463546753,8.138035774230957,1.5544960498809814,-0.16686713695526123
889,21.690999999999953,309,0.0,True,0.11877881735563278,0.4009748697280884,1.0703943967819214,0.3181958794593811,0.07037315517663956,0.005749307200312614,0.03944575488567352,1.0004210233688355,0.10615661889314651,5.23438606262207,1.6922804594039917,0.07037315517663956,1.2145894765853882,-3.1669163703918457,4.984025955200195,5.038135051727295,2.261458158493042,4.967761516571045,1.5942754745483398,0.7115424275398254
890,5.549999999999988,450,0.0,False,1.309855341911316,0.02011466771364212,1.3682324886322021,1.3185443878173828,-0.8690325617790222,0.014441804261878133,0.16015625,1.0040176585316658,0.1942435521632433,5.5891406536102295,0.35717388801276684,-0.8690325617790222,0.6388819813728333,-3.882737874984741,1.8775843381881714,5.700163841247559,0.6987756490707397,6.5691962242126465,0.427832692861557,0.16407781839370728
891,21.823999999999998,176,0.0,True,-0.39064812660217285,0.7095922231674194,0.9834883213043213,-0.036835502833127975,0.7215741872787476,-0.0023441690330704055,0.0,1.002750555674235,0.026639465863506,5.469743410746257,1.5665361086527507,0.7215741872787476,1.6763274669647217,-1.3910341262817383,7.656167984008789,6.1023406982421875,2.113736152648926,5.38076639175415,1.5665760040283203,0.3710499405860901
892,21.720999999999943,279,0.0,True,-0.14191178977489471,1.3400535583496094,1.1811124086380005,0.5269338488578796,0.21834796667099,0.0076781101524829865,0.068478262424469,0.9966779470443725,0.09009878411889076,4.790263366699219,1.5418022871017456,0.21834796667099,1.6565977334976196,-2.505265235900879,8.84045696258545,4.803049564361572,2.3821663856506348,4.584701061248779,1.5033494234085083,0.5163959264755249
893,21.760000000000034,240,0.0,True,0.20393106341362,1.9393928050994873,0.9761300086975098,1.1726514101028442,0.22134968638420105,0.00506117707118392,0.0,0.9957538694143295,0.03833013912662864,6.391330242156982,2.5554932355880737,0.22134968638420105,2.128073215484619,-2.4624950885772705,7.847470760345459,6.395279884338379,3.1129019260406494,6.1739301681518555,2.595628023147583,0.5326499938964844
894,21.670999999999964,329,0.0,True,0.7583138942718506,0.5161943435668945,1.0469471216201782,1.015364170074463,-0.296084463596344,0.010257956882317861,0.13339120397965112,0.9974352419376373,0.11392461881041527,6.364779233932495,2.2716052532196045,-0.296084463596344,1.463407278060913,-2.595851421356201,6.072354316711426,6.029333114624023,2.449784755706787,6.325417995452881,2.347702980041504,0.6431591510772705
895,21.72000000000002,280,0.0,True,0.1549128144979477,1.1161102056503296,1.1685495376586914,0.7117993831634521,-0.16964951157569885,-0.0006152263842523098,0.05625,1.0047551393508911,0.09227515459060669,6.601300811767578,2.027195858955383,-0.16964951157569885,1.4030531644821167,-3.235248565673828,5.704586029052734,6.763118267059326,2.07181978225708,6.932767391204834,2.224047899246216,0.5413890480995178
896,21.76100000000005,239,0.0,True,0.31178972125053406,0.7556272149085999,1.0569090843200684,0.6885464191436768,-0.14277878403663635,-0.0009702972020022571,0.01953125,1.002379521727562,0.052400765009224415,7.594102621078491,1.590669721364975,-0.14277878403663635,1.6557799577713013,-2.913264513015747,5.997483253479004,7.591257095336914,1.7987340688705444,7.734035491943359,1.756775975227356,0.15263336896896362
897,21.858999999999998,141,0.0,True,-1.2399100065231323,1.7412689924240112,1.0920426845550537,-0.37036755681037903,0.6597414016723633,0.006200075459976991,0.0,0.9943078955014547,0.029014057169357937,6.634921232859294,1.3012768427530925,0.6597414016723633,1.2656680345535278,-2.0983142852783203,4.663416385650635,7.2599687576293945,1.9580285549163818,6.600227355957031,1.314927339553833,0.5821680426597595
898,21.59599999999992,404,0.0,True,0.0288308747112751,0.7572212815284729,1.1551094055175781,0.40628641843795776,-0.3078226149082184,0.018012326476829394,0.1571428562913622,0.997076324054173,0.1736420446208545,5.5970242364065985,1.1590031470571245,-0.3078226149082184,1.1244863271713257,-3.0249040126800537,5.45487117767334,5.545048236846924,1.8543585538864136,5.852869987487793,1.1435078382492065,0.6322768330574036
899,21.890000000000022,110,0.0,True,-1.6338497400283813,2.3337881565093994,1.0699728727340698,-0.4680256247520447,1.3572603464126587,0.0004474043962545693,0.0,0.9997369945049286,0.018193626310676336,7.094013452529907,1.8042659163475037,1.3572603464126587,1.6941975355148315,-2.5605897903442383,6.750511646270752,8.383275032043457,1.5918817520141602,7.0260138511657715,1.8161132335662842,-0.13267791271209717
900,21.872,128,0.0,True,-1.1545253992080688,1.7096753120422363,1.1332998275756836,-0.3008210361003876,1.3736917972564697,0.000276980921626091,0.0,1.0000241994857788,0.02424934972077608,5.7202467918396,1.7155463099479675,1.3736917972564697,1.8489861488342285,-0.524465799331665,8.313895225524902,6.917353630065918,2.2370822429656982,5.543661594390869,1.6950066089630127,0.316869854927063
901,21.930000000000014,70,0.0,True,-1.7382111549377441,1.6293165683746338,1.0211933851242065,-0.924574077129364,2.6582021713256836,-0.008261408191174269,0.0,1.0084706544876099,0.018105486407876015,7.294789791107178,1.7251540422439575,2.6582021713256836,2.2175567150115967,0.13886287808418274,8.342082977294922,9.887048721313477,2.3596713542938232,7.228846073150635,1.4530044794082642,0.1168256402015686
902,21.90299999999999,97,0.0,True,-1.7890188694000244,2.7848806381225586,1.0980935096740723,-0.39767664670944214,1.4425925016403198,-0.0004083716339664534,0.0,1.0020397901535034,0.05581124313175678,7.320390462875366,1.4598340392112732,1.4425925016403198,1.81007719039917,-3.744626045227051,6.622175216674805,8.48871898651123,1.998370885848999,7.0461273193359375,1.4560328722000122,0.17956912517547607
903,9.549999999999894,450,0.0,False,0.8863675594329834,0.12193576991558075,1.1792516708374023,0.9461561441421509,-0.38873255252838135,-0.0028776531107723713,0.001953125,1.004131406545639,0.04170957417227328,5.247406005859375,1.3627184927463531,-0.38873255252838135,1.313713550567627,-4.771354675292969,6.000432014465332,5.1122050285339355,1.7953342199325562,5.500937461853027,1.416437029838562,0.4645600914955139
904,21.79399999999999,206,0.0,True,-0.20102661848068237,0.9394541382789612,1.0253033638000488,0.26767516136169434,-0.044631827622652054,-0.0010002548806369305,0.01953125,1.0041832625865936,0.07502699457108974,7.334179639816284,1.4750811159610748,-0.044631827622652054,1.062117338180542,-2.044887065887451,4.700470924377441,7.347316265106201,1.9323370456695557,7.3919477462768555,1.5100367069244385,0.6978801488876343
905,-0.45000000000000034,450,0.0,False,0.7973572015762329,0.06710974872112274,1.3748226165771484,0.8295372128486633,-0.962528645992279,0.021406153682619333,0.05078125,0.9827483370900154,0.08042191294953227,4.830136001110077,0.12947641871869564,-0.962528645992279,0.19439558684825897,-1.406826138496399,-0.050507545471191406,4.8733367919921875,0.12524570524692535,5.8358659744262695,0.160500168800354,-1.4090557098388672
906,9.5499999999999,450,0.0,False,-0.6523352265357971,0.6029064655303955,1.1889649629592896,-0.35207095742225647,-0.3211713433265686,-0.004210956860333681,0.005859375,1.006480097770691,0.06462559290230274,4.208140313625336,0.8645501583814621,-0.3211713433265686,1.0894036293029785,-3.2260844707489014,5.6971001625061035,4.405591011047363,1.4334783554077148,4.726762294769287,0.9525691270828247,0.4224422574043274
907,21.71900000000008,281,0.0,True,0.02747209556400776,1.1325339078903198,1.1553281545639038,0.5925837159156799,-0.0190306156873703,0.0024348879233002663,0.003125,0.9984748005867005,0.03804589658975601,6.004278564453125,1.868977928161621,-0.0190306156873703,1.5591026544570923,-3.055102586746216,6.0940446853637695,6.143734455108643,1.7364228963851929,6.1627655029296875,1.9993062019348145,0.1938081979751587
908,21.676999999999985,323,0.0,True,0.4302878975868225,0.08968400210142136,1.075104832649231,0.4740547835826874,-0.05790504068136215,0.006252316137154897,0.0,0.9952930808067322,0.05389789678156376,5.240097125371297,1.1938812931378682,-0.05790504068136215,1.073469638824463,-2.5925655364990234,4.234248161315918,5.3484907150268555,1.8424623012542725,5.40639591217041,1.296944260597229,0.6605449914932251
909,21.61,390,0.0,True,0.4795413017272949,0.2285597175359726,1.1120266914367676,0.5927091240882874,-0.555345892906189,0.0035889726132154465,0.08407738166196006,1.0027234554290771,0.11285295018127986,6.374477795192173,1.254953145980835,-0.555345892906189,0.9559261202812195,-2.7417569160461426,3.3399605751037598,6.412119388580322,1.6627721786499023,6.967465877532959,1.2411202192306519,0.669491171836853
910,21.86299999999998,137,0.0,True,-1.518811821937561,6.48124885559082,1.1826021671295166,1.7206300497055054,1.2769948244094849,-0.0012814318761229515,0.0,1.0013465285301208,0.01050516590476036,4.513009071350098,1.3983686765034993,1.2769948244094849,2.1533730030059814,-1.3873425722122192,8.857673645019531,5.496132850646973,2.7249295711517334,4.2191386222839355,1.5313513278961182,0.3755064010620117
911,21.886000000000017,114,0.0,True,-1.3820852041244507,1.4801114797592163,1.0929890871047974,-0.6431224346160889,1.2676552534103394,0.002133194822818041,0.0,0.998328685760498,0.029421663843095303,5.93963885307312,1.6007172465324402,1.2676552534103394,1.3652524948120117,-0.6854597330093384,5.349789619445801,7.015084743499756,1.804245948791504,5.747429370880127,1.5510064363479614,0.42742228507995605
912,21.95300000000001,47,0.0,True,-3.8514208793640137,9.348852157592773,1.0661765336990356,0.8219390511512756,3.848803758621216,-0.0008684142958372831,0.0,1.0009173154830933,0.009793899953365326,7.244299411773682,1.4094356298446655,3.848803758621216,2.122853994369507,0.7472811937332153,8.360284805297852,11.009288787841797,1.5696803331375122,7.160484790802002,1.403145432472229,-0.8290174007415771
913,21.85200000000001,148,0.0,True,-0.8749483227729797,1.6754306554794312,0.9889460802078247,-0.03822194039821625,0.5544524788856506,0.004074195399880409,0.02708333358168602,0.9979889392852783,0.05933004369338354,7.385492006937663,1.5473361015319824,0.5544524788856506,1.40571129322052,-1.6771384477615356,5.541409492492676,7.564553737640381,1.5185164213180542,7.010102272033691,1.450302004814148,0.1430543065071106
914,21.667999999999942,332,0.0,True,0.30268749594688416,0.5084071159362793,1.1600658893585205,0.5557309985160828,-0.07202830165624619,0.010551762456695238,0.029513889302810032,0.9913173715273539,0.057712950433293976,5.244584560394287,1.5709372758865356,-0.07202830165624619,1.374542236328125,-2.9448940753936768,6.16156005859375,5.130080223083496,2.1412603855133057,5.202109336853027,1.5729970932006836,0.587924063205719
915,21.842000000000006,158,0.0,True,-0.38565951585769653,0.5398391485214233,1.134556770324707,-0.11687450110912323,0.571788489818573,-0.00744484147677819,0.0,1.0084027449289958,0.04114014903704325,6.566014448801677,2.0841011206309,0.571788489818573,1.4000122547149658,-1.874003529548645,6.086212158203125,7.139272212982178,2.2190792560577393,6.567484378814697,2.126525402069092,0.6019679307937622
916,5.549999999999978,450,0.0,False,0.6978736519813538,0.0032055038027465343,1.2215402126312256,0.6982548832893372,-0.6207658648490906,0.019187319558113813,0.1015625,0.9926454350352287,0.15928785223513842,4.385436117649078,0.7440646588802338,-0.6207658648490906,0.4668867886066437,-3.2324748039245605,1.3851351737976074,4.4805755615234375,0.973872721195221,5.101341247558594,0.8674054145812988,0.7701636552810669
917,21.905000000000022,95,0.0,True,-1.6395881175994873,2.855276346206665,1.0020158290863037,-0.21295195817947388,1.7303663492202759,-0.0027525117620825768,0.0,1.00327867269516,0.0313364127650857,7.200829267501831,1.8075281977653503,1.7303663492202759,1.8150075674057007,-1.1390960216522217,6.4648027420043945,8.876518249511719,1.7449219226837158,7.146152019500732,1.7864426374435425,-0.08194446563720703
918,9.549999999999892,450,0.0,False,0.2830037474632263,0.09395494312047958,1.3472487926483154,0.32863396406173706,-0.34029731154441833,-0.005638467031531036,0.177734375,1.0128929391503334,0.1074255770072341,4.4072564244270325,0.9734760001301765,-0.34029731154441833,1.006975531578064,-1.8964968919754028,5.48814582824707,4.52925443649292,1.5315330028533936,4.869552135467529,1.0541177988052368,0.5677000284194946
919,5.549999999999878,450,0.0,False,0.3665367364883423,0.0451449379324913,1.3688222169876099,0.3877403736114502,-0.55547696352005,0.00996944447979331,0.267578125,1.0417855605483055,0.33676313795149326,3.2913972437381744,1.0809567719697952,-0.55547696352005,0.3813428580760956,-2.176701784133911,0.9825975894927979,3.5088069438934326,1.2941533327102661,4.064283847808838,1.2607673406600952,0.9131720066070557
920,5.549999999999978,450,0.0,False,0.27589666843414307,0.06070207059383392,1.3175036907196045,0.3049302101135254,-0.5455710291862488,0.02820438868366182,0.01171875,0.9767523929476738,0.08376345783472061,4.073168903589249,0.4470844008028507,-0.5455710291862488,0.5528477430343628,-1.5197248458862305,2.212909698486328,4.104130268096924,0.8375836610794067,4.649701118469238,0.5173168778419495,0.5643330216407776
921,21.781000000000006,219,0.0,True,-0.981648862361908,4.570809364318848,1.1656506061553955,1.3025901317596436,0.4672413766384125,-0.0007237845566123724,0.00390625,1.002457618713379,0.055988987907767296,5.317420125007629,0.8289106488227844,0.4672413766384125,2.1911590099334717,-1.7330297231674194,9.156829833984375,5.722680568695068,2.3153955936431885,5.255438804626465,0.8100160360336304,0.1044343113899231
922,21.86900000000002,131,0.0,True,-1.7676347494125366,1.7694157361984253,1.1900137662887573,-0.8841168880462646,1.0221883058547974,0.00042983537423424423,0.0,1.0018494129180908,0.0658399723470211,6.91387399037679,1.3904606103897095,1.0221883058547974,1.7297375202178955,-1.0839260816574097,6.296630859375,7.535266399383545,1.5427905321121216,6.513078212738037,1.7093924283981323,-0.2570323944091797
923,21.81300000000003,187,0.0,True,-0.6598711013793945,0.8614725470542908,1.1913498640060425,-0.23032617568969727,0.48836594820022583,-0.0012494802940636873,0.0,1.001994013786316,0.03763512894511223,6.327058792114258,1.4686156511306763,0.48836594820022583,1.2861872911453247,-1.8716270923614502,4.491920471191406,6.511285305023193,1.772760033607483,6.022919178009033,1.4135767221450806,0.47360891103744507
924,21.89200000000001,108,0.0,True,-1.4298439025878906,1.9856576919555664,1.1594946384429932,-0.4381745457649231,1.423338770866394,0.002163308672606945,0.0,0.9981031715869904,0.022594361566007137,7.199684143066406,1.7899824976921082,1.423338770866394,1.6896250247955322,-0.28961122035980225,7.731754302978516,8.39668083190918,1.8436349630355835,6.973342418670654,1.8063949346542358,0.16009372472763062
925,5.54999999999987,450,0.0,False,0.8449794054031372,0.031088650226593018,1.344856858253479,0.8591788411140442,-0.6592515707015991,0.005394235486164689,0.0,0.9954796656966209,0.03760535386390984,4.13619601726532,0.8984976410865784,-0.6592515707015991,0.4115986227989197,-1.6179457902908325,1.9380342960357666,3.9387340545654297,1.068503975868225,4.597985744476318,0.9530693888664246,0.8516131043434143
926,5.549999999999898,450,0.0,False,0.8938262462615967,0.01033816859126091,1.224066138267517,0.8977712988853455,-0.6025304198265076,-0.0037433099932968616,0.00390625,1.0045950040221214,0.0366650759242475,3.9438499212265015,1.020038902759552,-0.6025304198265076,0.372660756111145,-1.65725576877594,0.7114301323890686,3.9560739994049072,1.1743123531341553,4.5586042404174805,1.1506526470184326,0.8992929458618164
927,21.80299999999997,197,0.0,True,0.29077473282814026,0.2552257478237152,1.0438629388809204,0.41734373569488525,-0.0015640645287930965,0.016896148212254047,0.03515625,0.9876112043857574,0.08805045485496521,7.140130281448364,1.4996971487998962,-0.0015640645287930965,1.346524953842163,-4.563088893890381,4.843513011932373,7.087196350097656,2.1618289947509766,7.0887603759765625,1.5437049865722656,0.612040638923645
928,21.843999999999998,156,0.0,True,-0.837241530418396,1.759016752243042,1.1266942024230957,0.041140150278806686,0.8541703224182129,0.0041749329927066965,0.0,0.9965001145998637,0.034818887089689575,5.7576901117960615,1.6521289348602295,0.8541703224182129,1.8829073905944824,-1.7086424827575684,7.744838714599609,6.514515399932861,1.9254885911941528,5.660345077514648,1.5797897577285767,0.043739914894104004
929,21.56699999999991,433,0.0,True,-0.2396068125963211,0.7521704435348511,1.219347596168518,0.13525906205177307,0.03141743317246437,0.004270813427865505,0.0671009463923318,0.99965729032244,0.08122566581836768,3.7779215403965543,1.5457776955195837,0.03141743317246437,1.1597504615783691,-1.2022366523742676,5.834993362426758,3.7609829902648926,2.143357276916504,3.729565382003784,1.4452600479125977,0.7072209715843201
930,21.85300000000001,147,0.0,True,-0.36422842741012573,0.39211443066596985,1.0391836166381836,-0.16921038925647736,0.4070330560207367,0.0021246463826779896,0.0,0.9982699751853943,0.026910677552223206,7.310039679209392,1.5215030113855998,0.4070330560207367,1.080695390701294,-1.8565975427627563,3.785043716430664,7.522073745727539,1.9078774452209473,7.1150407791137695,1.4800472259521484,0.6791473627090454
931,21.859000000000012,141,0.0,True,-0.0638904944062233,1.8593541383743286,0.8982816934585571,0.8648882508277893,0.973824679851532,-0.0005196956917643547,0.0,1.001315712928772,0.03886463865637779,6.574578444163005,1.676463524500529,0.973824679851532,1.5249468088150024,-1.7514619827270508,6.085979461669922,7.1779608726501465,1.856969952583313,6.204135894775391,1.7024517059326172,0.325627863407135
932,21.712999999999965,287,0.0,True,-0.06785869598388672,0.8924185633659363,1.2073575258255005,0.3771432340145111,0.036871496587991714,0.0011450037360191344,0.04455645084381103,1.0014893889427186,0.06619300805032254,5.789676094055176,1.8901809930801392,0.036871496587991714,1.45730721950531,-1.7866520881652832,8.239189147949219,5.612241268157959,2.339174270629883,5.575369834899902,1.8465003967285156,0.6118701696395874
933,21.85500000000001,145,0.0,True,0.0306722279638052,0.881506621837616,0.9460469484329224,0.47047948837280273,0.4172729551792145,-0.0075830065955718355,0.04442401975393295,1.0098161300023396,0.06521869823336601,8.030096689860025,2.00571342309316,0.4172729551792145,1.507673740386963,-2.4753804206848145,5.706474781036377,8.245070457458496,1.9758602380752563,7.8277974128723145,2.122441291809082,0.41775965690612793
934,21.68299999999993,317,0.0,True,0.3357362449169159,1.2472189664840698,1.1809803247451782,0.9581646919250488,-0.17207485437393188,0.024399543181061745,0.18668032586574554,0.992338752746582,0.19371568262577057,5.539404392242432,1.5346384048461914,-0.17207485437393188,1.6938046216964722,-2.5263943672180176,8.882589340209961,5.699127197265625,2.2373197078704834,5.87120246887207,1.615332007408142,0.4268469214439392
935,5.5499999999999625,450,0.0,False,0.9042192697525024,0.00202919146977365,1.2198433876037598,0.904013991355896,-0.6354674100875854,0.01886065280996263,0.134765625,0.9959452673792839,0.1766846738755703,4.397423028945923,0.47145895659923553,-0.6354674100875854,0.5674988627433777,-3.5474278926849365,1.8514924049377441,4.530832290649414,0.8425126671791077,5.166299343109131,0.6189908385276794,0.5462912321090698
936,21.75199999999998,248,0.0,True,-0.264472097158432,1.4436722993850708,0.9709283709526062,0.45639312267303467,-0.08877134323120117,0.021132033551111817,0.1551339328289032,0.9905767142772675,0.1419734861701727,6.970118761062622,1.4962903261184692,-0.08877134323120117,1.4945610761642456,-5.632055759429932,6.096107482910156,6.915755748748779,1.839951992034912,7.004526138305664,1.5293701887130737,0.34019696712493896
937,21.714999999999982,285,0.0,True,-0.35289275646209717,1.3634588718414307,1.0794930458068848,0.32775717973709106,-0.003391787875443697,0.008946885354816914,0.1589439630508423,0.9986939668655396,0.11639119535684586,6.003096389770508,1.4846449375152588,-0.003391787875443697,1.421094298362732,-3.0799131393432617,6.714695930480957,6.094392776489258,2.1323111057281494,6.097784042358398,1.457344889640808,0.5558347702026367
938,21.780999999999985,219,0.0,True,0.02432462014257908,0.42542174458503723,1.0417431592941284,0.23599375784397125,0.2704356610774994,0.011838212609291077,0.015625,0.9910763800144196,0.07319014705717564,6.087236404418945,1.5864739418029785,0.2704356610774994,1.6418319940567017,-1.7401589155197144,7.131198406219482,6.197526454925537,2.1714847087860107,5.927090167999268,1.5700395107269287,0.4283320903778076
939,21.752999999999936,247,0.0,True,-0.33016908168792725,2.757735013961792,1.1054935455322266,1.0475928783416748,0.048074979335069656,-0.008695346303284168,0.03316761367022991,1.0133370757102966,0.08990375511348248,5.768171906471252,1.1098062843084335,0.048074979335069656,1.815208911895752,-1.8983713388442993,9.345499992370605,5.774616718292236,2.3627119064331055,5.726541996002197,1.1701654195785522,0.4097558259963989
940,21.73499999999995,265,0.0,True,-1.6943531036376953,4.800604343414307,1.1841316223144531,0.7047649621963501,0.4173645079135895,0.00820445418357849,0.02534722238779068,0.9945282578468323,0.06145438253879547,4.599846839904785,1.3508280754089355,0.4173645079135895,1.7099956274032593,-3.5387322902679443,7.884799480438232,4.684889316558838,2.4415957927703857,4.267524719238281,1.4676629304885864,0.5094960927963257
941,21.826,174,0.0,True,-0.4556601941585541,0.7850998640060425,1.109184980392456,-0.06421944499015808,0.7417886853218079,-0.005654574992756049,0.0,1.0064443747202556,0.03792435800035795,5.861343860626221,2.0672223567962646,0.7417886853218079,1.5890781879425049,-0.9881747961044312,7.0075531005859375,6.264733791351318,2.3762521743774414,5.522945880889893,2.0829765796661377,0.5527962446212769
942,21.62199999999991,378,0.0,True,0.3269648849964142,0.8346765637397766,1.0322284698486328,0.7432709336280823,-0.3449907898902893,0.0008664775329331557,0.008620689312616983,1.0007237692674,0.052176568657159805,6.009619474411011,1.3036487897237141,-0.3449907898902893,1.3138874769210815,-3.810845136642456,5.5701189041137695,5.953538417816162,1.9645501375198364,6.29852819442749,1.3049414157867432,0.5527090430259705
943,21.62599999999995,374,0.0,True,0.2268616408109665,0.7479317784309387,1.261863350868225,0.5995656251907349,-0.17696577310562134,0.033643269600967564,0.12249228358268738,0.97938205798467,0.17235781252384186,5.068759361902873,2.0477774143218994,-0.17696577310562134,1.2837576866149902,-3.2820026874542236,5.4593048095703125,5.217909812927246,2.448151111602783,5.394875526428223,2.249992847442627,0.7250272631645203
944,21.849000000000018,151,0.0,True,-0.3996492624282837,0.8076712489128113,0.9215925931930542,0.003264769446104765,0.6503008008003235,0.0021468899600828686,0.0,0.9983159502347311,0.029398467391729355,7.173649311065674,1.7303345203399658,0.6503008008003235,1.664409875869751,-1.8714218139648438,6.705730438232422,7.51859188079834,1.81057608127594,6.868289947509766,1.7534219026565552,0.15494108200073242
945,5.549999999999865,450,0.0,False,0.8976448774337769,0.06106061860918999,1.1814420223236084,0.9269937872886658,-0.9294392466545105,-0.0007578176446259022,0.001953125,1.0021843612194061,0.05068086879327893,5.799846708774567,0.6990784481167793,-0.9294392466545105,0.5485279560089111,-3.866725444793701,0.7330930233001709,5.8366169929504395,1.0883748531341553,6.766056060791016,0.8390457630157471,0.7459959983825684
946,21.572999999999894,427,0.0,True,0.36132773756980896,0.7073194980621338,1.182202696800232,0.7138053178787231,-0.25563979148864746,0.004701016337743827,0.033430232533386776,0.9988010014806475,0.08423481455871037,4.785577637808664,1.3231875726154871,-0.25563979148864746,1.322661280632019,-4.947438716888428,6.116572380065918,4.9392828941345215,1.992104172706604,5.194922924041748,1.3391441106796265,0.5591679811477661
947,21.79399999999998,206,0.0,True,-0.06580349802970886,0.5025887489318848,0.9070594310760498,0.18458381295204163,0.08785262703895569,0.022522837854921818,0.1573660746216774,0.9868306219577789,0.12248173728585243,7.282760977745056,1.8144012689590454,0.08785262703895569,1.4114562273025513,-3.892418622970581,6.239341735839844,7.088820934295654,2.2001845836639404,7.000968933105469,1.7039999961853027,0.5884556770324707
948,21.882000000000012,118,0.0,True,-0.6630111932754517,0.4379042685031891,0.7611330151557922,-0.44482019543647766,0.7236828804016113,4.582107067108154e-06,0.0,1.0004688799381256,0.02989149931818247,8.708442211151123,1.19353586435318,0.7236828804016113,0.9454219341278076,-1.6762443780899048,4.1474103927612305,9.303689956665039,1.4276450872421265,8.58000659942627,1.19804847240448,0.5614582896232605
949,21.737999999999964,262,0.0,True,0.31765785813331604,0.17119306325912476,0.8067957758903503,0.40244758129119873,-0.6440582275390625,-0.0008837126195430755,0.0,1.0013986587524415,0.03110990785062313,8.872381591796875,1.2082906126976014,-0.6440582275390625,0.9550227522850037,-2.8802151679992676,3.6601672172546387,8.282370567321777,1.7335412502288818,8.92642879486084,1.3338520526885986,0.696499764919281
950,5.549999999999862,450,0.0,False,0.9433668255805969,0.005822591483592987,1.2625194787979126,0.945015549659729,-0.5817016959190369,0.012435403419658542,0.119140625,0.9975089877843857,0.14401388820260763,3.4454356729984283,0.5737324878573418,-0.5817016959190369,0.5066808462142944,-3.171489715576172,1.600272297859192,3.5905416011810303,0.919971227645874,4.172243118286133,0.6729398965835571,0.6966663599014282
951,21.773999999999997,226,0.0,True,-0.8091505765914917,3.443119764328003,1.18439781665802,0.911224901676178,0.4112040400505066,0.015924205537885427,0.04940257407724857,0.9896487146615982,0.1049932548776269,5.295865416526794,1.2341796606779099,0.4112040400505066,1.9559215307235718,-1.1665043830871582,8.478008270263672,5.719124794006348,2.190458297729492,5.307919979095459,1.359060287475586,0.20267963409423828
952,21.680000000000003,320,0.0,True,-0.10016484558582306,0.8631371259689331,1.017164945602417,0.33038657903671265,0.10338280349969864,0.0025457067415118216,0.03125,1.0007736444473267,0.0773119404911995,5.023348331451416,1.5976304769515992,0.10338280349969864,1.5171416997909546,-1.2621805667877197,7.904961109161377,5.062106609344482,2.052489757537842,4.958723545074463,1.5089958906173706,0.4536256194114685
953,5.5499999999998675,450,0.0,False,0.47454023361206055,0.48572808504104614,1.256495475769043,0.716147780418396,-0.7434965968132019,-0.0016464301152154803,0.0703125,1.0070029124617577,0.10117510613054037,5.044590055942535,0.5562140643596649,-0.7434965968132019,0.6475123167037964,-2.954653739929199,1.2973130941390991,5.17945671081543,0.9683033227920532,5.922953128814697,0.8546183705329895,0.552829384803772
954,-0.45000000000000034,450,0.0,False,0.822773814201355,0.00455454783514142,1.1197590827941895,0.8239313364028931,-0.8279244303703308,0.01863901922479272,0.20703125,0.999380573630333,0.19713932275772095,4.314283311367035,0.11099942494183779,-0.8279244303703308,0.20086252689361572,-1.1887773275375366,0.25268077850341797,4.207505702972412,0.13407689332962036,5.035430431365967,0.15397357940673828,-1.2443456649780273
955,21.789999999999964,210,0.0,True,-1.2113538980484009,3.1870815753936768,1.0243393182754517,0.38116255402565,0.4927329123020172,0.006304146023467183,0.1041666679084301,1.001812219619751,0.11837792582809925,5.532357215881348,1.2865692973136902,0.4927329123020172,1.7030969858169556,-1.3555445671081543,7.641077041625977,5.824101448059082,2.312025785446167,5.331368923187256,1.2561001777648926,0.45738303661346436
956,9.549999999999903,450,0.0,False,0.11198623478412628,0.13973303139209747,1.015207290649414,0.18083755671977997,-0.22659297287464142,0.02021802286617458,0.064453125,0.9843294993042946,0.08150169998407364,4.414691507816315,1.1296706795692444,-0.22659297287464142,1.028557300567627,-1.6612513065338135,6.416744232177734,4.10645866394043,1.5465810298919678,4.333051681518555,1.0166767835617065,0.5577053427696228
957,21.866000000000035,134,0.0,True,-1.5152370929718018,2.194188117980957,0.8041170835494995,-0.41894716024398804,0.9384819865226746,-0.015140955646832785,0.0,1.017061432202657,0.056628922621409096,6.706282774607341,1.3792835871378581,0.9384819865226746,1.6385200023651123,-2.5521962642669678,5.413755893707275,7.722865581512451,1.4580559730529785,6.784383773803711,1.6174123287200928,-0.26285994052886963
958,21.599999999999923,400,0.0,True,0.27322661876678467,0.16691350936889648,1.1871709823608398,0.35549619793891907,-0.033369675278663635,0.00567811807351453,0.006696428571428571,0.9971031461443219,0.07232382840343884,4.538769994463239,1.5851565088544572,-0.033369675278663635,1.236967921257019,-3.090209722518921,6.677340984344482,4.538074970245361,2.244779348373413,4.571444511413574,1.6110854148864746,0.6963526010513306
959,21.804000000000002,196,0.0,True,0.06618212163448334,0.15243829786777496,0.7362744808197021,0.1416649967432022,0.3169891834259033,-0.002521950751543045,0.015625,1.0033504962921143,0.041053850669413805,7.015264868736267,1.7784309387207031,0.3169891834259033,1.2421135902404785,-1.9459748268127441,5.397275447845459,6.910842418670654,2.0320818424224854,6.59385347366333,1.7262252569198608,0.6263712644577026
960,21.632999999999903,367,0.0,True,0.858956515789032,0.6305145025253296,0.9783411026000977,1.1732354164123535,-0.755764901638031,0.011304110443840424,0.13940602789322534,1.00621098279953,0.21257278819878897,7.188446601231893,1.2306087613105774,-0.755764901638031,1.158436894416809,-2.4882943630218506,4.5624470710754395,7.545275688171387,1.5971816778182983,8.301040649414062,1.4914932250976562,0.47393882274627686
961,21.86900000000002,131,0.0,True,-1.3543918132781982,2.8833796977996826,0.9309476613998413,0.08636708557605743,1.281799077987671,0.005117317972083886,0.0,0.9952132900555929,0.023019449785351753,6.511179765065511,2.5347793896993003,1.281799077987671,1.9272315502166748,-1.5064339637756348,6.332671642303467,7.310103893280029,2.0054233074188232,6.028304576873779,2.277729034423828,0.07646018266677856
962,5.549999999999887,450,0.0,False,0.5938655138015747,0.006737667601555586,1.3023028373718262,0.5959320664405823,-0.5480653643608093,0.0007694636005908251,0.0078125,1.0008316561579704,0.05520443804562092,3.694249927997589,0.9469387233257294,-0.5480653643608093,0.5059264302253723,-4.488206386566162,0.9235315918922424,3.716041326522827,1.212990641593933,4.264106750488281,1.0976866483688354,0.8260358572006226
963,21.74600000000001,254,0.0,True,0.03706672042608261,1.3493897914886475,0.9800114631652832,0.7107815742492676,0.026740847155451775,0.001517576863989234,0.0,0.9991232752799988,0.03276326600462198,6.389641523361206,1.3500918745994568,0.026740847155451775,1.96505606174469,-1.5547544956207275,8.245532989501953,6.497372150421143,2.699573278427124,6.4706315994262695,1.323464274406433,0.47014182806015015
964,21.76399999999996,236,0.0,True,-0.6734710931777954,1.7155965566635132,1.016544222831726,0.1833106428384781,0.30690640211105347,0.004589368123561144,0.030539773404598236,0.9987536817789078,0.07713182549923658,5.0529069900512695,1.9104045629501343,0.30690640211105347,1.542063593864441,-2.6916513442993164,6.72303581237793,5.240378379821777,2.5119998455047607,4.933472156524658,1.9015026092529297,0.6231527328491211
965,21.736000000000004,264,0.0,True,-0.2784911096096039,1.208200454711914,0.9954917430877686,0.32461363077163696,0.06756161153316498,0.017367258667945862,0.0125,0.9848523259162902,0.05873888805508613,6.14163122177124,1.9351192712783813,0.06756161153316498,1.3786612749099731,-1.7806484699249268,6.337104797363281,6.248291969299316,2.0060207843780518,6.18073034286499,1.7756904363632202,0.5276713371276855
966,21.63599999999993,364,0.0,True,0.13609078526496887,1.2362785339355469,1.096656084060669,0.7531333565711975,-0.2601783275604248,0.006388780040045579,0.15104166666666666,1.0055430034796398,0.15965715795755386,5.612784544626872,1.4625565608342488,-0.2601783275604248,1.3342976570129395,-3.382070541381836,6.969944953918457,5.711918830871582,2.0524840354919434,5.972096920013428,1.5677475929260254,0.5773839950561523
967,5.549999999999878,450,0.0,False,-0.5951720476150513,1.4285085201263428,1.2418501377105713,0.11784036457538605,-0.41873547434806824,0.009279147954657674,0.05078125,0.9954602047801018,0.10020142514258623,3.1459061801433563,0.4566657543182373,-0.41873547434806824,0.5795443058013916,-1.7947248220443726,2.676445960998535,3.2767703533172607,0.7590312361717224,3.6955063343048096,0.5400466918945312,0.4170196056365967
968,5.549999999999866,450,0.0,False,0.6746312379837036,0.024955617263913155,1.2711446285247803,0.6858379244804382,-0.5733606219291687,0.008542408933863044,0.076171875,0.9974837303161621,0.1046300008893013,3.829181134700775,0.6171173378825188,-0.5733606219291687,0.5129357576370239,-3.4642648696899414,1.5060690641403198,3.8440518379211426,1.0047156810760498,4.417412281036377,0.7112549543380737,0.7393608093261719
969,21.86800000000001,132,0.0,True,-0.33587750792503357,0.30358919501304626,0.7990164756774902,-0.18488192558288574,1.5508140325546265,-0.015701391423741978,0.0,1.016514539718628,0.030671443790197372,5.117547194163005,1.3482577800750732,1.5508140325546265,1.9769152402877808,-0.8527714014053345,7.348760604858398,6.429429531097412,2.46876859664917,4.878615379333496,1.4013628959655762,0.3587678074836731
970,21.642999999999958,357,0.0,True,0.24410632252693176,0.5333999395370483,1.0595269203186035,0.509746789932251,-0.13841459155082703,0.0020477829966694117,0.0,0.9984502792358398,0.030515057655672233,5.4054083824157715,1.4042635560035706,-0.13841459155082703,1.190564513206482,-2.619943618774414,6.355494022369385,5.4225687980651855,1.9276126623153687,5.560983180999756,1.4258301258087158,0.6185247898101807
971,21.651999999999916,348,0.0,True,-0.19231067597866058,0.9652271866798401,1.2916436195373535,0.28901129961013794,0.35823801159858704,-0.0036244052462279797,0.013020833333333334,1.005895455678304,0.0610176802923282,3.1881664991378784,1.4294475515683491,0.35823801159858704,1.591448426246643,-1.7313514947891235,8.427774429321289,3.2017433643341064,2.40824294090271,2.8435051441192627,1.3746083974838257,0.5632987022399902
972,9.549999999999974,450,0.0,False,-0.11955265700817108,0.26950541138648987,1.3373302221298218,0.013862717896699905,-0.41105905175209045,-0.004350670147687197,0.013671875,1.005587175488472,0.04742460744455457,4.515362411737442,1.5905234664678574,-0.41105905175209045,1.0251682996749878,-2.3671319484710693,5.416469573974609,4.75411319732666,1.8755172491073608,5.165172100067139,1.9365019798278809,0.70122230052948
973,21.861000000000004,139,0.0,True,-1.1239824295043945,1.3822721242904663,0.8805159330368042,-0.43372687697410583,0.8922029137611389,-0.0032086254407962165,0.0,1.0033226410547893,0.012369461823254824,6.569122155507405,1.6002289454142253,0.8922029137611389,1.2691913843154907,-2.505978584289551,5.26725959777832,7.303066730499268,1.7879828214645386,6.410864353179932,1.569362759590149,0.4961194396018982
974,21.842000000000006,158,0.0,True,-0.5759008526802063,0.9804525375366211,0.7708356380462646,-0.08644542098045349,0.797954797744751,-0.0028059318040808043,0.0,1.0031235615412395,0.024212694416443508,6.933478196461995,1.377676010131836,0.797954797744751,1.749434471130371,-1.0119194984436035,6.642417907714844,7.331233978271484,2.673166513442993,6.533278942108154,1.2663369178771973,0.5717046856880188
975,21.748999999999995,251,0.0,True,-0.599270761013031,1.4701507091522217,1.1098252534866333,0.13469476997852325,0.3720581829547882,0.00411220733076334,0.0,0.9973422586917877,0.052481384947896004,5.116080045700073,1.648455411195755,0.3720581829547882,1.6946563720703125,-1.4824342727661133,8.041531562805176,5.167672157287598,2.118445634841919,4.795614242553711,1.5912026166915894,0.36007559299468994
976,5.549999999999876,450,0.0,False,0.5592852830886841,0.002819750225171447,1.3106905221939087,0.5593844652175903,-0.5744886994361877,-0.006457166280597448,0.04296875,1.0097566023468971,0.0795691660605371,3.8086551427841187,0.7101314067840576,-0.5744886994361877,0.3891923129558563,-1.5286438465118408,1.0082815885543823,3.863990545272827,1.1289645433425903,4.438478946685791,0.9236080646514893,0.8811585903167725
977,21.797000000000075,203,0.0,True,-0.013019107282161713,0.46314844489097595,0.7336570024490356,0.21782146394252777,0.07281249761581421,0.0033789804438129067,0.00390625,0.9974965304136276,0.03515149466693401,7.508520841598511,1.0822797268629074,0.07281249761581421,1.593336582183838,-2.4146053791046143,4.844409465789795,7.676300525665283,1.555224895477295,7.603487968444824,1.183201551437378,-0.049611806869506836
978,21.759999999999952,240,0.0,True,-0.2961651086807251,0.70232093334198,1.0023431777954102,0.053993016481399536,0.16385206580162048,-0.000443932949565351,0.0,1.001214623451233,0.03802965162321925,6.153117895126343,2.1545483767986298,0.16385206580162048,1.1696083545684814,-3.138035774230957,4.333975791931152,6.088422775268555,2.6041336059570312,5.9245710372924805,2.078718423843384,0.7982774972915649
979,21.796999999999997,203,0.0,True,0.04157427325844765,0.6893039345741272,0.9694980382919312,0.38525673747062683,0.12487929314374924,-0.015496320091187954,0.08842329680919647,1.0241303145885468,0.12710827216506004,7.063265562057495,1.4697517454624176,0.12487929314374924,1.365822196006775,-2.4178082942962646,5.512258052825928,7.012599468231201,1.930766224861145,6.887720584869385,1.5723814964294434,0.49958664178848267
980,21.71499999999995,285,0.0,True,0.12005891650915146,0.39104557037353516,1.1036748886108398,0.3144780397415161,0.2439185231924057,0.0019310073927044868,0.016918103396892547,1.0028880834579468,0.0945557713508606,4.864824867248535,1.7298154354095459,0.2439185231924057,1.538116455078125,-4.119815349578857,6.552280426025391,4.920389652252197,2.4408419132232666,4.67647123336792,1.6255770921707153,0.6029007434844971
981,21.630999999999986,369,0.0,True,-0.2091318666934967,1.5608257055282593,1.0497972965240479,0.5702311396598816,-0.09135013073682785,0.004526208465298017,0.017219387615720432,0.9983577529589335,0.06563061475753784,5.2028335730234785,1.7105117440223694,-0.09135013073682785,1.2512884140014648,-3.9260385036468506,7.034253120422363,5.249322414398193,2.1453354358673096,5.340672016143799,1.654123306274414,0.6598076820373535
982,9.549999999999924,450,0.0,False,0.17012351751327515,0.042603783309459686,1.0426428318023682,0.19038276374340057,-0.12389616668224335,0.039500573999248445,0.212890625,0.9720171689987183,0.1411604704335332,4.399034380912781,1.8451091796159744,-0.12389616668224335,1.1287633180618286,-2.8649418354034424,7.538112163543701,4.199941635131836,2.133693218231201,4.323837757110596,1.8469001054763794,0.7201393842697144
983,21.848999999999975,151,0.0,True,-0.8122026324272156,1.0435234308242798,0.94899982213974,-0.29138991236686707,1.0314425230026245,0.011541986837983131,0.014492753893136978,0.9908127188682556,0.05885133768121401,5.455227216084798,2.1673499743143716,1.0314425230026245,2.187058687210083,-4.643631935119629,9.352773666381836,6.151521682739258,2.7921950817108154,5.1200785636901855,2.0712406635284424,0.3864790201187134
984,21.757000000000033,243,0.0,True,-0.03517809137701988,1.0412745475769043,0.9507719874382019,0.4845083951950073,-0.00026746836374513805,-0.003400020767003298,0.0,1.0041258931159973,0.03717978624626994,7.09478497505188,2.5838951468467712,-0.00026746836374513805,1.6471394300460815,-2.018927812576294,7.354311943054199,6.953352928161621,2.3586630821228027,6.953619956970215,2.839587926864624,0.5123268961906433
985,21.83,170,0.0,True,-0.5100241303443909,1.3068534135818481,0.9815777540206909,0.14242099225521088,0.4146733582019806,-0.00030188091720143956,0.0,1.0012688239415486,0.04389305536945661,7.035242875417073,1.5531420310338337,0.4146733582019806,1.5206528902053833,-1.4658712148666382,5.988475799560547,7.418220043182373,1.7433347702026367,7.003547191619873,1.5863187313079834,0.23915064334869385
986,21.890000000000036,110,0.0,True,-0.25696998834609985,1.7021733522415161,0.8562159538269043,0.5932604670524597,0.5151964426040649,0.0014572571963071823,0.0,0.9987828135490417,0.019173765555024147,9.656419277191162,1.2624805569648743,0.5151964426040649,1.9699903726577759,-2.2345082759857178,5.9012885093688965,10.04598331451416,1.6734567880630493,9.53078842163086,1.2876787185668945,-0.38579583168029785
987,21.79800000000006,202,0.0,True,0.2899485230445862,0.7293404936790466,1.0021448135375977,0.6536166071891785,-0.2978915274143219,0.00020571891218423843,0.0,1.0017792135477066,0.06010825280100107,9.342214107513428,1.5057274103164673,-0.2978915274143219,1.504012107849121,-2.5890066623687744,3.4753646850585938,8.972626686096191,1.2314573526382446,9.27051830291748,1.639411211013794,-0.4916396141052246
988,5.549999999999882,450,0.0,False,1.2337466478347778,0.03531729802489281,1.2295780181884766,1.2501757144927979,-1.007511019706726,0.02795974025502801,0.171875,0.9848412945866585,0.16043907962739468,5.514738142490387,1.0698252469301224,-1.007511019706726,0.4757319688796997,-2.4722280502319336,0.23988094925880432,5.925300121307373,1.351455569267273,6.932811260223389,1.369621992111206,0.8760858178138733
989,21.692000000000043,308,0.0,True,0.37201032042503357,0.6479498147964478,1.1617536544799805,0.6948234438896179,-0.24027732014656067,-0.0033116539940238,0.16442307829856873,1.0189040184020997,0.19179072380065917,6.402771377563477,1.0152496576309205,-0.24027732014656067,1.2768152952194214,-2.5074355602264404,4.980874061584473,6.3733744621276855,1.3806910514831543,6.613651752471924,1.1621348857879639,0.144808828830719
990,21.923000000000005,77,0.0,True,-1.6713539361953735,1.6604429483413696,0.9942246079444885,-0.8421266674995422,1.9681545495986938,0.011532967910170555,0.04627403989434242,0.9925356507301331,0.08452801033854485,7.485176086425781,0.8914256691932678,1.9681545495986938,1.122313141822815,0.016239643096923828,5.174053192138672,9.168102264404297,1.2509061098098755,7.199947834014893,1.1312507390975952,0.19503188133239746
991,21.87999999999999,120,0.0,True,-1.1014480590820312,2.2543113231658936,1.0344644784927368,0.024673137813806534,1.048790693283081,0.011878328397870064,0.0803571492433548,0.9947286248207092,0.09974802285432816,6.704444885253906,1.8577446341514587,1.048790693283081,1.988957405090332,-1.109218955039978,7.8570661544799805,7.347481727600098,2.1218063831329346,6.2986907958984375,1.7990128993988037,0.12130236625671387
992,21.825000000000024,175,0.0,True,-0.24380485713481903,1.0128748416900635,0.9750121831893921,0.2616575360298157,0.41208186745643616,0.008503227805097898,0.06338652471701305,0.9967345794041952,0.09081168472766876,7.381413459777832,0.9244452118873596,0.41208186745643616,1.8753584623336792,-1.9491136074066162,7.074539661407471,7.297483921051025,2.167234420776367,6.885401725769043,0.8338407278060913,0.2512155771255493
993,21.81700000000003,183,0.0,True,-0.038297202438116074,0.8178958892822266,0.9728801250457764,0.369677871465683,-0.021525397896766663,0.0084912977302641,0.06761363645394643,0.9987581968307495,0.12312844643990199,8.779390017191568,1.312480370203654,-0.021525397896766663,1.2727628946304321,-2.2499425411224365,3.8579986095428467,8.733351707458496,1.7952098846435547,8.754877090454102,1.336687684059143,0.4973512887954712
994,21.866,134,0.0,True,-1.061795949935913,0.8003071546554565,0.9354159235954285,-0.6625778079032898,0.4891907274723053,-0.005306153868635495,0.010416666666666666,1.0060365200042725,0.03369381744414568,8.14569886525472,1.1521067221959431,0.4891907274723053,1.067737102508545,-1.7327064275741577,3.7207765579223633,8.460221290588379,1.5127472877502441,7.9710307121276855,1.147819995880127,0.5018090009689331
995,21.649999999999913,350,0.0,True,0.4443066418170929,0.9319807887077332,1.1711798906326294,0.9091258645057678,-0.5901926159858704,-0.0020529117124776044,0.0026041666666666665,1.0033644636472066,0.050758217150966324,6.488911549250285,1.2979244589805603,-0.5901926159858704,1.1362669467926025,-3.918732166290283,4.216768741607666,6.798580646514893,1.7991079092025757,7.388772964477539,1.1818368434906006,0.6011162996292114
996,21.903,97,0.0,True,-1.578225016593933,2.5959622859954834,0.9350835680961609,-0.28117895126342773,1.3721599578857422,-0.0011330540291965008,0.0,1.0011767148971558,0.00904629216529429,7.853460073471069,1.6204744577407837,1.3721599578857422,1.3109434843063354,-0.1059773713350296,7.45207405090332,9.13398265838623,1.8804394006729126,7.76182222366333,1.692689299583435,0.5139853358268738
997,5.549999999999883,450,0.0,False,0.9957135915756226,0.11227705329656601,1.0544673204421997,1.0507975816726685,-1.0981980562210083,0.027929131407290697,0.123046875,0.9980338737368584,0.25567095074802637,6.3972161412239075,1.2708988785743713,-1.0981980562210083,0.8356391787528992,-7.420909881591797,0.46007755398750305,6.451733589172363,1.2485382556915283,7.54993200302124,1.3393237590789795,0.552045464515686
998,21.808999999999962,191,0.0,True,0.3752802610397339,1.0087674856185913,1.092038631439209,0.8785719871520996,-0.09396424144506454,0.003029465520133575,0.0,0.9974594116210938,0.030873809630672138,7.549681663513184,1.6095284620920818,-0.09396424144506454,1.614635705947876,-6.653735637664795,6.37068510055542,7.518082618713379,2.203341245651245,7.612046718597412,1.6456023454666138,0.46298617124557495
999,-0.45000000000000034,450,0.0,False,1.1190402507781982,0.001534642418846488,1.2762999534606934,1.118531346321106,-0.9681228995323181,0.008802836993709207,0.05078125,0.9958476945757866,0.09438277874141932,4.79723334312439,0.13528766203671694,-0.9681228995323181,0.2895176112651825,-1.4374736547470093,0.31640610098838806,4.975821495056152,0.13671816885471344,5.943944454193115,0.27255627512931824,-3.484327793121338
1000,21.798999999999975,201,0.0,True,0.45395544171333313,0.27134057879447937,0.8719871044158936,0.5887537002563477,0.0074914200231432915,0.0017047255823854357,0.0,0.9986886233091354,0.02542621665634215,7.719118595123291,1.569315642118454,0.0074914200231432915,1.5472148656845093,-3.147686004638672,6.1573333740234375,7.531110763549805,2.0531725883483887,7.523619651794434,1.5765453577041626,0.4321281909942627
